# trace.log — rotated 2026-04-10T22:47:55.472012
- timestamp: 2026-04-10T22:47:55.472904
  session_id: mcp
  event: handoff_initiated
  agent: TestAgent
  task_id: custom_event
  duration_ms: 0
  trust_score: null
  details: "{\"test\": true}"
- timestamp: 2026-04-10T22:47:55.473628
  session_id: mcp
  event: tool_invoked
  agent: mcp
  task_id: gsane_emit_event
  duration_ms: 0
  trust_score: null
  details: "type=session_milestone agent=TestAgent"
- timestamp: 2026-04-10T22:47:55.474437
  session_id: mcp
  event: session_milestone
  agent: TestAgent
  task_id: custom_event
  duration_ms: 0
  trust_score: null
  details: "{\"test\": true}"
- timestamp: 2026-04-10T22:47:58.701180
  session_id: mcp
  event: tool_invoked
  agent: mcp
  task_id: gsane_read_canonical_brief
  duration_ms: 0
  trust_score: null
  details: "canonical human brief"
- timestamp: 2026-04-10T22:47:58.709283
  session_id: mcp
  event: tool_invoked
  agent: mcp
  task_id: gsane_read_active_delivery_contract
  duration_ms: 0
  trust_score: null
  details: "active delivery contract"
- timestamp: 2026-04-10T22:47:58.717243
  session_id: mcp
  event: tool_invoked
  agent: mcp
  task_id: gsane_read_project_snapshot
  duration_ms: 0
  trust_score: null
  details: "canonical project snapshot"
- timestamp: 2026-04-10T22:47:58.746437
  session_id: mcp
  event: tool_invoked
  agent: mcp
  task_id: gsane_fetch_compressed_memory
  duration_ms: 0
  trust_score: null
  details: "query=master"
- timestamp: 2026-04-10T22:47:58.760775
  session_id: mcp
  event: tool_invoked
  agent: mcp
  task_id: gsane_fetch_compressed_memory
  duration_ms: 0
  trust_score: null
  details: "query=xyzzy_query_that_does_not_exist_12345"
- timestamp: 2026-04-10T22:47:58.774454
  session_id: mcp
  event: tool_invoked
  agent: mcp
  task_id: gsane_fetch_compressed_memory
  duration_ms: 0
  trust_score: null
  details: "query=agent"
- timestamp: 2026-04-10T22:47:58.788608
  session_id: mcp
  event: tool_invoked
  agent: mcp
  task_id: gsane_write_session_checkpoint
  duration_ms: 0
  trust_score: null
  details: "exchange=999"
- timestamp: 2026-04-10T22:47:58.791463
  session_id: mcp
  event: tool_invoked
  agent: mcp
  task_id: gsane_write_session_checkpoint
  duration_ms: 0
  trust_score: null
  details: "exchange=998"
- timestamp: 2026-04-10T22:47:58.793625
  session_id: mcp
  event: tool_invoked
  agent: mcp
  task_id: gsane_read_checkpoint
  duration_ms: 0
  trust_score: null
  details: "warm session read"
- timestamp: 2026-04-10T22:47:58.795946
  session_id: mcp
  event: tool_invoked
  agent: mcp
  task_id: gsane_read_checkpoint
  duration_ms: 0
  trust_score: null
  details: "warm session read"
- timestamp: 2026-04-10T22:47:58.798225
  session_id: mcp
  event: tool_invoked
  agent: mcp
  task_id: gsane_route
  duration_ms: 0
  trust_score: null
  details: "query=implement a new feature"
- timestamp: 2026-04-10T22:47:58.822377
  session_id: mcp
  event: tool_invoked
  agent: mcp
  task_id: gsane_route
  duration_ms: 0
  trust_score: null
  details: "query=design a scalable architecture for the API"
- timestamp: 2026-04-10T22:47:58.847867
  session_id: mcp
  event: tool_invoked
  agent: mcp
  task_id: gsane_route
  duration_ms: 0
  trust_score: null
  details: "query=implement this with test-driven development"
- timestamp: 2026-04-10T22:47:58.872573
  session_id: mcp
  event: tool_invoked
  agent: mcp
  task_id: gsane_route
  duration_ms: 0
  trust_score: null
  details: "query=security hardening for auth tokens and filesystem access"
- timestamp: 2026-04-10T22:47:58.882940
  session_id: mcp
  event: tool_invoked
  agent: mcp
  task_id: gsane_route
  duration_ms: 0
  trust_score: null
  details: "query=security review for GSANE MCP sandbox guardrail policy"
- timestamp: 2026-04-10T22:47:58.894945
  session_id: mcp
  event: tool_invoked
  agent: mcp
  task_id: gsane_route
  duration_ms: 0
  trust_score: null
  details: "query=test query"
- timestamp: 2026-04-10T22:47:58.896704
  session_id: mcp
  event: tool_invoked
  agent: mcp
  task_id: gsane_route
  duration_ms: 0
  trust_score: null
  details: "query=test my architecture idea"
- timestamp: 2026-04-10T22:47:58.921296
  session_id: mcp
  event: tool_invoked
  agent: mcp
  task_id: gsane_route
  duration_ms: 0
  trust_score: null
  details: "query=code architecture is broken"
- timestamp: 2026-04-10T22:47:58.945391
  session_id: mcp
  event: tool_invoked
  agent: mcp
  task_id: gsane_route
  duration_ms: 0
  trust_score: null
  details: "query=bonjour, help me"
- timestamp: 2026-04-10T22:47:58.969433
  session_id: mcp
  event: tool_invoked
  agent: mcp
  task_id: gsane_route
  duration_ms: 0
  trust_score: null
  details: "query=implement a new feature"
- timestamp: 2026-04-10T22:47:58.993481
  session_id: mcp
  event: tool_invoked
  agent: mcp
  task_id: gsane_trace_report
  duration_ms: 0
  trust_score: null
  details: ""
- timestamp: 2026-04-10T22:47:59.005390
  session_id: mcp
  event: tool_invoked
  agent: mcp
  task_id: gsane_memory_fetch
  duration_ms: 0
  trust_score: null
  details: "agent=master topic="
- timestamp: 2026-04-10T22:47:59.016112
  session_id: mcp
  event: tool_invoked
  agent: mcp
  task_id: gsane_memory_fetch
  duration_ms: 0
  trust_score: null
  details: "agent=agent_xyz_unknown_12345 topic="
- timestamp: 2026-04-10T22:47:59.026070
  session_id: mcp
  event: tool_invoked
  agent: mcp
  task_id: gsane_memory_fetch
  duration_ms: 0
  trust_score: null
  details: "agent=master topic=leçon"
- timestamp: 2026-04-10T22:47:59.036701
  session_id: mcp
  event: tool_invoked
  agent: mcp
  task_id: gsane_memory_fetch
  duration_ms: 0
  trust_score: null
  details: "agent=..\\master topic="
- timestamp: 2026-04-10T22:47:59.057664
  session_id: mcp
  event: tool_invoked
  agent: mcp
  task_id: gsane_search_memory
  duration_ms: 0
  trust_score: null
  details: "query=agent scope=all"
- timestamp: 2026-04-10T22:47:59.070563
  session_id: mcp
  event: tool_invoked
  agent: mcp
  task_id: gsane_search_memory
  duration_ms: 0
  trust_score: null
  details: "query=xyz_inexistant_99999 scope=all"
- timestamp: 2026-04-10T22:47:59.083378
  session_id: mcp
  event: tool_invoked
  agent: mcp
  task_id: gsane_search_memory
  duration_ms: 0
  trust_score: null
  details: "query=FM- scope=failures"
- timestamp: 2026-04-10T22:47:59.096134
  session_id: mcp
  event: tool_invoked
  agent: mcp
  task_id: gsane_search_memory
  duration_ms: 0
  trust_score: null
  details: "query=DL- scope=decisions"
- timestamp: 2026-04-10T22:47:59.108946
  session_id: mcp
  event: tool_invoked
  agent: mcp
  task_id: gsane_search_memory
  duration_ms: 0
  trust_score: null
  details: "query=Session scope=sessions"
- timestamp: 2026-04-10T22:47:59.121639
  session_id: mcp
  event: tool_invoked
  agent: mcp
  task_id: gsane_search_memory
  duration_ms: 0
  trust_score: null
  details: "query=a scope=all"
- timestamp: 2026-04-10T22:47:59.134617
  session_id: mcp
  event: tool_invoked
  agent: mcp
  task_id: gsane_emit_event
  duration_ms: 0
  trust_score: null
  details: "type=qa_gate_passed agent=Quinn"
- timestamp: 2026-04-10T22:47:59.135484
  session_id: mcp
  event: qa_gate_passed
  agent: Quinn
  task_id: custom_event
  duration_ms: 0
  trust_score: null
  details: "{\"tests\": 155}"
- timestamp: 2026-04-10T22:47:59.136855
  session_id: mcp
  event: tool_invoked
  agent: mcp
  task_id: gsane_emit_event
  duration_ms: 0
  trust_score: null
  details: "type=custom_weird_event agent=TestAgent"
- timestamp: 2026-04-10T22:47:59.137647
  session_id: mcp
  event: custom_weird_event
  agent: TestAgent
  task_id: custom_event
  duration_ms: 0
  trust_score: null
  details: "{\"foo\": \"bar\"}"
- timestamp: 2026-04-10T22:47:59.139051
  session_id: mcp
  event: tool_invoked
  agent: mcp
  task_id: gsane_emit_event
  duration_ms: 0
  trust_score: null
  details: "type=session_milestone agent=Langis"
- timestamp: 2026-04-10T22:47:59.140235
  session_id: mcp
  event: session_milestone
  agent: Langis
  task_id: P5-C-test
  duration_ms: 0
  trust_score: null
  details: "{\"milestone\": \"P5-test\"}"
- timestamp: 2026-04-10T22:47:59.157432
  session_id: mcp
  event: tool_invoked
  agent: mcp
  task_id: gsane_emit_event
  duration_ms: 0
  trust_score: null
  details: "type=delivery_contract_created agent=Langis"
- timestamp: 2026-04-10T22:47:59.158263
  session_id: mcp
  event: delivery_contract_created
  agent: Langis
  task_id: DC-TEST-001
  duration_ms: 0
  trust_score: null
  details: "{}"
- timestamp: 2026-04-10T22:47:59.159705
  session_id: mcp
  event: tool_invoked
  agent: mcp
  task_id: gsane_emit_event
  duration_ms: 0
  trust_score: null
  details: "type=qa_gate_passed agent=Quinn"
- timestamp: 2026-04-10T22:47:59.160527
  session_id: mcp
  event: qa_gate_passed
  agent: Quinn
  task_id: custom_event
  duration_ms: 0
  trust_score: null
  details: "{}"
- timestamp: 2026-04-10T22:47:59.161921
  session_id: mcp
  event: tool_invoked
  agent: mcp
  task_id: gsane_emit_event
  duration_ms: 0
  trust_score: null
  details: "type=delivery_contract_created agent=TestAgent"
- timestamp: 2026-04-10T22:47:59.162738
  session_id: mcp
  event: delivery_contract_created
  agent: TestAgent
  task_id: custom_event
  duration_ms: 0
  trust_score: null
  details: "{\"test\": true}"
- timestamp: 2026-04-10T22:47:59.163615
  session_id: mcp
  event: tool_invoked
  agent: mcp
  task_id: gsane_emit_event
  duration_ms: 0
  trust_score: null
  details: "type=delivery_contract_approved agent=TestAgent"
- timestamp: 2026-04-10T22:47:59.164436
  session_id: mcp
  event: delivery_contract_approved
  agent: TestAgent
  task_id: custom_event
  duration_ms: 0
  trust_score: null
  details: "{\"test\": true}"
- timestamp: 2026-04-10T22:47:59.165160
  session_id: mcp
  event: tool_invoked
  agent: mcp
  task_id: gsane_emit_event
  duration_ms: 0
  trust_score: null
  details: "type=qa_gate_passed agent=TestAgent"
- timestamp: 2026-04-10T22:47:59.166006
  session_id: mcp
  event: qa_gate_passed
  agent: TestAgent
  task_id: custom_event
  duration_ms: 0
  trust_score: null
  details: "{\"test\": true}"
- timestamp: 2026-04-10T22:47:59.166715
  session_id: mcp
  event: tool_invoked
  agent: mcp
  task_id: gsane_emit_event
  duration_ms: 0
  trust_score: null
  details: "type=qa_gate_failed agent=TestAgent"
- timestamp: 2026-04-10T22:47:59.167544
  session_id: mcp
  event: qa_gate_failed
  agent: TestAgent
  task_id: custom_event
  duration_ms: 0
  trust_score: null
  details: "{\"test\": true}"
- timestamp: 2026-04-10T22:47:59.168258
  session_id: mcp
  event: tool_invoked
  agent: mcp
  task_id: gsane_emit_event
  duration_ms: 0
  trust_score: null
  details: "type=handoff_initiated agent=TestAgent"
- timestamp: 2026-04-10T22:47:59.169069
  session_id: mcp
  event: handoff_initiated
  agent: TestAgent
  task_id: custom_event
  duration_ms: 0
  trust_score: null
  details: "{\"test\": true}"
- timestamp: 2026-04-10T22:47:59.169781
  session_id: mcp
  event: tool_invoked
  agent: mcp
  task_id: gsane_emit_event
  duration_ms: 0
  trust_score: null
  details: "type=session_milestone agent=TestAgent"
- timestamp: 2026-04-10T22:47:59.170805
  session_id: mcp
  event: session_milestone
  agent: TestAgent
  task_id: custom_event
  duration_ms: 0
  trust_score: null
  details: "{\"test\": true}"
- timestamp: 2026-04-10T22:48:16.051858
  session_id: mcp
  event: tool_invoked
  agent: mcp
  task_id: gsane_read_canonical_brief
  duration_ms: 0
  trust_score: null
  details: "canonical human brief"
- timestamp: 2026-04-10T22:48:16.060134
  session_id: mcp
  event: tool_invoked
  agent: mcp
  task_id: gsane_read_active_delivery_contract
  duration_ms: 0
  trust_score: null
  details: "active delivery contract"
- timestamp: 2026-04-10T22:48:16.068485
  session_id: mcp
  event: tool_invoked
  agent: mcp
  task_id: gsane_read_project_snapshot
  duration_ms: 0
  trust_score: null
  details: "canonical project snapshot"
- timestamp: 2026-04-10T22:48:16.098310
  session_id: mcp
  event: tool_invoked
  agent: mcp
  task_id: gsane_fetch_compressed_memory
  duration_ms: 0
  trust_score: null
  details: "query=master"
- timestamp: 2026-04-10T22:48:16.112070
  session_id: mcp
  event: tool_invoked
  agent: mcp
  task_id: gsane_fetch_compressed_memory
  duration_ms: 0
  trust_score: null
  details: "query=xyzzy_query_that_does_not_exist_12345"
- timestamp: 2026-04-10T22:48:16.125473
  session_id: mcp
  event: tool_invoked
  agent: mcp
  task_id: gsane_fetch_compressed_memory
  duration_ms: 0
  trust_score: null
  details: "query=agent"
- timestamp: 2026-04-10T22:48:16.139096
  session_id: mcp
  event: tool_invoked
  agent: mcp
  task_id: gsane_write_session_checkpoint
  duration_ms: 0
  trust_score: null
  details: "exchange=999"
- timestamp: 2026-04-10T22:48:16.142123
  session_id: mcp
  event: tool_invoked
  agent: mcp
  task_id: gsane_write_session_checkpoint
  duration_ms: 0
  trust_score: null
  details: "exchange=998"
- timestamp: 2026-04-10T22:48:16.144300
  session_id: mcp
  event: tool_invoked
  agent: mcp
  task_id: gsane_read_checkpoint
  duration_ms: 0
  trust_score: null
  details: "warm session read"
- timestamp: 2026-04-10T22:48:16.146710
  session_id: mcp
  event: tool_invoked
  agent: mcp
  task_id: gsane_read_checkpoint
  duration_ms: 0
  trust_score: null
  details: "warm session read"
- timestamp: 2026-04-10T22:48:16.149254
  session_id: mcp
  event: tool_invoked
  agent: mcp
  task_id: gsane_route
  duration_ms: 0
  trust_score: null
  details: "query=implement a new feature"
- timestamp: 2026-04-10T22:48:16.173271
  session_id: mcp
  event: tool_invoked
  agent: mcp
  task_id: gsane_route
  duration_ms: 0
  trust_score: null
  details: "query=design a scalable architecture for the API"
- timestamp: 2026-04-10T22:48:16.197581
  session_id: mcp
  event: tool_invoked
  agent: mcp
  task_id: gsane_route
  duration_ms: 0
  trust_score: null
  details: "query=implement this with test-driven development"
- timestamp: 2026-04-10T22:48:16.221315
  session_id: mcp
  event: tool_invoked
  agent: mcp
  task_id: gsane_route
  duration_ms: 0
  trust_score: null
  details: "query=security hardening for auth tokens and filesystem access"
- timestamp: 2026-04-10T22:48:16.231671
  session_id: mcp
  event: tool_invoked
  agent: mcp
  task_id: gsane_route
  duration_ms: 0
  trust_score: null
  details: "query=security review for GSANE MCP sandbox guardrail policy"
- timestamp: 2026-04-10T22:48:16.243387
  session_id: mcp
  event: tool_invoked
  agent: mcp
  task_id: gsane_route
  duration_ms: 0
  trust_score: null
  details: "query=test query"
- timestamp: 2026-04-10T22:48:16.245202
  session_id: mcp
  event: tool_invoked
  agent: mcp
  task_id: gsane_route
  duration_ms: 0
  trust_score: null
  details: "query=test my architecture idea"
- timestamp: 2026-04-10T22:48:16.269085
  session_id: mcp
  event: tool_invoked
  agent: mcp
  task_id: gsane_route
  duration_ms: 0
  trust_score: null
  details: "query=code architecture is broken"
- timestamp: 2026-04-10T22:48:16.293041
  session_id: mcp
  event: tool_invoked
  agent: mcp
  task_id: gsane_route
  duration_ms: 0
  trust_score: null
  details: "query=bonjour, help me"
- timestamp: 2026-04-10T22:48:16.317090
  session_id: mcp
  event: tool_invoked
  agent: mcp
  task_id: gsane_route
  duration_ms: 0
  trust_score: null
  details: "query=implement a new feature"
- timestamp: 2026-04-10T22:48:16.342360
  session_id: mcp
  event: tool_invoked
  agent: mcp
  task_id: gsane_trace_report
  duration_ms: 0
  trust_score: null
  details: ""
- timestamp: 2026-04-10T22:48:16.374396
  session_id: mcp
  event: tool_invoked
  agent: mcp
  task_id: gsane_memory_fetch
  duration_ms: 0
  trust_score: null
  details: "agent=master topic="
- timestamp: 2026-04-10T22:48:16.385420
  session_id: mcp
  event: tool_invoked
  agent: mcp
  task_id: gsane_memory_fetch
  duration_ms: 0
  trust_score: null
  details: "agent=agent_xyz_unknown_12345 topic="
- timestamp: 2026-04-10T22:48:16.395521
  session_id: mcp
  event: tool_invoked
  agent: mcp
  task_id: gsane_memory_fetch
  duration_ms: 0
  trust_score: null
  details: "agent=master topic=leçon"
- timestamp: 2026-04-10T22:48:16.406222
  session_id: mcp
  event: tool_invoked
  agent: mcp
  task_id: gsane_memory_fetch
  duration_ms: 0
  trust_score: null
  details: "agent=..\\master topic="
- timestamp: 2026-04-10T22:48:16.446924
  session_id: mcp
  event: tool_invoked
  agent: mcp
  task_id: gsane_search_memory
  duration_ms: 0
  trust_score: null
  details: "query=agent scope=all"
- timestamp: 2026-04-10T22:48:16.460466
  session_id: mcp
  event: tool_invoked
  agent: mcp
  task_id: gsane_search_memory
  duration_ms: 0
  trust_score: null
  details: "query=xyz_inexistant_99999 scope=all"
- timestamp: 2026-04-10T22:48:16.474088
  session_id: mcp
  event: tool_invoked
  agent: mcp
  task_id: gsane_search_memory
  duration_ms: 0
  trust_score: null
  details: "query=FM- scope=failures"
- timestamp: 2026-04-10T22:48:16.487418
  session_id: mcp
  event: tool_invoked
  agent: mcp
  task_id: gsane_search_memory
  duration_ms: 0
  trust_score: null
  details: "query=DL- scope=decisions"
- timestamp: 2026-04-10T22:48:16.501277
  session_id: mcp
  event: tool_invoked
  agent: mcp
  task_id: gsane_search_memory
  duration_ms: 0
  trust_score: null
  details: "query=Session scope=sessions"
- timestamp: 2026-04-10T22:48:16.514573
  session_id: mcp
  event: tool_invoked
  agent: mcp
  task_id: gsane_search_memory
  duration_ms: 0
  trust_score: null
  details: "query=a scope=all"
- timestamp: 2026-04-10T22:48:16.527995
  session_id: mcp
  event: tool_invoked
  agent: mcp
  task_id: gsane_emit_event
  duration_ms: 0
  trust_score: null
  details: "type=qa_gate_passed agent=Quinn"
- timestamp: 2026-04-10T22:48:16.528918
  session_id: mcp
  event: qa_gate_passed
  agent: Quinn
  task_id: custom_event
  duration_ms: 0
  trust_score: null
  details: "{\"tests\": 155}"
- timestamp: 2026-04-10T22:48:16.530418
  session_id: mcp
  event: tool_invoked
  agent: mcp
  task_id: gsane_emit_event
  duration_ms: 0
  trust_score: null
  details: "type=custom_weird_event agent=TestAgent"
- timestamp: 2026-04-10T22:48:16.531248
  session_id: mcp
  event: custom_weird_event
  agent: TestAgent
  task_id: custom_event
  duration_ms: 0
  trust_score: null
  details: "{\"foo\": \"bar\"}"
- timestamp: 2026-04-10T22:48:16.532709
  session_id: mcp
  event: tool_invoked
  agent: mcp
  task_id: gsane_emit_event
  duration_ms: 0
  trust_score: null
  details: "type=session_milestone agent=Langis"
- timestamp: 2026-04-10T22:48:16.533525
  session_id: mcp
  event: session_milestone
  agent: Langis
  task_id: P5-C-test
  duration_ms: 0
  trust_score: null
  details: "{\"milestone\": \"P5-test\"}"
- timestamp: 2026-04-10T22:48:16.570463
  session_id: mcp
  event: tool_invoked
  agent: mcp
  task_id: gsane_emit_event
  duration_ms: 0
  trust_score: null
  details: "type=delivery_contract_created agent=Langis"
- timestamp: 2026-04-10T22:48:16.571360
  session_id: mcp
  event: delivery_contract_created
  agent: Langis
  task_id: DC-TEST-001
  duration_ms: 0
  trust_score: null
  details: "{}"
- timestamp: 2026-04-10T22:48:16.573269
  session_id: mcp
  event: tool_invoked
  agent: mcp
  task_id: gsane_emit_event
  duration_ms: 0
  trust_score: null
  details: "type=qa_gate_passed agent=Quinn"
- timestamp: 2026-04-10T22:48:16.574611
  session_id: mcp
  event: qa_gate_passed
  agent: Quinn
  task_id: custom_event
  duration_ms: 0
  trust_score: null
  details: "{}"
- timestamp: 2026-04-10T22:48:16.576401
  session_id: mcp
  event: tool_invoked
  agent: mcp
  task_id: gsane_emit_event
  duration_ms: 0
  trust_score: null
  details: "type=delivery_contract_created agent=TestAgent"
- timestamp: 2026-04-10T22:48:16.577337
  session_id: mcp
  event: delivery_contract_created
  agent: TestAgent
  task_id: custom_event
  duration_ms: 0
  trust_score: null
  details: "{\"test\": true}"
- timestamp: 2026-04-10T22:48:16.578070
  session_id: mcp
  event: tool_invoked
  agent: mcp
  task_id: gsane_emit_event
  duration_ms: 0
  trust_score: null
  details: "type=delivery_contract_approved agent=TestAgent"
- timestamp: 2026-04-10T22:48:16.578937
  session_id: mcp
  event: delivery_contract_approved
  agent: TestAgent
  task_id: custom_event
  duration_ms: 0
  trust_score: null
  details: "{\"test\": true}"
- timestamp: 2026-04-10T22:48:16.579648
  session_id: mcp
  event: tool_invoked
  agent: mcp
  task_id: gsane_emit_event
  duration_ms: 0
  trust_score: null
  details: "type=qa_gate_passed agent=TestAgent"
- timestamp: 2026-04-10T22:48:16.580433
  session_id: mcp
  event: qa_gate_passed
  agent: TestAgent
  task_id: custom_event
  duration_ms: 0
  trust_score: null
  details: "{\"test\": true}"
- timestamp: 2026-04-10T22:48:16.581139
  session_id: mcp
  event: tool_invoked
  agent: mcp
  task_id: gsane_emit_event
  duration_ms: 0
  trust_score: null
  details: "type=qa_gate_failed agent=TestAgent"
- timestamp: 2026-04-10T22:48:16.582015
  session_id: mcp
  event: qa_gate_failed
  agent: TestAgent
  task_id: custom_event
  duration_ms: 0
  trust_score: null
  details: "{\"test\": true}"
- timestamp: 2026-04-10T22:48:16.582770
  session_id: mcp
  event: tool_invoked
  agent: mcp
  task_id: gsane_emit_event
  duration_ms: 0
  trust_score: null
  details: "type=handoff_initiated agent=TestAgent"
- timestamp: 2026-04-10T22:48:16.583653
  session_id: mcp
  event: handoff_initiated
  agent: TestAgent
  task_id: custom_event
  duration_ms: 0
  trust_score: null
  details: "{\"test\": true}"
- timestamp: 2026-04-10T22:48:16.584538
  session_id: mcp
  event: tool_invoked
  agent: mcp
  task_id: gsane_emit_event
  duration_ms: 0
  trust_score: null
  details: "type=session_milestone agent=TestAgent"
- timestamp: 2026-04-10T22:48:16.585405
  session_id: mcp
  event: session_milestone
  agent: TestAgent
  task_id: custom_event
  duration_ms: 0
  trust_score: null
  details: "{\"test\": true}"
- timestamp: 2026-04-10T22:48:19.412926
  session_id: mcp
  event: tool_invoked
  agent: mcp
  task_id: gsane_read_canonical_brief
  duration_ms: 0
  trust_score: null
  details: "canonical human brief"
- timestamp: 2026-04-10T22:48:19.421306
  session_id: mcp
  event: tool_invoked
  agent: mcp
  task_id: gsane_read_active_delivery_contract
  duration_ms: 0
  trust_score: null
  details: "active delivery contract"
- timestamp: 2026-04-10T22:48:19.429598
  session_id: mcp
  event: tool_invoked
  agent: mcp
  task_id: gsane_read_project_snapshot
  duration_ms: 0
  trust_score: null
  details: "canonical project snapshot"
- timestamp: 2026-04-10T22:48:19.458651
  session_id: mcp
  event: tool_invoked
  agent: mcp
  task_id: gsane_fetch_compressed_memory
  duration_ms: 0
  trust_score: null
  details: "query=master"
- timestamp: 2026-04-10T22:48:19.473076
  session_id: mcp
  event: tool_invoked
  agent: mcp
  task_id: gsane_fetch_compressed_memory
  duration_ms: 0
  trust_score: null
  details: "query=xyzzy_query_that_does_not_exist_12345"
- timestamp: 2026-04-10T22:48:19.486878
  session_id: mcp
  event: tool_invoked
  agent: mcp
  task_id: gsane_fetch_compressed_memory
  duration_ms: 0
  trust_score: null
  details: "query=agent"
- timestamp: 2026-04-10T22:48:19.500582
  session_id: mcp
  event: tool_invoked
  agent: mcp
  task_id: gsane_write_session_checkpoint
  duration_ms: 0
  trust_score: null
  details: "exchange=999"
- timestamp: 2026-04-10T22:48:19.503498
  session_id: mcp
  event: tool_invoked
  agent: mcp
  task_id: gsane_write_session_checkpoint
  duration_ms: 0
  trust_score: null
  details: "exchange=998"
- timestamp: 2026-04-10T22:48:19.505663
  session_id: mcp
  event: tool_invoked
  agent: mcp
  task_id: gsane_read_checkpoint
  duration_ms: 0
  trust_score: null
  details: "warm session read"
- timestamp: 2026-04-10T22:48:19.508289
  session_id: mcp
  event: tool_invoked
  agent: mcp
  task_id: gsane_read_checkpoint
  duration_ms: 0
  trust_score: null
  details: "warm session read"
- timestamp: 2026-04-10T22:48:19.510907
  session_id: mcp
  event: tool_invoked
  agent: mcp
  task_id: gsane_route
  duration_ms: 0
  trust_score: null
  details: "query=implement a new feature"
- timestamp: 2026-04-10T22:48:19.534988
  session_id: mcp
  event: tool_invoked
  agent: mcp
  task_id: gsane_route
  duration_ms: 0
  trust_score: null
  details: "query=design a scalable architecture for the API"
- timestamp: 2026-04-10T22:48:19.559264
  session_id: mcp
  event: tool_invoked
  agent: mcp
  task_id: gsane_route
  duration_ms: 0
  trust_score: null
  details: "query=implement this with test-driven development"
- timestamp: 2026-04-10T22:48:19.584238
  session_id: mcp
  event: tool_invoked
  agent: mcp
  task_id: gsane_route
  duration_ms: 0
  trust_score: null
  details: "query=security hardening for auth tokens and filesystem access"
- timestamp: 2026-04-10T22:48:19.595008
  session_id: mcp
  event: tool_invoked
  agent: mcp
  task_id: gsane_route
  duration_ms: 0
  trust_score: null
  details: "query=security review for GSANE MCP sandbox guardrail policy"
- timestamp: 2026-04-10T22:48:19.607109
  session_id: mcp
  event: tool_invoked
  agent: mcp
  task_id: gsane_route
  duration_ms: 0
  trust_score: null
  details: "query=test query"
- timestamp: 2026-04-10T22:48:19.608903
  session_id: mcp
  event: tool_invoked
  agent: mcp
  task_id: gsane_route
  duration_ms: 0
  trust_score: null
  details: "query=test my architecture idea"
- timestamp: 2026-04-10T22:48:19.633212
  session_id: mcp
  event: tool_invoked
  agent: mcp
  task_id: gsane_route
  duration_ms: 0
  trust_score: null
  details: "query=code architecture is broken"
- timestamp: 2026-04-10T22:48:19.657812
  session_id: mcp
  event: tool_invoked
  agent: mcp
  task_id: gsane_route
  duration_ms: 0
  trust_score: null
  details: "query=bonjour, help me"
- timestamp: 2026-04-10T22:48:19.682538
  session_id: mcp
  event: tool_invoked
  agent: mcp
  task_id: gsane_route
  duration_ms: 0
  trust_score: null
  details: "query=implement a new feature"
- timestamp: 2026-04-10T22:48:19.707949
  session_id: mcp
  event: tool_invoked
  agent: mcp
  task_id: gsane_trace_report
  duration_ms: 0
  trust_score: null
  details: ""
- timestamp: 2026-04-10T22:48:19.773055
  session_id: mcp
  event: tool_invoked
  agent: mcp
  task_id: gsane_memory_fetch
  duration_ms: 0
  trust_score: null
  details: "agent=master topic="
- timestamp: 2026-04-10T22:48:19.784006
  session_id: mcp
  event: tool_invoked
  agent: mcp
  task_id: gsane_memory_fetch
  duration_ms: 0
  trust_score: null
  details: "agent=agent_xyz_unknown_12345 topic="
- timestamp: 2026-04-10T22:48:19.794473
  session_id: mcp
  event: tool_invoked
  agent: mcp
  task_id: gsane_memory_fetch
  duration_ms: 0
  trust_score: null
  details: "agent=master topic=leçon"
- timestamp: 2026-04-10T22:48:19.805741
  session_id: mcp
  event: tool_invoked
  agent: mcp
  task_id: gsane_memory_fetch
  duration_ms: 0
  trust_score: null
  details: "agent=..\\master topic="
- timestamp: 2026-04-10T22:48:19.866888
  session_id: mcp
  event: tool_invoked
  agent: mcp
  task_id: gsane_search_memory
  duration_ms: 0
  trust_score: null
  details: "query=agent scope=all"
- timestamp: 2026-04-10T22:48:19.880121
  session_id: mcp
  event: tool_invoked
  agent: mcp
  task_id: gsane_search_memory
  duration_ms: 0
  trust_score: null
  details: "query=xyz_inexistant_99999 scope=all"
- timestamp: 2026-04-10T22:48:19.893392
  session_id: mcp
  event: tool_invoked
  agent: mcp
  task_id: gsane_search_memory
  duration_ms: 0
  trust_score: null
  details: "query=FM- scope=failures"
- timestamp: 2026-04-10T22:48:19.906595
  session_id: mcp
  event: tool_invoked
  agent: mcp
  task_id: gsane_search_memory
  duration_ms: 0
  trust_score: null
  details: "query=DL- scope=decisions"
- timestamp: 2026-04-10T22:48:19.919938
  session_id: mcp
  event: tool_invoked
  agent: mcp
  task_id: gsane_search_memory
  duration_ms: 0
  trust_score: null
  details: "query=Session scope=sessions"
- timestamp: 2026-04-10T22:48:19.933126
  session_id: mcp
  event: tool_invoked
  agent: mcp
  task_id: gsane_search_memory
  duration_ms: 0
  trust_score: null
  details: "query=a scope=all"
- timestamp: 2026-04-10T22:48:19.946468
  session_id: mcp
  event: tool_invoked
  agent: mcp
  task_id: gsane_emit_event
  duration_ms: 0
  trust_score: null
  details: "type=qa_gate_passed agent=Quinn"
- timestamp: 2026-04-10T22:48:19.947323
  session_id: mcp
  event: qa_gate_passed
  agent: Quinn
  task_id: custom_event
  duration_ms: 0
  trust_score: null
  details: "{\"tests\": 155}"
- timestamp: 2026-04-10T22:48:19.948801
  session_id: mcp
  event: tool_invoked
  agent: mcp
  task_id: gsane_emit_event
  duration_ms: 0
  trust_score: null
  details: "type=custom_weird_event agent=TestAgent"
- timestamp: 2026-04-10T22:48:19.949616
  session_id: mcp
  event: custom_weird_event
  agent: TestAgent
  task_id: custom_event
  duration_ms: 0
  trust_score: null
  details: "{\"foo\": \"bar\"}"
- timestamp: 2026-04-10T22:48:19.951174
  session_id: mcp
  event: tool_invoked
  agent: mcp
  task_id: gsane_emit_event
  duration_ms: 0
  trust_score: null
  details: "type=session_milestone agent=Langis"
- timestamp: 2026-04-10T22:48:19.952026
  session_id: mcp
  event: session_milestone
  agent: Langis
  task_id: P5-C-test
  duration_ms: 0
  trust_score: null
  details: "{\"milestone\": \"P5-test\"}"
- timestamp: 2026-04-10T22:48:20.009329
  session_id: mcp
  event: tool_invoked
  agent: mcp
  task_id: gsane_emit_event
  duration_ms: 0
  trust_score: null
  details: "type=delivery_contract_created agent=Langis"
- timestamp: 2026-04-10T22:48:20.010219
  session_id: mcp
  event: delivery_contract_created
  agent: Langis
  task_id: DC-TEST-001
  duration_ms: 0
  trust_score: null
  details: "{}"
- timestamp: 2026-04-10T22:48:20.011932
  session_id: mcp
  event: tool_invoked
  agent: mcp
  task_id: gsane_emit_event
  duration_ms: 0
  trust_score: null
  details: "type=qa_gate_passed agent=Quinn"
- timestamp: 2026-04-10T22:48:20.012745
  session_id: mcp
  event: qa_gate_passed
  agent: Quinn
  task_id: custom_event
  duration_ms: 0
  trust_score: null
  details: "{}"
- timestamp: 2026-04-10T22:48:20.014317
  session_id: mcp
  event: tool_invoked
  agent: mcp
  task_id: gsane_emit_event
  duration_ms: 0
  trust_score: null
  details: "type=delivery_contract_created agent=TestAgent"
- timestamp: 2026-04-10T22:48:20.015143
  session_id: mcp
  event: delivery_contract_created
  agent: TestAgent
  task_id: custom_event
  duration_ms: 0
  trust_score: null
  details: "{\"test\": true}"
- timestamp: 2026-04-10T22:48:20.015852
  session_id: mcp
  event: tool_invoked
  agent: mcp
  task_id: gsane_emit_event
  duration_ms: 0
  trust_score: null
  details: "type=delivery_contract_approved agent=TestAgent"
- timestamp: 2026-04-10T22:48:20.016664
  session_id: mcp
  event: delivery_contract_approved
  agent: TestAgent
  task_id: custom_event
  duration_ms: 0
  trust_score: null
  details: "{\"test\": true}"
- timestamp: 2026-04-10T22:48:20.017376
  session_id: mcp
  event: tool_invoked
  agent: mcp
  task_id: gsane_emit_event
  duration_ms: 0
  trust_score: null
  details: "type=qa_gate_passed agent=TestAgent"
- timestamp: 2026-04-10T22:48:20.018172
  session_id: mcp
  event: qa_gate_passed
  agent: TestAgent
  task_id: custom_event
  duration_ms: 0
  trust_score: null
  details: "{\"test\": true}"
- timestamp: 2026-04-10T22:48:20.018888
  session_id: mcp
  event: tool_invoked
  agent: mcp
  task_id: gsane_emit_event
  duration_ms: 0
  trust_score: null
  details: "type=qa_gate_failed agent=TestAgent"
- timestamp: 2026-04-10T22:48:20.019704
  session_id: mcp
  event: qa_gate_failed
  agent: TestAgent
  task_id: custom_event
  duration_ms: 0
  trust_score: null
  details: "{\"test\": true}"
- timestamp: 2026-04-10T22:48:20.020432
  session_id: mcp
  event: tool_invoked
  agent: mcp
  task_id: gsane_emit_event
  duration_ms: 0
  trust_score: null
  details: "type=handoff_initiated agent=TestAgent"
- timestamp: 2026-04-10T22:48:20.021266
  session_id: mcp
  event: handoff_initiated
  agent: TestAgent
  task_id: custom_event
  duration_ms: 0
  trust_score: null
  details: "{\"test\": true}"
- timestamp: 2026-04-10T22:48:20.021999
  session_id: mcp
  event: tool_invoked
  agent: mcp
  task_id: gsane_emit_event
  duration_ms: 0
  trust_score: null
  details: "type=session_milestone agent=TestAgent"
- timestamp: 2026-04-10T22:48:20.022848
  session_id: mcp
  event: session_milestone
  agent: TestAgent
  task_id: custom_event
  duration_ms: 0
  trust_score: null
  details: "{\"test\": true}"
- timestamp: 2026-04-10T22:48:34.054474
  session_id: mcp
  event: tool_invoked
  agent: mcp
  task_id: gsane_read_canonical_brief
  duration_ms: 0
  trust_score: null
  details: "canonical human brief"
- timestamp: 2026-04-10T22:48:34.062426
  session_id: mcp
  event: tool_invoked
  agent: mcp
  task_id: gsane_read_active_delivery_contract
  duration_ms: 0
  trust_score: null
  details: "active delivery contract"
- timestamp: 2026-04-10T22:48:34.070510
  session_id: mcp
  event: tool_invoked
  agent: mcp
  task_id: gsane_read_project_snapshot
  duration_ms: 0
  trust_score: null
  details: "canonical project snapshot"
- timestamp: 2026-04-10T22:48:34.099635
  session_id: mcp
  event: tool_invoked
  agent: mcp
  task_id: gsane_fetch_compressed_memory
  duration_ms: 0
  trust_score: null
  details: "query=master"
- timestamp: 2026-04-10T22:48:34.113961
  session_id: mcp
  event: tool_invoked
  agent: mcp
  task_id: gsane_fetch_compressed_memory
  duration_ms: 0
  trust_score: null
  details: "query=xyzzy_query_that_does_not_exist_12345"
- timestamp: 2026-04-10T22:48:34.127395
  session_id: mcp
  event: tool_invoked
  agent: mcp
  task_id: gsane_fetch_compressed_memory
  duration_ms: 0
  trust_score: null
  details: "query=agent"
- timestamp: 2026-04-10T22:48:34.141346
  session_id: mcp
  event: tool_invoked
  agent: mcp
  task_id: gsane_write_session_checkpoint
  duration_ms: 0
  trust_score: null
  details: "exchange=999"
- timestamp: 2026-04-10T22:48:34.144346
  session_id: mcp
  event: tool_invoked
  agent: mcp
  task_id: gsane_write_session_checkpoint
  duration_ms: 0
  trust_score: null
  details: "exchange=998"
- timestamp: 2026-04-10T22:48:34.146577
  session_id: mcp
  event: tool_invoked
  agent: mcp
  task_id: gsane_read_checkpoint
  duration_ms: 0
  trust_score: null
  details: "warm session read"
- timestamp: 2026-04-10T22:48:34.148884
  session_id: mcp
  event: tool_invoked
  agent: mcp
  task_id: gsane_read_checkpoint
  duration_ms: 0
  trust_score: null
  details: "warm session read"
- timestamp: 2026-04-10T22:48:34.151096
  session_id: mcp
  event: tool_invoked
  agent: mcp
  task_id: gsane_route
  duration_ms: 0
  trust_score: null
  details: "query=implement a new feature"
- timestamp: 2026-04-10T22:48:34.175410
  session_id: mcp
  event: tool_invoked
  agent: mcp
  task_id: gsane_route
  duration_ms: 0
  trust_score: null
  details: "query=design a scalable architecture for the API"
- timestamp: 2026-04-10T22:48:34.199629
  session_id: mcp
  event: tool_invoked
  agent: mcp
  task_id: gsane_route
  duration_ms: 0
  trust_score: null
  details: "query=implement this with test-driven development"
- timestamp: 2026-04-10T22:48:34.224075
  session_id: mcp
  event: tool_invoked
  agent: mcp
  task_id: gsane_route
  duration_ms: 0
  trust_score: null
  details: "query=security hardening for auth tokens and filesystem access"
- timestamp: 2026-04-10T22:48:34.234558
  session_id: mcp
  event: tool_invoked
  agent: mcp
  task_id: gsane_route
  duration_ms: 0
  trust_score: null
  details: "query=security review for GSANE MCP sandbox guardrail policy"
- timestamp: 2026-04-10T22:48:34.246733
  session_id: mcp
  event: tool_invoked
  agent: mcp
  task_id: gsane_route
  duration_ms: 0
  trust_score: null
  details: "query=test query"
- timestamp: 2026-04-10T22:48:34.248348
  session_id: mcp
  event: tool_invoked
  agent: mcp
  task_id: gsane_route
  duration_ms: 0
  trust_score: null
  details: "query=test my architecture idea"
- timestamp: 2026-04-10T22:48:34.272176
  session_id: mcp
  event: tool_invoked
  agent: mcp
  task_id: gsane_route
  duration_ms: 0
  trust_score: null
  details: "query=code architecture is broken"
- timestamp: 2026-04-10T22:48:34.295957
  session_id: mcp
  event: tool_invoked
  agent: mcp
  task_id: gsane_route
  duration_ms: 0
  trust_score: null
  details: "query=bonjour, help me"
- timestamp: 2026-04-10T22:48:34.319631
  session_id: mcp
  event: tool_invoked
  agent: mcp
  task_id: gsane_route
  duration_ms: 0
  trust_score: null
  details: "query=implement a new feature"
- timestamp: 2026-04-10T22:48:34.343452
  session_id: mcp
  event: tool_invoked
  agent: mcp
  task_id: gsane_trace_report
  duration_ms: 0
  trust_score: null
  details: ""
- timestamp: 2026-04-10T22:48:34.425688
  session_id: mcp
  event: tool_invoked
  agent: mcp
  task_id: gsane_memory_fetch
  duration_ms: 0
  trust_score: null
  details: "agent=master topic="
- timestamp: 2026-04-10T22:48:34.436506
  session_id: mcp
  event: tool_invoked
  agent: mcp
  task_id: gsane_memory_fetch
  duration_ms: 0
  trust_score: null
  details: "agent=agent_xyz_unknown_12345 topic="
- timestamp: 2026-04-10T22:48:34.446791
  session_id: mcp
  event: tool_invoked
  agent: mcp
  task_id: gsane_memory_fetch
  duration_ms: 0
  trust_score: null
  details: "agent=master topic=leçon"
- timestamp: 2026-04-10T22:48:34.457512
  session_id: mcp
  event: tool_invoked
  agent: mcp
  task_id: gsane_memory_fetch
  duration_ms: 0
  trust_score: null
  details: "agent=..\\master topic="
- timestamp: 2026-04-10T22:48:34.539321
  session_id: mcp
  event: tool_invoked
  agent: mcp
  task_id: gsane_search_memory
  duration_ms: 0
  trust_score: null
  details: "query=agent scope=all"
- timestamp: 2026-04-10T22:48:34.552096
  session_id: mcp
  event: tool_invoked
  agent: mcp
  task_id: gsane_search_memory
  duration_ms: 0
  trust_score: null
  details: "query=xyz_inexistant_99999 scope=all"
- timestamp: 2026-04-10T22:48:34.565500
  session_id: mcp
  event: tool_invoked
  agent: mcp
  task_id: gsane_search_memory
  duration_ms: 0
  trust_score: null
  details: "query=FM- scope=failures"
- timestamp: 2026-04-10T22:48:34.580378
  session_id: mcp
  event: tool_invoked
  agent: mcp
  task_id: gsane_search_memory
  duration_ms: 0
  trust_score: null
  details: "query=DL- scope=decisions"
- timestamp: 2026-04-10T22:48:34.593822
  session_id: mcp
  event: tool_invoked
  agent: mcp
  task_id: gsane_search_memory
  duration_ms: 0
  trust_score: null
  details: "query=Session scope=sessions"
- timestamp: 2026-04-10T22:48:34.608007
  session_id: mcp
  event: tool_invoked
  agent: mcp
  task_id: gsane_search_memory
  duration_ms: 0
  trust_score: null
  details: "query=a scope=all"
- timestamp: 2026-04-10T22:48:34.621918
  session_id: mcp
  event: tool_invoked
  agent: mcp
  task_id: gsane_emit_event
  duration_ms: 0
  trust_score: null
  details: "type=qa_gate_passed agent=Quinn"
- timestamp: 2026-04-10T22:48:34.622787
  session_id: mcp
  event: qa_gate_passed
  agent: Quinn
  task_id: custom_event
  duration_ms: 0
  trust_score: null
  details: "{\"tests\": 155}"
- timestamp: 2026-04-10T22:48:34.624207
  session_id: mcp
  event: tool_invoked
  agent: mcp
  task_id: gsane_emit_event
  duration_ms: 0
  trust_score: null
  details: "type=custom_weird_event agent=TestAgent"
- timestamp: 2026-04-10T22:48:34.625118
  session_id: mcp
  event: custom_weird_event
  agent: TestAgent
  task_id: custom_event
  duration_ms: 0
  trust_score: null
  details: "{\"foo\": \"bar\"}"
- timestamp: 2026-04-10T22:48:34.626529
  session_id: mcp
  event: tool_invoked
  agent: mcp
  task_id: gsane_emit_event
  duration_ms: 0
  trust_score: null
  details: "type=session_milestone agent=Langis"
- timestamp: 2026-04-10T22:48:34.627363
  session_id: mcp
  event: session_milestone
  agent: Langis
  task_id: P5-C-test
  duration_ms: 0
  trust_score: null
  details: "{\"milestone\": \"P5-test\"}"
- timestamp: 2026-04-10T22:48:34.707372
  session_id: mcp
  event: tool_invoked
  agent: mcp
  task_id: gsane_emit_event
  duration_ms: 0
  trust_score: null
  details: "type=delivery_contract_created agent=Langis"
- timestamp: 2026-04-10T22:48:34.708239
  session_id: mcp
  event: delivery_contract_created
  agent: Langis
  task_id: DC-TEST-001
  duration_ms: 0
  trust_score: null
  details: "{}"
- timestamp: 2026-04-10T22:48:34.709668
  session_id: mcp
  event: tool_invoked
  agent: mcp
  task_id: gsane_emit_event
  duration_ms: 0
  trust_score: null
  details: "type=qa_gate_passed agent=Quinn"
- timestamp: 2026-04-10T22:48:34.710813
  session_id: mcp
  event: qa_gate_passed
  agent: Quinn
  task_id: custom_event
  duration_ms: 0
  trust_score: null
  details: "{}"
- timestamp: 2026-04-10T22:48:34.712234
  session_id: mcp
  event: tool_invoked
  agent: mcp
  task_id: gsane_emit_event
  duration_ms: 0
  trust_score: null
  details: "type=delivery_contract_created agent=TestAgent"
- timestamp: 2026-04-10T22:48:34.713191
  session_id: mcp
  event: delivery_contract_created
  agent: TestAgent
  task_id: custom_event
  duration_ms: 0
  trust_score: null
  details: "{\"test\": true}"
- timestamp: 2026-04-10T22:48:34.713941
  session_id: mcp
  event: tool_invoked
  agent: mcp
  task_id: gsane_emit_event
  duration_ms: 0
  trust_score: null
  details: "type=delivery_contract_approved agent=TestAgent"
- timestamp: 2026-04-10T22:48:34.714759
  session_id: mcp
  event: delivery_contract_approved
  agent: TestAgent
  task_id: custom_event
  duration_ms: 0
  trust_score: null
  details: "{\"test\": true}"
- timestamp: 2026-04-10T22:48:34.715492
  session_id: mcp
  event: tool_invoked
  agent: mcp
  task_id: gsane_emit_event
  duration_ms: 0
  trust_score: null
  details: "type=qa_gate_passed agent=TestAgent"
- timestamp: 2026-04-10T22:48:34.716385
  session_id: mcp
  event: qa_gate_passed
  agent: TestAgent
  task_id: custom_event
  duration_ms: 0
  trust_score: null
  details: "{\"test\": true}"
- timestamp: 2026-04-10T22:48:34.717132
  session_id: mcp
  event: tool_invoked
  agent: mcp
  task_id: gsane_emit_event
  duration_ms: 0
  trust_score: null
  details: "type=qa_gate_failed agent=TestAgent"
- timestamp: 2026-04-10T22:48:34.717938
  session_id: mcp
  event: qa_gate_failed
  agent: TestAgent
  task_id: custom_event
  duration_ms: 0
  trust_score: null
  details: "{\"test\": true}"
- timestamp: 2026-04-10T22:48:34.718684
  session_id: mcp
  event: tool_invoked
  agent: mcp
  task_id: gsane_emit_event
  duration_ms: 0
  trust_score: null
  details: "type=handoff_initiated agent=TestAgent"
- timestamp: 2026-04-10T22:48:34.719574
  session_id: mcp
  event: handoff_initiated
  agent: TestAgent
  task_id: custom_event
  duration_ms: 0
  trust_score: null
  details: "{\"test\": true}"
- timestamp: 2026-04-10T22:48:34.720329
  session_id: mcp
  event: tool_invoked
  agent: mcp
  task_id: gsane_emit_event
  duration_ms: 0
  trust_score: null
  details: "type=session_milestone agent=TestAgent"
- timestamp: 2026-04-10T22:48:34.721219
  session_id: mcp
  event: session_milestone
  agent: TestAgent
  task_id: custom_event
  duration_ms: 0
  trust_score: null
  details: "{\"test\": true}"
- timestamp: 2026-04-10T22:50:36.138879
  session_id: mcp
  event: tool_invoked
  agent: mcp
  task_id: gsane_read_canonical_brief
  duration_ms: 0
  trust_score: null
  details: "canonical human brief"
- timestamp: 2026-04-10T22:50:36.146865
  session_id: mcp
  event: tool_invoked
  agent: mcp
  task_id: gsane_read_active_delivery_contract
  duration_ms: 0
  trust_score: null
  details: "active delivery contract"
- timestamp: 2026-04-10T22:50:36.155839
  session_id: mcp
  event: tool_invoked
  agent: mcp
  task_id: gsane_read_project_snapshot
  duration_ms: 0
  trust_score: null
  details: "canonical project snapshot"
- timestamp: 2026-04-10T22:50:36.184834
  session_id: mcp
  event: tool_invoked
  agent: mcp
  task_id: gsane_fetch_compressed_memory
  duration_ms: 0
  trust_score: null
  details: "query=master"
- timestamp: 2026-04-10T22:50:36.199107
  session_id: mcp
  event: tool_invoked
  agent: mcp
  task_id: gsane_fetch_compressed_memory
  duration_ms: 0
  trust_score: null
  details: "query=xyzzy_query_that_does_not_exist_12345"
- timestamp: 2026-04-10T22:50:36.213288
  session_id: mcp
  event: tool_invoked
  agent: mcp
  task_id: gsane_fetch_compressed_memory
  duration_ms: 0
  trust_score: null
  details: "query=agent"
- timestamp: 2026-04-10T22:50:36.229448
  session_id: mcp
  event: tool_invoked
  agent: mcp
  task_id: gsane_write_session_checkpoint
  duration_ms: 0
  trust_score: null
  details: "exchange=999"
- timestamp: 2026-04-10T22:50:36.232286
  session_id: mcp
  event: tool_invoked
  agent: mcp
  task_id: gsane_write_session_checkpoint
  duration_ms: 0
  trust_score: null
  details: "exchange=998"
- timestamp: 2026-04-10T22:50:36.234456
  session_id: mcp
  event: tool_invoked
  agent: mcp
  task_id: gsane_read_checkpoint
  duration_ms: 0
  trust_score: null
  details: "warm session read"
- timestamp: 2026-04-10T22:50:36.236765
  session_id: mcp
  event: tool_invoked
  agent: mcp
  task_id: gsane_read_checkpoint
  duration_ms: 0
  trust_score: null
  details: "warm session read"
- timestamp: 2026-04-10T22:50:36.239063
  session_id: mcp
  event: tool_invoked
  agent: mcp
  task_id: gsane_route
  duration_ms: 0
  trust_score: null
  details: "query=implement a new feature"
- timestamp: 2026-04-10T22:50:36.263467
  session_id: mcp
  event: tool_invoked
  agent: mcp
  task_id: gsane_route
  duration_ms: 0
  trust_score: null
  details: "query=design a scalable architecture for the API"
- timestamp: 2026-04-10T22:50:36.288244
  session_id: mcp
  event: tool_invoked
  agent: mcp
  task_id: gsane_route
  duration_ms: 0
  trust_score: null
  details: "query=implement this with test-driven development"
- timestamp: 2026-04-10T22:50:36.318417
  session_id: mcp
  event: tool_invoked
  agent: mcp
  task_id: gsane_route
  duration_ms: 0
  trust_score: null
  details: "query=security hardening for auth tokens and filesystem access"
- timestamp: 2026-04-10T22:50:36.331113
  session_id: mcp
  event: tool_invoked
  agent: mcp
  task_id: gsane_route
  duration_ms: 0
  trust_score: null
  details: "query=security review for GSANE MCP sandbox guardrail policy"
- timestamp: 2026-04-10T22:50:36.344393
  session_id: mcp
  event: tool_invoked
  agent: mcp
  task_id: gsane_route
  duration_ms: 0
  trust_score: null
  details: "query=test query"
- timestamp: 2026-04-10T22:50:36.346330
  session_id: mcp
  event: tool_invoked
  agent: mcp
  task_id: gsane_route
  duration_ms: 0
  trust_score: null
  details: "query=test my architecture idea"
- timestamp: 2026-04-10T22:50:36.372409
  session_id: mcp
  event: tool_invoked
  agent: mcp
  task_id: gsane_route
  duration_ms: 0
  trust_score: null
  details: "query=code architecture is broken"
- timestamp: 2026-04-10T22:50:36.398827
  session_id: mcp
  event: tool_invoked
  agent: mcp
  task_id: gsane_route
  duration_ms: 0
  trust_score: null
  details: "query=bonjour, help me"
- timestamp: 2026-04-10T22:50:36.423041
  session_id: mcp
  event: tool_invoked
  agent: mcp
  task_id: gsane_route
  duration_ms: 0
  trust_score: null
  details: "query=implement a new feature"
- timestamp: 2026-04-10T22:50:36.447429
  session_id: mcp
  event: tool_invoked
  agent: mcp
  task_id: gsane_trace_report
  duration_ms: 0
  trust_score: null
  details: ""
- timestamp: 2026-04-10T22:50:36.543891
  session_id: mcp
  event: tool_invoked
  agent: mcp
  task_id: gsane_memory_fetch
  duration_ms: 0
  trust_score: null
  details: "agent=master topic="
- timestamp: 2026-04-10T22:50:36.555312
  session_id: mcp
  event: tool_invoked
  agent: mcp
  task_id: gsane_memory_fetch
  duration_ms: 0
  trust_score: null
  details: "agent=agent_xyz_unknown_12345 topic="
- timestamp: 2026-04-10T22:50:36.565454
  session_id: mcp
  event: tool_invoked
  agent: mcp
  task_id: gsane_memory_fetch
  duration_ms: 0
  trust_score: null
  details: "agent=master topic=leçon"
- timestamp: 2026-04-10T22:50:36.577775
  session_id: mcp
  event: tool_invoked
  agent: mcp
  task_id: gsane_memory_fetch
  duration_ms: 0
  trust_score: null
  details: "agent=..\\master topic="
- timestamp: 2026-04-10T22:50:36.687267
  session_id: mcp
  event: tool_invoked
  agent: mcp
  task_id: gsane_search_memory
  duration_ms: 0
  trust_score: null
  details: "query=agent scope=all"
- timestamp: 2026-04-10T22:50:36.700677
  session_id: mcp
  event: tool_invoked
  agent: mcp
  task_id: gsane_search_memory
  duration_ms: 0
  trust_score: null
  details: "query=xyz_inexistant_99999 scope=all"
- timestamp: 2026-04-10T22:50:36.713840
  session_id: mcp
  event: tool_invoked
  agent: mcp
  task_id: gsane_search_memory
  duration_ms: 0
  trust_score: null
  details: "query=FM- scope=failures"
- timestamp: 2026-04-10T22:50:36.727316
  session_id: mcp
  event: tool_invoked
  agent: mcp
  task_id: gsane_search_memory
  duration_ms: 0
  trust_score: null
  details: "query=DL- scope=decisions"
- timestamp: 2026-04-10T22:50:36.740448
  session_id: mcp
  event: tool_invoked
  agent: mcp
  task_id: gsane_search_memory
  duration_ms: 0
  trust_score: null
  details: "query=Session scope=sessions"
- timestamp: 2026-04-10T22:50:36.753528
  session_id: mcp
  event: tool_invoked
  agent: mcp
  task_id: gsane_search_memory
  duration_ms: 0
  trust_score: null
  details: "query=a scope=all"
- timestamp: 2026-04-10T22:50:36.766599
  session_id: mcp
  event: tool_invoked
  agent: mcp
  task_id: gsane_emit_event
  duration_ms: 0
  trust_score: null
  details: "type=qa_gate_passed agent=Quinn"
- timestamp: 2026-04-10T22:50:36.767430
  session_id: mcp
  event: qa_gate_passed
  agent: Quinn
  task_id: custom_event
  duration_ms: 0
  trust_score: null
  details: "{\"tests\": 155}"
- timestamp: 2026-04-10T22:50:36.768954
  session_id: mcp
  event: tool_invoked
  agent: mcp
  task_id: gsane_emit_event
  duration_ms: 0
  trust_score: null
  details: "type=custom_weird_event agent=TestAgent"
- timestamp: 2026-04-10T22:50:36.769888
  session_id: mcp
  event: custom_weird_event
  agent: TestAgent
  task_id: custom_event
  duration_ms: 0
  trust_score: null
  details: "{\"foo\": \"bar\"}"
- timestamp: 2026-04-10T22:50:36.771376
  session_id: mcp
  event: tool_invoked
  agent: mcp
  task_id: gsane_emit_event
  duration_ms: 0
  trust_score: null
  details: "type=session_milestone agent=Langis"
- timestamp: 2026-04-10T22:50:36.772337
  session_id: mcp
  event: session_milestone
  agent: Langis
  task_id: P5-C-test
  duration_ms: 0
  trust_score: null
  details: "{\"milestone\": \"P5-test\"}"
- timestamp: 2026-04-10T22:50:36.882361
  session_id: mcp
  event: tool_invoked
  agent: mcp
  task_id: gsane_emit_event
  duration_ms: 0
  trust_score: null
  details: "type=delivery_contract_created agent=Langis"
- timestamp: 2026-04-10T22:50:36.883223
  session_id: mcp
  event: delivery_contract_created
  agent: Langis
  task_id: DC-TEST-001
  duration_ms: 0
  trust_score: null
  details: "{}"
- timestamp: 2026-04-10T22:50:36.884635
  session_id: mcp
  event: tool_invoked
  agent: mcp
  task_id: gsane_emit_event
  duration_ms: 0
  trust_score: null
  details: "type=qa_gate_passed agent=Quinn"
- timestamp: 2026-04-10T22:50:36.885583
  session_id: mcp
  event: qa_gate_passed
  agent: Quinn
  task_id: custom_event
  duration_ms: 0
  trust_score: null
  details: "{}"
- timestamp: 2026-04-10T22:50:36.887072
  session_id: mcp
  event: tool_invoked
  agent: mcp
  task_id: gsane_emit_event
  duration_ms: 0
  trust_score: null
  details: "type=delivery_contract_created agent=TestAgent"
- timestamp: 2026-04-10T22:50:36.888046
  session_id: mcp
  event: delivery_contract_created
  agent: TestAgent
  task_id: custom_event
  duration_ms: 0
  trust_score: null
  details: "{\"test\": true}"
- timestamp: 2026-04-10T22:50:36.888776
  session_id: mcp
  event: tool_invoked
  agent: mcp
  task_id: gsane_emit_event
  duration_ms: 0
  trust_score: null
  details: "type=delivery_contract_approved agent=TestAgent"
- timestamp: 2026-04-10T22:50:36.889592
  session_id: mcp
  event: delivery_contract_approved
  agent: TestAgent
  task_id: custom_event
  duration_ms: 0
  trust_score: null
  details: "{\"test\": true}"
- timestamp: 2026-04-10T22:50:36.890327
  session_id: mcp
  event: tool_invoked
  agent: mcp
  task_id: gsane_emit_event
  duration_ms: 0
  trust_score: null
  details: "type=qa_gate_passed agent=TestAgent"
- timestamp: 2026-04-10T22:50:36.891205
  session_id: mcp
  event: qa_gate_passed
  agent: TestAgent
  task_id: custom_event
  duration_ms: 0
  trust_score: null
  details: "{\"test\": true}"
- timestamp: 2026-04-10T22:50:36.891918
  session_id: mcp
  event: tool_invoked
  agent: mcp
  task_id: gsane_emit_event
  duration_ms: 0
  trust_score: null
  details: "type=qa_gate_failed agent=TestAgent"
- timestamp: 2026-04-10T22:50:36.892693
  session_id: mcp
  event: qa_gate_failed
  agent: TestAgent
  task_id: custom_event
  duration_ms: 0
  trust_score: null
  details: "{\"test\": true}"
- timestamp: 2026-04-10T22:50:36.893377
  session_id: mcp
  event: tool_invoked
  agent: mcp
  task_id: gsane_emit_event
  duration_ms: 0
  trust_score: null
  details: "type=handoff_initiated agent=TestAgent"
- timestamp: 2026-04-10T22:50:36.894505
  session_id: mcp
  event: handoff_initiated
  agent: TestAgent
  task_id: custom_event
  duration_ms: 0
  trust_score: null
  details: "{\"test\": true}"
- timestamp: 2026-04-10T22:50:36.895572
  session_id: mcp
  event: tool_invoked
  agent: mcp
  task_id: gsane_emit_event
  duration_ms: 0
  trust_score: null
  details: "type=session_milestone agent=TestAgent"
- timestamp: 2026-04-10T22:50:36.896605
  session_id: mcp
  event: session_milestone
  agent: TestAgent
  task_id: custom_event
  duration_ms: 0
  trust_score: null
  details: "{\"test\": true}"
- timestamp: 2026-04-10T22:50:54.297137
  session_id: mcp
  event: tool_invoked
  agent: mcp
  task_id: gsane_read_canonical_brief
  duration_ms: 0
  trust_score: null
  details: "canonical human brief"
- timestamp: 2026-04-10T22:50:54.305293
  session_id: mcp
  event: tool_invoked
  agent: mcp
  task_id: gsane_read_active_delivery_contract
  duration_ms: 0
  trust_score: null
  details: "active delivery contract"
- timestamp: 2026-04-10T22:50:54.313630
  session_id: mcp
  event: tool_invoked
  agent: mcp
  task_id: gsane_read_project_snapshot
  duration_ms: 0
  trust_score: null
  details: "canonical project snapshot"
- timestamp: 2026-04-10T22:50:54.343270
  session_id: mcp
  event: tool_invoked
  agent: mcp
  task_id: gsane_fetch_compressed_memory
  duration_ms: 0
  trust_score: null
  details: "query=master"
- timestamp: 2026-04-10T22:50:54.357474
  session_id: mcp
  event: tool_invoked
  agent: mcp
  task_id: gsane_fetch_compressed_memory
  duration_ms: 0
  trust_score: null
  details: "query=xyzzy_query_that_does_not_exist_12345"
- timestamp: 2026-04-10T22:50:54.371688
  session_id: mcp
  event: tool_invoked
  agent: mcp
  task_id: gsane_fetch_compressed_memory
  duration_ms: 0
  trust_score: null
  details: "query=agent"
- timestamp: 2026-04-10T22:50:54.386257
  session_id: mcp
  event: tool_invoked
  agent: mcp
  task_id: gsane_write_session_checkpoint
  duration_ms: 0
  trust_score: null
  details: "exchange=999"
- timestamp: 2026-04-10T22:50:54.389407
  session_id: mcp
  event: tool_invoked
  agent: mcp
  task_id: gsane_write_session_checkpoint
  duration_ms: 0
  trust_score: null
  details: "exchange=998"
- timestamp: 2026-04-10T22:50:54.391527
  session_id: mcp
  event: tool_invoked
  agent: mcp
  task_id: gsane_read_checkpoint
  duration_ms: 0
  trust_score: null
  details: "warm session read"
- timestamp: 2026-04-10T22:50:54.394243
  session_id: mcp
  event: tool_invoked
  agent: mcp
  task_id: gsane_read_checkpoint
  duration_ms: 0
  trust_score: null
  details: "warm session read"
- timestamp: 2026-04-10T22:50:54.396717
  session_id: mcp
  event: tool_invoked
  agent: mcp
  task_id: gsane_route
  duration_ms: 0
  trust_score: null
  details: "query=implement a new feature"
- timestamp: 2026-04-10T22:50:54.421306
  session_id: mcp
  event: tool_invoked
  agent: mcp
  task_id: gsane_route
  duration_ms: 0
  trust_score: null
  details: "query=design a scalable architecture for the API"
- timestamp: 2026-04-10T22:50:54.445803
  session_id: mcp
  event: tool_invoked
  agent: mcp
  task_id: gsane_route
  duration_ms: 0
  trust_score: null
  details: "query=implement this with test-driven development"
- timestamp: 2026-04-10T22:50:54.470115
  session_id: mcp
  event: tool_invoked
  agent: mcp
  task_id: gsane_route
  duration_ms: 0
  trust_score: null
  details: "query=security hardening for auth tokens and filesystem access"
- timestamp: 2026-04-10T22:50:54.480704
  session_id: mcp
  event: tool_invoked
  agent: mcp
  task_id: gsane_route
  duration_ms: 0
  trust_score: null
  details: "query=security review for GSANE MCP sandbox guardrail policy"
- timestamp: 2026-04-10T22:50:54.493066
  session_id: mcp
  event: tool_invoked
  agent: mcp
  task_id: gsane_route
  duration_ms: 0
  trust_score: null
  details: "query=test query"
- timestamp: 2026-04-10T22:50:54.494842
  session_id: mcp
  event: tool_invoked
  agent: mcp
  task_id: gsane_route
  duration_ms: 0
  trust_score: null
  details: "query=test my architecture idea"
- timestamp: 2026-04-10T22:50:54.519345
  session_id: mcp
  event: tool_invoked
  agent: mcp
  task_id: gsane_route
  duration_ms: 0
  trust_score: null
  details: "query=code architecture is broken"
- timestamp: 2026-04-10T22:50:54.544319
  session_id: mcp
  event: tool_invoked
  agent: mcp
  task_id: gsane_route
  duration_ms: 0
  trust_score: null
  details: "query=bonjour, help me"
- timestamp: 2026-04-10T22:50:54.570049
  session_id: mcp
  event: tool_invoked
  agent: mcp
  task_id: gsane_route
  duration_ms: 0
  trust_score: null
  details: "query=implement a new feature"
- timestamp: 2026-04-10T22:50:54.595438
  session_id: mcp
  event: tool_invoked
  agent: mcp
  task_id: gsane_trace_report
  duration_ms: 0
  trust_score: null
  details: ""
- timestamp: 2026-04-10T22:50:54.710126
  session_id: mcp
  event: tool_invoked
  agent: mcp
  task_id: gsane_memory_fetch
  duration_ms: 0
  trust_score: null
  details: "agent=master topic="
- timestamp: 2026-04-10T22:50:54.721208
  session_id: mcp
  event: tool_invoked
  agent: mcp
  task_id: gsane_memory_fetch
  duration_ms: 0
  trust_score: null
  details: "agent=agent_xyz_unknown_12345 topic="
- timestamp: 2026-04-10T22:50:54.731505
  session_id: mcp
  event: tool_invoked
  agent: mcp
  task_id: gsane_memory_fetch
  duration_ms: 0
  trust_score: null
  details: "agent=master topic=leçon"
- timestamp: 2026-04-10T22:50:54.742613
  session_id: mcp
  event: tool_invoked
  agent: mcp
  task_id: gsane_memory_fetch
  duration_ms: 0
  trust_score: null
  details: "agent=..\\master topic="
- timestamp: 2026-04-10T22:50:54.870970
  session_id: mcp
  event: tool_invoked
  agent: mcp
  task_id: gsane_search_memory
  duration_ms: 0
  trust_score: null
  details: "query=agent scope=all"
- timestamp: 2026-04-10T22:50:54.884390
  session_id: mcp
  event: tool_invoked
  agent: mcp
  task_id: gsane_search_memory
  duration_ms: 0
  trust_score: null
  details: "query=xyz_inexistant_99999 scope=all"
- timestamp: 2026-04-10T22:50:54.898065
  session_id: mcp
  event: tool_invoked
  agent: mcp
  task_id: gsane_search_memory
  duration_ms: 0
  trust_score: null
  details: "query=FM- scope=failures"
- timestamp: 2026-04-10T22:50:54.911669
  session_id: mcp
  event: tool_invoked
  agent: mcp
  task_id: gsane_search_memory
  duration_ms: 0
  trust_score: null
  details: "query=DL- scope=decisions"
- timestamp: 2026-04-10T22:50:54.925456
  session_id: mcp
  event: tool_invoked
  agent: mcp
  task_id: gsane_search_memory
  duration_ms: 0
  trust_score: null
  details: "query=Session scope=sessions"
- timestamp: 2026-04-10T22:50:54.939073
  session_id: mcp
  event: tool_invoked
  agent: mcp
  task_id: gsane_search_memory
  duration_ms: 0
  trust_score: null
  details: "query=a scope=all"
- timestamp: 2026-04-10T22:50:54.953157
  session_id: mcp
  event: tool_invoked
  agent: mcp
  task_id: gsane_emit_event
  duration_ms: 0
  trust_score: null
  details: "type=qa_gate_passed agent=Quinn"
- timestamp: 2026-04-10T22:50:54.954108
  session_id: mcp
  event: qa_gate_passed
  agent: Quinn
  task_id: custom_event
  duration_ms: 0
  trust_score: null
  details: "{\"tests\": 155}"
- timestamp: 2026-04-10T22:50:54.955739
  session_id: mcp
  event: tool_invoked
  agent: mcp
  task_id: gsane_emit_event
  duration_ms: 0
  trust_score: null
  details: "type=custom_weird_event agent=TestAgent"
- timestamp: 2026-04-10T22:50:54.956591
  session_id: mcp
  event: custom_weird_event
  agent: TestAgent
  task_id: custom_event
  duration_ms: 0
  trust_score: null
  details: "{\"foo\": \"bar\"}"
- timestamp: 2026-04-10T22:50:54.958138
  session_id: mcp
  event: tool_invoked
  agent: mcp
  task_id: gsane_emit_event
  duration_ms: 0
  trust_score: null
  details: "type=session_milestone agent=Langis"
- timestamp: 2026-04-10T22:50:54.958995
  session_id: mcp
  event: session_milestone
  agent: Langis
  task_id: P5-C-test
  duration_ms: 0
  trust_score: null
  details: "{\"milestone\": \"P5-test\"}"
- timestamp: 2026-04-10T22:50:55.088946
  session_id: mcp
  event: tool_invoked
  agent: mcp
  task_id: gsane_emit_event
  duration_ms: 0
  trust_score: null
  details: "type=delivery_contract_created agent=Langis"
- timestamp: 2026-04-10T22:50:55.089813
  session_id: mcp
  event: delivery_contract_created
  agent: Langis
  task_id: DC-TEST-001
  duration_ms: 0
  trust_score: null
  details: "{}"
- timestamp: 2026-04-10T22:50:55.091300
  session_id: mcp
  event: tool_invoked
  agent: mcp
  task_id: gsane_emit_event
  duration_ms: 0
  trust_score: null
  details: "type=qa_gate_passed agent=Quinn"
- timestamp: 2026-04-10T22:50:55.092124
  session_id: mcp
  event: qa_gate_passed
  agent: Quinn
  task_id: custom_event
  duration_ms: 0
  trust_score: null
  details: "{}"
- timestamp: 2026-04-10T22:50:55.093723
  session_id: mcp
  event: tool_invoked
  agent: mcp
  task_id: gsane_emit_event
  duration_ms: 0
  trust_score: null
  details: "type=delivery_contract_created agent=TestAgent"
- timestamp: 2026-04-10T22:50:55.094721
  session_id: mcp
  event: delivery_contract_created
  agent: TestAgent
  task_id: custom_event
  duration_ms: 0
  trust_score: null
  details: "{\"test\": true}"
- timestamp: 2026-04-10T22:50:55.095478
  session_id: mcp
  event: tool_invoked
  agent: mcp
  task_id: gsane_emit_event
  duration_ms: 0
  trust_score: null
  details: "type=delivery_contract_approved agent=TestAgent"
- timestamp: 2026-04-10T22:50:55.096343
  session_id: mcp
  event: delivery_contract_approved
  agent: TestAgent
  task_id: custom_event
  duration_ms: 0
  trust_score: null
  details: "{\"test\": true}"
- timestamp: 2026-04-10T22:50:55.097088
  session_id: mcp
  event: tool_invoked
  agent: mcp
  task_id: gsane_emit_event
  duration_ms: 0
  trust_score: null
  details: "type=qa_gate_passed agent=TestAgent"
- timestamp: 2026-04-10T22:50:55.097958
  session_id: mcp
  event: qa_gate_passed
  agent: TestAgent
  task_id: custom_event
  duration_ms: 0
  trust_score: null
  details: "{\"test\": true}"
- timestamp: 2026-04-10T22:50:55.098685
  session_id: mcp
  event: tool_invoked
  agent: mcp
  task_id: gsane_emit_event
  duration_ms: 0
  trust_score: null
  details: "type=qa_gate_failed agent=TestAgent"
- timestamp: 2026-04-10T22:50:55.099510
  session_id: mcp
  event: qa_gate_failed
  agent: TestAgent
  task_id: custom_event
  duration_ms: 0
  trust_score: null
  details: "{\"test\": true}"
- timestamp: 2026-04-10T22:50:55.100238
  session_id: mcp
  event: tool_invoked
  agent: mcp
  task_id: gsane_emit_event
  duration_ms: 0
  trust_score: null
  details: "type=handoff_initiated agent=TestAgent"
- timestamp: 2026-04-10T22:50:55.101099
  session_id: mcp
  event: handoff_initiated
  agent: TestAgent
  task_id: custom_event
  duration_ms: 0
  trust_score: null
  details: "{\"test\": true}"
- timestamp: 2026-04-10T22:50:55.101817
  session_id: mcp
  event: tool_invoked
  agent: mcp
  task_id: gsane_emit_event
  duration_ms: 0
  trust_score: null
  details: "type=session_milestone agent=TestAgent"
- timestamp: 2026-04-10T22:50:55.102667
  session_id: mcp
  event: session_milestone
  agent: TestAgent
  task_id: custom_event
  duration_ms: 0
  trust_score: null
  details: "{\"test\": true}"
- timestamp: 2026-04-10T22:51:04.740245
  session_id: mcp
  event: tool_invoked
  agent: mcp
  task_id: gsane_read_canonical_brief
  duration_ms: 0
  trust_score: null
  details: "canonical human brief"
- timestamp: 2026-04-10T22:51:04.748434
  session_id: mcp
  event: tool_invoked
  agent: mcp
  task_id: gsane_read_active_delivery_contract
  duration_ms: 0
  trust_score: null
  details: "active delivery contract"
- timestamp: 2026-04-10T22:51:04.756932
  session_id: mcp
  event: tool_invoked
  agent: mcp
  task_id: gsane_read_project_snapshot
  duration_ms: 0
  trust_score: null
  details: "canonical project snapshot"
- timestamp: 2026-04-10T22:51:04.786830
  session_id: mcp
  event: tool_invoked
  agent: mcp
  task_id: gsane_fetch_compressed_memory
  duration_ms: 0
  trust_score: null
  details: "query=master"
- timestamp: 2026-04-10T22:51:04.800962
  session_id: mcp
  event: tool_invoked
  agent: mcp
  task_id: gsane_fetch_compressed_memory
  duration_ms: 0
  trust_score: null
  details: "query=xyzzy_query_that_does_not_exist_12345"
- timestamp: 2026-04-10T22:51:04.814981
  session_id: mcp
  event: tool_invoked
  agent: mcp
  task_id: gsane_fetch_compressed_memory
  duration_ms: 0
  trust_score: null
  details: "query=agent"
- timestamp: 2026-04-10T22:51:04.828950
  session_id: mcp
  event: tool_invoked
  agent: mcp
  task_id: gsane_write_session_checkpoint
  duration_ms: 0
  trust_score: null
  details: "exchange=999"
- timestamp: 2026-04-10T22:51:04.831795
  session_id: mcp
  event: tool_invoked
  agent: mcp
  task_id: gsane_write_session_checkpoint
  duration_ms: 0
  trust_score: null
  details: "exchange=998"
- timestamp: 2026-04-10T22:51:04.833935
  session_id: mcp
  event: tool_invoked
  agent: mcp
  task_id: gsane_read_checkpoint
  duration_ms: 0
  trust_score: null
  details: "warm session read"
- timestamp: 2026-04-10T22:51:04.836379
  session_id: mcp
  event: tool_invoked
  agent: mcp
  task_id: gsane_read_checkpoint
  duration_ms: 0
  trust_score: null
  details: "warm session read"
- timestamp: 2026-04-10T22:51:04.838893
  session_id: mcp
  event: tool_invoked
  agent: mcp
  task_id: gsane_route
  duration_ms: 0
  trust_score: null
  details: "query=implement a new feature"
- timestamp: 2026-04-10T22:51:04.863820
  session_id: mcp
  event: tool_invoked
  agent: mcp
  task_id: gsane_route
  duration_ms: 0
  trust_score: null
  details: "query=design a scalable architecture for the API"
- timestamp: 2026-04-10T22:51:04.889259
  session_id: mcp
  event: tool_invoked
  agent: mcp
  task_id: gsane_route
  duration_ms: 0
  trust_score: null
  details: "query=implement this with test-driven development"
- timestamp: 2026-04-10T22:51:04.913989
  session_id: mcp
  event: tool_invoked
  agent: mcp
  task_id: gsane_route
  duration_ms: 0
  trust_score: null
  details: "query=security hardening for auth tokens and filesystem access"
- timestamp: 2026-04-10T22:51:04.924679
  session_id: mcp
  event: tool_invoked
  agent: mcp
  task_id: gsane_route
  duration_ms: 0
  trust_score: null
  details: "query=security review for GSANE MCP sandbox guardrail policy"
- timestamp: 2026-04-10T22:51:04.936683
  session_id: mcp
  event: tool_invoked
  agent: mcp
  task_id: gsane_route
  duration_ms: 0
  trust_score: null
  details: "query=test query"
- timestamp: 2026-04-10T22:51:04.938395
  session_id: mcp
  event: tool_invoked
  agent: mcp
  task_id: gsane_route
  duration_ms: 0
  trust_score: null
  details: "query=test my architecture idea"
- timestamp: 2026-04-10T22:51:04.962665
  session_id: mcp
  event: tool_invoked
  agent: mcp
  task_id: gsane_route
  duration_ms: 0
  trust_score: null
  details: "query=code architecture is broken"
- timestamp: 2026-04-10T22:51:04.988156
  session_id: mcp
  event: tool_invoked
  agent: mcp
  task_id: gsane_route
  duration_ms: 0
  trust_score: null
  details: "query=bonjour, help me"
- timestamp: 2026-04-10T22:51:05.012629
  session_id: mcp
  event: tool_invoked
  agent: mcp
  task_id: gsane_route
  duration_ms: 0
  trust_score: null
  details: "query=implement a new feature"
- timestamp: 2026-04-10T22:51:05.036962
  session_id: mcp
  event: tool_invoked
  agent: mcp
  task_id: gsane_trace_report
  duration_ms: 0
  trust_score: null
  details: ""
- timestamp: 2026-04-10T22:51:05.171992
  session_id: mcp
  event: tool_invoked
  agent: mcp
  task_id: gsane_memory_fetch
  duration_ms: 0
  trust_score: null
  details: "agent=master topic="
- timestamp: 2026-04-10T22:51:05.183021
  session_id: mcp
  event: tool_invoked
  agent: mcp
  task_id: gsane_memory_fetch
  duration_ms: 0
  trust_score: null
  details: "agent=agent_xyz_unknown_12345 topic="
- timestamp: 2026-04-10T22:51:05.193262
  session_id: mcp
  event: tool_invoked
  agent: mcp
  task_id: gsane_memory_fetch
  duration_ms: 0
  trust_score: null
  details: "agent=master topic=leçon"
- timestamp: 2026-04-10T22:51:05.204345
  session_id: mcp
  event: tool_invoked
  agent: mcp
  task_id: gsane_memory_fetch
  duration_ms: 0
  trust_score: null
  details: "agent=..\\master topic="
- timestamp: 2026-04-10T22:51:05.353456
  session_id: mcp
  event: tool_invoked
  agent: mcp
  task_id: gsane_search_memory
  duration_ms: 0
  trust_score: null
  details: "query=agent scope=all"
- timestamp: 2026-04-10T22:51:05.368135
  session_id: mcp
  event: tool_invoked
  agent: mcp
  task_id: gsane_search_memory
  duration_ms: 0
  trust_score: null
  details: "query=xyz_inexistant_99999 scope=all"
- timestamp: 2026-04-10T22:51:05.383813
  session_id: mcp
  event: tool_invoked
  agent: mcp
  task_id: gsane_search_memory
  duration_ms: 0
  trust_score: null
  details: "query=FM- scope=failures"
- timestamp: 2026-04-10T22:51:05.399265
  session_id: mcp
  event: tool_invoked
  agent: mcp
  task_id: gsane_search_memory
  duration_ms: 0
  trust_score: null
  details: "query=DL- scope=decisions"
- timestamp: 2026-04-10T22:51:05.413960
  session_id: mcp
  event: tool_invoked
  agent: mcp
  task_id: gsane_search_memory
  duration_ms: 0
  trust_score: null
  details: "query=Session scope=sessions"
- timestamp: 2026-04-10T22:51:05.428908
  session_id: mcp
  event: tool_invoked
  agent: mcp
  task_id: gsane_search_memory
  duration_ms: 0
  trust_score: null
  details: "query=a scope=all"
- timestamp: 2026-04-10T22:51:05.443439
  session_id: mcp
  event: tool_invoked
  agent: mcp
  task_id: gsane_emit_event
  duration_ms: 0
  trust_score: null
  details: "type=qa_gate_passed agent=Quinn"
- timestamp: 2026-04-10T22:51:05.444351
  session_id: mcp
  event: qa_gate_passed
  agent: Quinn
  task_id: custom_event
  duration_ms: 0
  trust_score: null
  details: "{\"tests\": 155}"
- timestamp: 2026-04-10T22:51:05.445863
  session_id: mcp
  event: tool_invoked
  agent: mcp
  task_id: gsane_emit_event
  duration_ms: 0
  trust_score: null
  details: "type=custom_weird_event agent=TestAgent"
- timestamp: 2026-04-10T22:51:05.446795
  session_id: mcp
  event: custom_weird_event
  agent: TestAgent
  task_id: custom_event
  duration_ms: 0
  trust_score: null
  details: "{\"foo\": \"bar\"}"
- timestamp: 2026-04-10T22:51:05.448517
  session_id: mcp
  event: tool_invoked
  agent: mcp
  task_id: gsane_emit_event
  duration_ms: 0
  trust_score: null
  details: "type=session_milestone agent=Langis"
- timestamp: 2026-04-10T22:51:05.449441
  session_id: mcp
  event: session_milestone
  agent: Langis
  task_id: P5-C-test
  duration_ms: 0
  trust_score: null
  details: "{\"milestone\": \"P5-test\"}"
- timestamp: 2026-04-10T22:51:05.607622
  session_id: mcp
  event: tool_invoked
  agent: mcp
  task_id: gsane_emit_event
  duration_ms: 0
  trust_score: null
  details: "type=delivery_contract_created agent=Langis"
- timestamp: 2026-04-10T22:51:05.608487
  session_id: mcp
  event: delivery_contract_created
  agent: Langis
  task_id: DC-TEST-001
  duration_ms: 0
  trust_score: null
  details: "{}"
- timestamp: 2026-04-10T22:51:05.609993
  session_id: mcp
  event: tool_invoked
  agent: mcp
  task_id: gsane_emit_event
  duration_ms: 0
  trust_score: null
  details: "type=qa_gate_passed agent=Quinn"
- timestamp: 2026-04-10T22:51:05.610828
  session_id: mcp
  event: qa_gate_passed
  agent: Quinn
  task_id: custom_event
  duration_ms: 0
  trust_score: null
  details: "{}"
- timestamp: 2026-04-10T22:51:05.612369
  session_id: mcp
  event: tool_invoked
  agent: mcp
  task_id: gsane_emit_event
  duration_ms: 0
  trust_score: null
  details: "type=delivery_contract_created agent=TestAgent"
- timestamp: 2026-04-10T22:51:05.613203
  session_id: mcp
  event: delivery_contract_created
  agent: TestAgent
  task_id: custom_event
  duration_ms: 0
  trust_score: null
  details: "{\"test\": true}"
- timestamp: 2026-04-10T22:51:05.613910
  session_id: mcp
  event: tool_invoked
  agent: mcp
  task_id: gsane_emit_event
  duration_ms: 0
  trust_score: null
  details: "type=delivery_contract_approved agent=TestAgent"
- timestamp: 2026-04-10T22:51:05.614876
  session_id: mcp
  event: delivery_contract_approved
  agent: TestAgent
  task_id: custom_event
  duration_ms: 0
  trust_score: null
  details: "{\"test\": true}"
- timestamp: 2026-04-10T22:51:05.615634
  session_id: mcp
  event: tool_invoked
  agent: mcp
  task_id: gsane_emit_event
  duration_ms: 0
  trust_score: null
  details: "type=qa_gate_passed agent=TestAgent"
- timestamp: 2026-04-10T22:51:05.616558
  session_id: mcp
  event: qa_gate_passed
  agent: TestAgent
  task_id: custom_event
  duration_ms: 0
  trust_score: null
  details: "{\"test\": true}"
- timestamp: 2026-04-10T22:51:05.617324
  session_id: mcp
  event: tool_invoked
  agent: mcp
  task_id: gsane_emit_event
  duration_ms: 0
  trust_score: null
  details: "type=qa_gate_failed agent=TestAgent"
- timestamp: 2026-04-10T22:51:05.618175
  session_id: mcp
  event: qa_gate_failed
  agent: TestAgent
  task_id: custom_event
  duration_ms: 0
  trust_score: null
  details: "{\"test\": true}"
- timestamp: 2026-04-10T22:51:05.619190
  session_id: mcp
  event: tool_invoked
  agent: mcp
  task_id: gsane_emit_event
  duration_ms: 0
  trust_score: null
  details: "type=handoff_initiated agent=TestAgent"
- timestamp: 2026-04-10T22:51:05.620184
  session_id: mcp
  event: handoff_initiated
  agent: TestAgent
  task_id: custom_event
  duration_ms: 0
  trust_score: null
  details: "{\"test\": true}"
- timestamp: 2026-04-10T22:51:05.620931
  session_id: mcp
  event: tool_invoked
  agent: mcp
  task_id: gsane_emit_event
  duration_ms: 0
  trust_score: null
  details: "type=session_milestone agent=TestAgent"
- timestamp: 2026-04-10T22:51:05.621830
  session_id: mcp
  event: session_milestone
  agent: TestAgent
  task_id: custom_event
  duration_ms: 0
  trust_score: null
  details: "{\"test\": true}"
- timestamp: 2026-04-10T22:53:46.197337
  session_id: mcp
  event: tool_invoked
  agent: mcp
  task_id: gsane_read_canonical_brief
  duration_ms: 0
  trust_score: null
  details: "canonical human brief"
- timestamp: 2026-04-10T22:53:46.205070
  session_id: mcp
  event: tool_invoked
  agent: mcp
  task_id: gsane_read_active_delivery_contract
  duration_ms: 0
  trust_score: null
  details: "active delivery contract"
- timestamp: 2026-04-10T22:53:46.213090
  session_id: mcp
  event: tool_invoked
  agent: mcp
  task_id: gsane_read_project_snapshot
  duration_ms: 0
  trust_score: null
  details: "canonical project snapshot"
- timestamp: 2026-04-10T22:53:46.241555
  session_id: mcp
  event: tool_invoked
  agent: mcp
  task_id: gsane_fetch_compressed_memory
  duration_ms: 0
  trust_score: null
  details: "query=master"
- timestamp: 2026-04-10T22:53:46.254748
  session_id: mcp
  event: tool_invoked
  agent: mcp
  task_id: gsane_fetch_compressed_memory
  duration_ms: 0
  trust_score: null
  details: "query=xyzzy_query_that_does_not_exist_12345"
- timestamp: 2026-04-10T22:53:46.267870
  session_id: mcp
  event: tool_invoked
  agent: mcp
  task_id: gsane_fetch_compressed_memory
  duration_ms: 0
  trust_score: null
  details: "query=agent"
- timestamp: 2026-04-10T22:53:46.280975
  session_id: mcp
  event: tool_invoked
  agent: mcp
  task_id: gsane_write_session_checkpoint
  duration_ms: 0
  trust_score: null
  details: "exchange=999"
- timestamp: 2026-04-10T22:53:46.283875
  session_id: mcp
  event: tool_invoked
  agent: mcp
  task_id: gsane_write_session_checkpoint
  duration_ms: 0
  trust_score: null
  details: "exchange=998"
- timestamp: 2026-04-10T22:53:46.286183
  session_id: mcp
  event: tool_invoked
  agent: mcp
  task_id: gsane_read_checkpoint
  duration_ms: 0
  trust_score: null
  details: "warm session read"
- timestamp: 2026-04-10T22:53:46.288494
  session_id: mcp
  event: tool_invoked
  agent: mcp
  task_id: gsane_read_checkpoint
  duration_ms: 0
  trust_score: null
  details: "warm session read"
- timestamp: 2026-04-10T22:53:46.290671
  session_id: mcp
  event: tool_invoked
  agent: mcp
  task_id: gsane_route
  duration_ms: 0
  trust_score: null
  details: "query=implement a new feature"
- timestamp: 2026-04-10T22:53:46.314298
  session_id: mcp
  event: tool_invoked
  agent: mcp
  task_id: gsane_route
  duration_ms: 0
  trust_score: null
  details: "query=design a scalable architecture for the API"
- timestamp: 2026-04-10T22:53:46.338175
  session_id: mcp
  event: tool_invoked
  agent: mcp
  task_id: gsane_route
  duration_ms: 0
  trust_score: null
  details: "query=implement this with test-driven development"
- timestamp: 2026-04-10T22:53:46.361743
  session_id: mcp
  event: tool_invoked
  agent: mcp
  task_id: gsane_route
  duration_ms: 0
  trust_score: null
  details: "query=security hardening for auth tokens and filesystem access"
- timestamp: 2026-04-10T22:53:46.373157
  session_id: mcp
  event: tool_invoked
  agent: mcp
  task_id: gsane_route
  duration_ms: 0
  trust_score: null
  details: "query=security review for GSANE MCP sandbox guardrail policy"
- timestamp: 2026-04-10T22:53:46.384836
  session_id: mcp
  event: tool_invoked
  agent: mcp
  task_id: gsane_route
  duration_ms: 0
  trust_score: null
  details: "query=test query"
- timestamp: 2026-04-10T22:53:46.386439
  session_id: mcp
  event: tool_invoked
  agent: mcp
  task_id: gsane_route
  duration_ms: 0
  trust_score: null
  details: "query=test my architecture idea"
- timestamp: 2026-04-10T22:53:46.410110
  session_id: mcp
  event: tool_invoked
  agent: mcp
  task_id: gsane_route
  duration_ms: 0
  trust_score: null
  details: "query=code architecture is broken"
- timestamp: 2026-04-10T22:53:46.433929
  session_id: mcp
  event: tool_invoked
  agent: mcp
  task_id: gsane_route
  duration_ms: 0
  trust_score: null
  details: "query=bonjour, help me"
- timestamp: 2026-04-10T22:53:46.457716
  session_id: mcp
  event: tool_invoked
  agent: mcp
  task_id: gsane_route
  duration_ms: 0
  trust_score: null
  details: "query=implement a new feature"
- timestamp: 2026-04-10T22:53:46.481891
  session_id: mcp
  event: tool_invoked
  agent: mcp
  task_id: gsane_trace_report
  duration_ms: 0
  trust_score: null
  details: ""
- timestamp: 2026-04-10T22:53:46.640964
  session_id: mcp
  event: tool_invoked
  agent: mcp
  task_id: gsane_memory_fetch
  duration_ms: 0
  trust_score: null
  details: "agent=master topic="
- timestamp: 2026-04-10T22:53:46.651643
  session_id: mcp
  event: tool_invoked
  agent: mcp
  task_id: gsane_memory_fetch
  duration_ms: 0
  trust_score: null
  details: "agent=agent_xyz_unknown_12345 topic="
- timestamp: 2026-04-10T22:53:46.661974
  session_id: mcp
  event: tool_invoked
  agent: mcp
  task_id: gsane_memory_fetch
  duration_ms: 0
  trust_score: null
  details: "agent=master topic=leçon"
- timestamp: 2026-04-10T22:53:46.672418
  session_id: mcp
  event: tool_invoked
  agent: mcp
  task_id: gsane_memory_fetch
  duration_ms: 0
  trust_score: null
  details: "agent=..\\master topic="
- timestamp: 2026-04-10T22:53:46.833759
  session_id: mcp
  event: tool_invoked
  agent: mcp
  task_id: gsane_search_memory
  duration_ms: 0
  trust_score: null
  details: "query=agent scope=all"
- timestamp: 2026-04-10T22:53:46.846767
  session_id: mcp
  event: tool_invoked
  agent: mcp
  task_id: gsane_search_memory
  duration_ms: 0
  trust_score: null
  details: "query=xyz_inexistant_99999 scope=all"
- timestamp: 2026-04-10T22:53:46.859814
  session_id: mcp
  event: tool_invoked
  agent: mcp
  task_id: gsane_search_memory
  duration_ms: 0
  trust_score: null
  details: "query=FM- scope=failures"
- timestamp: 2026-04-10T22:53:46.872848
  session_id: mcp
  event: tool_invoked
  agent: mcp
  task_id: gsane_search_memory
  duration_ms: 0
  trust_score: null
  details: "query=DL- scope=decisions"
- timestamp: 2026-04-10T22:53:46.885803
  session_id: mcp
  event: tool_invoked
  agent: mcp
  task_id: gsane_search_memory
  duration_ms: 0
  trust_score: null
  details: "query=Session scope=sessions"
- timestamp: 2026-04-10T22:53:46.899471
  session_id: mcp
  event: tool_invoked
  agent: mcp
  task_id: gsane_search_memory
  duration_ms: 0
  trust_score: null
  details: "query=a scope=all"
- timestamp: 2026-04-10T22:53:46.912525
  session_id: mcp
  event: tool_invoked
  agent: mcp
  task_id: gsane_emit_event
  duration_ms: 0
  trust_score: null
  details: "type=qa_gate_passed agent=Quinn"
- timestamp: 2026-04-10T22:53:46.913521
  session_id: mcp
  event: qa_gate_passed
  agent: Quinn
  task_id: custom_event
  duration_ms: 0
  trust_score: null
  details: "{\"tests\": 155}"
- timestamp: 2026-04-10T22:53:46.914925
  session_id: mcp
  event: tool_invoked
  agent: mcp
  task_id: gsane_emit_event
  duration_ms: 0
  trust_score: null
  details: "type=custom_weird_event agent=TestAgent"
- timestamp: 2026-04-10T22:53:46.915811
  session_id: mcp
  event: custom_weird_event
  agent: TestAgent
  task_id: custom_event
  duration_ms: 0
  trust_score: null
  details: "{\"foo\": \"bar\"}"
- timestamp: 2026-04-10T22:53:46.917230
  session_id: mcp
  event: tool_invoked
  agent: mcp
  task_id: gsane_emit_event
  duration_ms: 0
  trust_score: null
  details: "type=session_milestone agent=Langis"
- timestamp: 2026-04-10T22:53:46.918033
  session_id: mcp
  event: session_milestone
  agent: Langis
  task_id: P5-C-test
  duration_ms: 0
  trust_score: null
  details: "{\"milestone\": \"P5-test\"}"
- timestamp: 2026-04-10T22:53:47.087307
  session_id: mcp
  event: tool_invoked
  agent: mcp
  task_id: gsane_emit_event
  duration_ms: 0
  trust_score: null
  details: "type=delivery_contract_created agent=Langis"
- timestamp: 2026-04-10T22:53:47.088277
  session_id: mcp
  event: delivery_contract_created
  agent: Langis
  task_id: DC-TEST-001
  duration_ms: 0
  trust_score: null
  details: "{}"
- timestamp: 2026-04-10T22:53:47.089702
  session_id: mcp
  event: tool_invoked
  agent: mcp
  task_id: gsane_emit_event
  duration_ms: 0
  trust_score: null
  details: "type=qa_gate_passed agent=Quinn"
- timestamp: 2026-04-10T22:53:47.090582
  session_id: mcp
  event: qa_gate_passed
  agent: Quinn
  task_id: custom_event
  duration_ms: 0
  trust_score: null
  details: "{}"
- timestamp: 2026-04-10T22:53:47.092056
  session_id: mcp
  event: tool_invoked
  agent: mcp
  task_id: gsane_emit_event
  duration_ms: 0
  trust_score: null
  details: "type=delivery_contract_created agent=TestAgent"
- timestamp: 2026-04-10T22:53:47.092874
  session_id: mcp
  event: delivery_contract_created
  agent: TestAgent
  task_id: custom_event
  duration_ms: 0
  trust_score: null
  details: "{\"test\": true}"
- timestamp: 2026-04-10T22:53:47.093574
  session_id: mcp
  event: tool_invoked
  agent: mcp
  task_id: gsane_emit_event
  duration_ms: 0
  trust_score: null
  details: "type=delivery_contract_approved agent=TestAgent"
- timestamp: 2026-04-10T22:53:47.094377
  session_id: mcp
  event: delivery_contract_approved
  agent: TestAgent
  task_id: custom_event
  duration_ms: 0
  trust_score: null
  details: "{\"test\": true}"
- timestamp: 2026-04-10T22:53:47.095073
  session_id: mcp
  event: tool_invoked
  agent: mcp
  task_id: gsane_emit_event
  duration_ms: 0
  trust_score: null
  details: "type=qa_gate_passed agent=TestAgent"
- timestamp: 2026-04-10T22:53:47.095874
  session_id: mcp
  event: qa_gate_passed
  agent: TestAgent
  task_id: custom_event
  duration_ms: 0
  trust_score: null
  details: "{\"test\": true}"
- timestamp: 2026-04-10T22:53:47.096580
  session_id: mcp
  event: tool_invoked
  agent: mcp
  task_id: gsane_emit_event
  duration_ms: 0
  trust_score: null
  details: "type=qa_gate_failed agent=TestAgent"
- timestamp: 2026-04-10T22:53:47.097420
  session_id: mcp
  event: qa_gate_failed
  agent: TestAgent
  task_id: custom_event
  duration_ms: 0
  trust_score: null
  details: "{\"test\": true}"
- timestamp: 2026-04-10T22:53:47.098135
  session_id: mcp
  event: tool_invoked
  agent: mcp
  task_id: gsane_emit_event
  duration_ms: 0
  trust_score: null
  details: "type=handoff_initiated agent=TestAgent"
- timestamp: 2026-04-10T22:53:47.098954
  session_id: mcp
  event: handoff_initiated
  agent: TestAgent
  task_id: custom_event
  duration_ms: 0
  trust_score: null
  details: "{\"test\": true}"
- timestamp: 2026-04-10T22:53:47.099688
  session_id: mcp
  event: tool_invoked
  agent: mcp
  task_id: gsane_emit_event
  duration_ms: 0
  trust_score: null
  details: "type=session_milestone agent=TestAgent"
- timestamp: 2026-04-10T22:53:47.100497
  session_id: mcp
  event: session_milestone
  agent: TestAgent
  task_id: custom_event
  duration_ms: 0
  trust_score: null
  details: "{\"test\": true}"
- timestamp: 2026-04-10T22:54:04.640776
  session_id: mcp
  event: tool_invoked
  agent: mcp
  task_id: gsane_read_canonical_brief
  duration_ms: 0
  trust_score: null
  details: "canonical human brief"
- timestamp: 2026-04-10T22:54:04.648627
  session_id: mcp
  event: tool_invoked
  agent: mcp
  task_id: gsane_read_active_delivery_contract
  duration_ms: 0
  trust_score: null
  details: "active delivery contract"
- timestamp: 2026-04-10T22:54:04.656615
  session_id: mcp
  event: tool_invoked
  agent: mcp
  task_id: gsane_read_project_snapshot
  duration_ms: 0
  trust_score: null
  details: "canonical project snapshot"
- timestamp: 2026-04-10T22:54:04.686326
  session_id: mcp
  event: tool_invoked
  agent: mcp
  task_id: gsane_fetch_compressed_memory
  duration_ms: 0
  trust_score: null
  details: "query=master"
- timestamp: 2026-04-10T22:54:04.700452
  session_id: mcp
  event: tool_invoked
  agent: mcp
  task_id: gsane_fetch_compressed_memory
  duration_ms: 0
  trust_score: null
  details: "query=xyzzy_query_that_does_not_exist_12345"
- timestamp: 2026-04-10T22:54:04.714237
  session_id: mcp
  event: tool_invoked
  agent: mcp
  task_id: gsane_fetch_compressed_memory
  duration_ms: 0
  trust_score: null
  details: "query=agent"
- timestamp: 2026-04-10T22:54:04.727477
  session_id: mcp
  event: tool_invoked
  agent: mcp
  task_id: gsane_write_session_checkpoint
  duration_ms: 0
  trust_score: null
  details: "exchange=999"
- timestamp: 2026-04-10T22:54:04.730145
  session_id: mcp
  event: tool_invoked
  agent: mcp
  task_id: gsane_write_session_checkpoint
  duration_ms: 0
  trust_score: null
  details: "exchange=998"
- timestamp: 2026-04-10T22:54:04.732210
  session_id: mcp
  event: tool_invoked
  agent: mcp
  task_id: gsane_read_checkpoint
  duration_ms: 0
  trust_score: null
  details: "warm session read"
- timestamp: 2026-04-10T22:54:04.734562
  session_id: mcp
  event: tool_invoked
  agent: mcp
  task_id: gsane_read_checkpoint
  duration_ms: 0
  trust_score: null
  details: "warm session read"
- timestamp: 2026-04-10T22:54:04.737099
  session_id: mcp
  event: tool_invoked
  agent: mcp
  task_id: gsane_route
  duration_ms: 0
  trust_score: null
  details: "query=implement a new feature"
- timestamp: 2026-04-10T22:54:04.760884
  session_id: mcp
  event: tool_invoked
  agent: mcp
  task_id: gsane_route
  duration_ms: 0
  trust_score: null
  details: "query=design a scalable architecture for the API"
- timestamp: 2026-04-10T22:54:04.784885
  session_id: mcp
  event: tool_invoked
  agent: mcp
  task_id: gsane_route
  duration_ms: 0
  trust_score: null
  details: "query=implement this with test-driven development"
- timestamp: 2026-04-10T22:54:04.808952
  session_id: mcp
  event: tool_invoked
  agent: mcp
  task_id: gsane_route
  duration_ms: 0
  trust_score: null
  details: "query=security hardening for auth tokens and filesystem access"
- timestamp: 2026-04-10T22:54:04.819219
  session_id: mcp
  event: tool_invoked
  agent: mcp
  task_id: gsane_route
  duration_ms: 0
  trust_score: null
  details: "query=security review for GSANE MCP sandbox guardrail policy"
- timestamp: 2026-04-10T22:54:04.830807
  session_id: mcp
  event: tool_invoked
  agent: mcp
  task_id: gsane_route
  duration_ms: 0
  trust_score: null
  details: "query=test query"
- timestamp: 2026-04-10T22:54:04.832363
  session_id: mcp
  event: tool_invoked
  agent: mcp
  task_id: gsane_route
  duration_ms: 0
  trust_score: null
  details: "query=test my architecture idea"
- timestamp: 2026-04-10T22:54:04.856301
  session_id: mcp
  event: tool_invoked
  agent: mcp
  task_id: gsane_route
  duration_ms: 0
  trust_score: null
  details: "query=code architecture is broken"
- timestamp: 2026-04-10T22:54:04.880664
  session_id: mcp
  event: tool_invoked
  agent: mcp
  task_id: gsane_route
  duration_ms: 0
  trust_score: null
  details: "query=bonjour, help me"
- timestamp: 2026-04-10T22:54:04.904945
  session_id: mcp
  event: tool_invoked
  agent: mcp
  task_id: gsane_route
  duration_ms: 0
  trust_score: null
  details: "query=implement a new feature"
- timestamp: 2026-04-10T22:54:04.929288
  session_id: mcp
  event: tool_invoked
  agent: mcp
  task_id: gsane_trace_report
  duration_ms: 0
  trust_score: null
  details: ""
- timestamp: 2026-04-10T22:54:05.105509
  session_id: mcp
  event: tool_invoked
  agent: mcp
  task_id: gsane_memory_fetch
  duration_ms: 0
  trust_score: null
  details: "agent=master topic="
- timestamp: 2026-04-10T22:54:05.116227
  session_id: mcp
  event: tool_invoked
  agent: mcp
  task_id: gsane_memory_fetch
  duration_ms: 0
  trust_score: null
  details: "agent=agent_xyz_unknown_12345 topic="
- timestamp: 2026-04-10T22:54:05.126154
  session_id: mcp
  event: tool_invoked
  agent: mcp
  task_id: gsane_memory_fetch
  duration_ms: 0
  trust_score: null
  details: "agent=master topic=leçon"
- timestamp: 2026-04-10T22:54:05.136942
  session_id: mcp
  event: tool_invoked
  agent: mcp
  task_id: gsane_memory_fetch
  duration_ms: 0
  trust_score: null
  details: "agent=..\\master topic="
- timestamp: 2026-04-10T22:54:05.320192
  session_id: mcp
  event: tool_invoked
  agent: mcp
  task_id: gsane_search_memory
  duration_ms: 0
  trust_score: null
  details: "query=agent scope=all"
- timestamp: 2026-04-10T22:54:05.333752
  session_id: mcp
  event: tool_invoked
  agent: mcp
  task_id: gsane_search_memory
  duration_ms: 0
  trust_score: null
  details: "query=xyz_inexistant_99999 scope=all"
- timestamp: 2026-04-10T22:54:05.347525
  session_id: mcp
  event: tool_invoked
  agent: mcp
  task_id: gsane_search_memory
  duration_ms: 0
  trust_score: null
  details: "query=FM- scope=failures"
- timestamp: 2026-04-10T22:54:05.365904
  session_id: mcp
  event: tool_invoked
  agent: mcp
  task_id: gsane_search_memory
  duration_ms: 0
  trust_score: null
  details: "query=DL- scope=decisions"
- timestamp: 2026-04-10T22:54:05.379261
  session_id: mcp
  event: tool_invoked
  agent: mcp
  task_id: gsane_search_memory
  duration_ms: 0
  trust_score: null
  details: "query=Session scope=sessions"
- timestamp: 2026-04-10T22:54:05.393686
  session_id: mcp
  event: tool_invoked
  agent: mcp
  task_id: gsane_search_memory
  duration_ms: 0
  trust_score: null
  details: "query=a scope=all"
- timestamp: 2026-04-10T22:54:05.407620
  session_id: mcp
  event: tool_invoked
  agent: mcp
  task_id: gsane_emit_event
  duration_ms: 0
  trust_score: null
  details: "type=qa_gate_passed agent=Quinn"
- timestamp: 2026-04-10T22:54:05.408466
  session_id: mcp
  event: qa_gate_passed
  agent: Quinn
  task_id: custom_event
  duration_ms: 0
  trust_score: null
  details: "{\"tests\": 155}"
- timestamp: 2026-04-10T22:54:05.409897
  session_id: mcp
  event: tool_invoked
  agent: mcp
  task_id: gsane_emit_event
  duration_ms: 0
  trust_score: null
  details: "type=custom_weird_event agent=TestAgent"
- timestamp: 2026-04-10T22:54:05.410796
  session_id: mcp
  event: custom_weird_event
  agent: TestAgent
  task_id: custom_event
  duration_ms: 0
  trust_score: null
  details: "{\"foo\": \"bar\"}"
- timestamp: 2026-04-10T22:54:05.412188
  session_id: mcp
  event: tool_invoked
  agent: mcp
  task_id: gsane_emit_event
  duration_ms: 0
  trust_score: null
  details: "type=session_milestone agent=Langis"
- timestamp: 2026-04-10T22:54:05.412981
  session_id: mcp
  event: session_milestone
  agent: Langis
  task_id: P5-C-test
  duration_ms: 0
  trust_score: null
  details: "{\"milestone\": \"P5-test\"}"
- timestamp: 2026-04-10T22:54:05.602153
  session_id: mcp
  event: tool_invoked
  agent: mcp
  task_id: gsane_emit_event
  duration_ms: 0
  trust_score: null
  details: "type=delivery_contract_created agent=Langis"
- timestamp: 2026-04-10T22:54:05.603054
  session_id: mcp
  event: delivery_contract_created
  agent: Langis
  task_id: DC-TEST-001
  duration_ms: 0
  trust_score: null
  details: "{}"
- timestamp: 2026-04-10T22:54:05.604530
  session_id: mcp
  event: tool_invoked
  agent: mcp
  task_id: gsane_emit_event
  duration_ms: 0
  trust_score: null
  details: "type=qa_gate_passed agent=Quinn"
- timestamp: 2026-04-10T22:54:05.605428
  session_id: mcp
  event: qa_gate_passed
  agent: Quinn
  task_id: custom_event
  duration_ms: 0
  trust_score: null
  details: "{}"
- timestamp: 2026-04-10T22:54:05.606806
  session_id: mcp
  event: tool_invoked
  agent: mcp
  task_id: gsane_emit_event
  duration_ms: 0
  trust_score: null
  details: "type=delivery_contract_created agent=TestAgent"
- timestamp: 2026-04-10T22:54:05.607633
  session_id: mcp
  event: delivery_contract_created
  agent: TestAgent
  task_id: custom_event
  duration_ms: 0
  trust_score: null
  details: "{\"test\": true}"
- timestamp: 2026-04-10T22:54:05.608381
  session_id: mcp
  event: tool_invoked
  agent: mcp
  task_id: gsane_emit_event
  duration_ms: 0
  trust_score: null
  details: "type=delivery_contract_approved agent=TestAgent"
- timestamp: 2026-04-10T22:54:05.609164
  session_id: mcp
  event: delivery_contract_approved
  agent: TestAgent
  task_id: custom_event
  duration_ms: 0
  trust_score: null
  details: "{\"test\": true}"
- timestamp: 2026-04-10T22:54:05.609857
  session_id: mcp
  event: tool_invoked
  agent: mcp
  task_id: gsane_emit_event
  duration_ms: 0
  trust_score: null
  details: "type=qa_gate_passed agent=TestAgent"
- timestamp: 2026-04-10T22:54:05.610736
  session_id: mcp
  event: qa_gate_passed
  agent: TestAgent
  task_id: custom_event
  duration_ms: 0
  trust_score: null
  details: "{\"test\": true}"
- timestamp: 2026-04-10T22:54:05.611647
  session_id: mcp
  event: tool_invoked
  agent: mcp
  task_id: gsane_emit_event
  duration_ms: 0
  trust_score: null
  details: "type=qa_gate_failed agent=TestAgent"
- timestamp: 2026-04-10T22:54:05.612629
  session_id: mcp
  event: qa_gate_failed
  agent: TestAgent
  task_id: custom_event
  duration_ms: 0
  trust_score: null
  details: "{\"test\": true}"
- timestamp: 2026-04-10T22:54:05.613605
  session_id: mcp
  event: tool_invoked
  agent: mcp
  task_id: gsane_emit_event
  duration_ms: 0
  trust_score: null
  details: "type=handoff_initiated agent=TestAgent"
- timestamp: 2026-04-10T22:54:05.614592
  session_id: mcp
  event: handoff_initiated
  agent: TestAgent
  task_id: custom_event
  duration_ms: 0
  trust_score: null
  details: "{\"test\": true}"
- timestamp: 2026-04-10T22:54:05.615314
  session_id: mcp
  event: tool_invoked
  agent: mcp
  task_id: gsane_emit_event
  duration_ms: 0
  trust_score: null
  details: "type=session_milestone agent=TestAgent"
- timestamp: 2026-04-10T22:54:05.616203
  session_id: mcp
  event: session_milestone
  agent: TestAgent
  task_id: custom_event
  duration_ms: 0
  trust_score: null
  details: "{\"test\": true}"
- timestamp: 2026-04-10T22:54:13.769542
  session_id: mcp
  event: tool_invoked
  agent: mcp
  task_id: gsane_read_canonical_brief
  duration_ms: 0
  trust_score: null
  details: "canonical human brief"
- timestamp: 2026-04-10T22:54:13.777623
  session_id: mcp
  event: tool_invoked
  agent: mcp
  task_id: gsane_read_active_delivery_contract
  duration_ms: 0
  trust_score: null
  details: "active delivery contract"
- timestamp: 2026-04-10T22:54:13.785684
  session_id: mcp
  event: tool_invoked
  agent: mcp
  task_id: gsane_read_project_snapshot
  duration_ms: 0
  trust_score: null
  details: "canonical project snapshot"
- timestamp: 2026-04-10T22:54:13.814357
  session_id: mcp
  event: tool_invoked
  agent: mcp
  task_id: gsane_fetch_compressed_memory
  duration_ms: 0
  trust_score: null
  details: "query=master"
- timestamp: 2026-04-10T22:54:13.827726
  session_id: mcp
  event: tool_invoked
  agent: mcp
  task_id: gsane_fetch_compressed_memory
  duration_ms: 0
  trust_score: null
  details: "query=xyzzy_query_that_does_not_exist_12345"
- timestamp: 2026-04-10T22:54:13.840646
  session_id: mcp
  event: tool_invoked
  agent: mcp
  task_id: gsane_fetch_compressed_memory
  duration_ms: 0
  trust_score: null
  details: "query=agent"
- timestamp: 2026-04-10T22:54:13.854241
  session_id: mcp
  event: tool_invoked
  agent: mcp
  task_id: gsane_write_session_checkpoint
  duration_ms: 0
  trust_score: null
  details: "exchange=999"
- timestamp: 2026-04-10T22:54:13.857101
  session_id: mcp
  event: tool_invoked
  agent: mcp
  task_id: gsane_write_session_checkpoint
  duration_ms: 0
  trust_score: null
  details: "exchange=998"
- timestamp: 2026-04-10T22:54:13.859230
  session_id: mcp
  event: tool_invoked
  agent: mcp
  task_id: gsane_read_checkpoint
  duration_ms: 0
  trust_score: null
  details: "warm session read"
- timestamp: 2026-04-10T22:54:13.861448
  session_id: mcp
  event: tool_invoked
  agent: mcp
  task_id: gsane_read_checkpoint
  duration_ms: 0
  trust_score: null
  details: "warm session read"
- timestamp: 2026-04-10T22:54:13.863627
  session_id: mcp
  event: tool_invoked
  agent: mcp
  task_id: gsane_route
  duration_ms: 0
  trust_score: null
  details: "query=implement a new feature"
- timestamp: 2026-04-10T22:54:13.887606
  session_id: mcp
  event: tool_invoked
  agent: mcp
  task_id: gsane_route
  duration_ms: 0
  trust_score: null
  details: "query=design a scalable architecture for the API"
- timestamp: 2026-04-10T22:54:13.911486
  session_id: mcp
  event: tool_invoked
  agent: mcp
  task_id: gsane_route
  duration_ms: 0
  trust_score: null
  details: "query=implement this with test-driven development"
- timestamp: 2026-04-10T22:54:13.935174
  session_id: mcp
  event: tool_invoked
  agent: mcp
  task_id: gsane_route
  duration_ms: 0
  trust_score: null
  details: "query=security hardening for auth tokens and filesystem access"
- timestamp: 2026-04-10T22:54:13.945438
  session_id: mcp
  event: tool_invoked
  agent: mcp
  task_id: gsane_route
  duration_ms: 0
  trust_score: null
  details: "query=security review for GSANE MCP sandbox guardrail policy"
- timestamp: 2026-04-10T22:54:13.956808
  session_id: mcp
  event: tool_invoked
  agent: mcp
  task_id: gsane_route
  duration_ms: 0
  trust_score: null
  details: "query=test query"
- timestamp: 2026-04-10T22:54:13.958420
  session_id: mcp
  event: tool_invoked
  agent: mcp
  task_id: gsane_route
  duration_ms: 0
  trust_score: null
  details: "query=test my architecture idea"
- timestamp: 2026-04-10T22:54:13.982226
  session_id: mcp
  event: tool_invoked
  agent: mcp
  task_id: gsane_route
  duration_ms: 0
  trust_score: null
  details: "query=code architecture is broken"
- timestamp: 2026-04-10T22:54:14.005875
  session_id: mcp
  event: tool_invoked
  agent: mcp
  task_id: gsane_route
  duration_ms: 0
  trust_score: null
  details: "query=bonjour, help me"
- timestamp: 2026-04-10T22:54:14.029800
  session_id: mcp
  event: tool_invoked
  agent: mcp
  task_id: gsane_route
  duration_ms: 0
  trust_score: null
  details: "query=implement a new feature"
- timestamp: 2026-04-10T22:54:14.053655
  session_id: mcp
  event: tool_invoked
  agent: mcp
  task_id: gsane_trace_report
  duration_ms: 0
  trust_score: null
  details: ""
- timestamp: 2026-04-10T22:54:14.248365
  session_id: mcp
  event: tool_invoked
  agent: mcp
  task_id: gsane_memory_fetch
  duration_ms: 0
  trust_score: null
  details: "agent=master topic="
- timestamp: 2026-04-10T22:54:14.259289
  session_id: mcp
  event: tool_invoked
  agent: mcp
  task_id: gsane_memory_fetch
  duration_ms: 0
  trust_score: null
  details: "agent=agent_xyz_unknown_12345 topic="
- timestamp: 2026-04-10T22:54:14.269194
  session_id: mcp
  event: tool_invoked
  agent: mcp
  task_id: gsane_memory_fetch
  duration_ms: 0
  trust_score: null
  details: "agent=master topic=leçon"
- timestamp: 2026-04-10T22:54:14.280274
  session_id: mcp
  event: tool_invoked
  agent: mcp
  task_id: gsane_memory_fetch
  duration_ms: 0
  trust_score: null
  details: "agent=..\\master topic="
- timestamp: 2026-04-10T22:54:14.495307
  session_id: mcp
  event: tool_invoked
  agent: mcp
  task_id: gsane_search_memory
  duration_ms: 0
  trust_score: null
  details: "query=agent scope=all"
- timestamp: 2026-04-10T22:54:14.508580
  session_id: mcp
  event: tool_invoked
  agent: mcp
  task_id: gsane_search_memory
  duration_ms: 0
  trust_score: null
  details: "query=xyz_inexistant_99999 scope=all"
- timestamp: 2026-04-10T22:54:14.521799
  session_id: mcp
  event: tool_invoked
  agent: mcp
  task_id: gsane_search_memory
  duration_ms: 0
  trust_score: null
  details: "query=FM- scope=failures"
- timestamp: 2026-04-10T22:54:14.535086
  session_id: mcp
  event: tool_invoked
  agent: mcp
  task_id: gsane_search_memory
  duration_ms: 0
  trust_score: null
  details: "query=DL- scope=decisions"
- timestamp: 2026-04-10T22:54:14.548586
  session_id: mcp
  event: tool_invoked
  agent: mcp
  task_id: gsane_search_memory
  duration_ms: 0
  trust_score: null
  details: "query=Session scope=sessions"
- timestamp: 2026-04-10T22:54:14.585588
  session_id: mcp
  event: tool_invoked
  agent: mcp
  task_id: gsane_search_memory
  duration_ms: 0
  trust_score: null
  details: "query=a scope=all"
- timestamp: 2026-04-10T22:54:14.607434
  session_id: mcp
  event: tool_invoked
  agent: mcp
  task_id: gsane_emit_event
  duration_ms: 0
  trust_score: null
  details: "type=qa_gate_passed agent=Quinn"
- timestamp: 2026-04-10T22:54:14.609291
  session_id: mcp
  event: qa_gate_passed
  agent: Quinn
  task_id: custom_event
  duration_ms: 0
  trust_score: null
  details: "{\"tests\": 155}"
- timestamp: 2026-04-10T22:54:14.611627
  session_id: mcp
  event: tool_invoked
  agent: mcp
  task_id: gsane_emit_event
  duration_ms: 0
  trust_score: null
  details: "type=custom_weird_event agent=TestAgent"
- timestamp: 2026-04-10T22:54:14.613015
  session_id: mcp
  event: custom_weird_event
  agent: TestAgent
  task_id: custom_event
  duration_ms: 0
  trust_score: null
  details: "{\"foo\": \"bar\"}"
- timestamp: 2026-04-10T22:54:14.615173
  session_id: mcp
  event: tool_invoked
  agent: mcp
  task_id: gsane_emit_event
  duration_ms: 0
  trust_score: null
  details: "type=session_milestone agent=Langis"
- timestamp: 2026-04-10T22:54:14.616035
  session_id: mcp
  event: session_milestone
  agent: Langis
  task_id: P5-C-test
  duration_ms: 0
  trust_score: null
  details: "{\"milestone\": \"P5-test\"}"
- timestamp: 2026-04-10T22:54:14.812833
  session_id: mcp
  event: tool_invoked
  agent: mcp
  task_id: gsane_emit_event
  duration_ms: 0
  trust_score: null
  details: "type=delivery_contract_created agent=Langis"
- timestamp: 2026-04-10T22:54:14.813681
  session_id: mcp
  event: delivery_contract_created
  agent: Langis
  task_id: DC-TEST-001
  duration_ms: 0
  trust_score: null
  details: "{}"
- timestamp: 2026-04-10T22:54:14.815152
  session_id: mcp
  event: tool_invoked
  agent: mcp
  task_id: gsane_emit_event
  duration_ms: 0
  trust_score: null
  details: "type=qa_gate_passed agent=Quinn"
- timestamp: 2026-04-10T22:54:14.815963
  session_id: mcp
  event: qa_gate_passed
  agent: Quinn
  task_id: custom_event
  duration_ms: 0
  trust_score: null
  details: "{}"
- timestamp: 2026-04-10T22:54:14.817352
  session_id: mcp
  event: tool_invoked
  agent: mcp
  task_id: gsane_emit_event
  duration_ms: 0
  trust_score: null
  details: "type=delivery_contract_created agent=TestAgent"
- timestamp: 2026-04-10T22:54:14.818164
  session_id: mcp
  event: delivery_contract_created
  agent: TestAgent
  task_id: custom_event
  duration_ms: 0
  trust_score: null
  details: "{\"test\": true}"
- timestamp: 2026-04-10T22:54:14.818928
  session_id: mcp
  event: tool_invoked
  agent: mcp
  task_id: gsane_emit_event
  duration_ms: 0
  trust_score: null
  details: "type=delivery_contract_approved agent=TestAgent"
- timestamp: 2026-04-10T22:54:14.819717
  session_id: mcp
  event: delivery_contract_approved
  agent: TestAgent
  task_id: custom_event
  duration_ms: 0
  trust_score: null
  details: "{\"test\": true}"
- timestamp: 2026-04-10T22:54:14.820472
  session_id: mcp
  event: tool_invoked
  agent: mcp
  task_id: gsane_emit_event
  duration_ms: 0
  trust_score: null
  details: "type=qa_gate_passed agent=TestAgent"
- timestamp: 2026-04-10T22:54:14.821336
  session_id: mcp
  event: qa_gate_passed
  agent: TestAgent
  task_id: custom_event
  duration_ms: 0
  trust_score: null
  details: "{\"test\": true}"
- timestamp: 2026-04-10T22:54:14.822058
  session_id: mcp
  event: tool_invoked
  agent: mcp
  task_id: gsane_emit_event
  duration_ms: 0
  trust_score: null
  details: "type=qa_gate_failed agent=TestAgent"
- timestamp: 2026-04-10T22:54:14.822880
  session_id: mcp
  event: qa_gate_failed
  agent: TestAgent
  task_id: custom_event
  duration_ms: 0
  trust_score: null
  details: "{\"test\": true}"
- timestamp: 2026-04-10T22:54:14.823632
  session_id: mcp
  event: tool_invoked
  agent: mcp
  task_id: gsane_emit_event
  duration_ms: 0
  trust_score: null
  details: "type=handoff_initiated agent=TestAgent"
- timestamp: 2026-04-10T22:54:14.824650
  session_id: mcp
  event: handoff_initiated
  agent: TestAgent
  task_id: custom_event
  duration_ms: 0
  trust_score: null
  details: "{\"test\": true}"
- timestamp: 2026-04-10T22:54:14.825368
  session_id: mcp
  event: tool_invoked
  agent: mcp
  task_id: gsane_emit_event
  duration_ms: 0
  trust_score: null
  details: "type=session_milestone agent=TestAgent"
- timestamp: 2026-04-10T22:54:14.826158
  session_id: mcp
  event: session_milestone
  agent: TestAgent
  task_id: custom_event
  duration_ms: 0
  trust_score: null
  details: "{\"test\": true}"
- timestamp: 2026-04-10T22:59:26.577770
  session_id: mcp
  event: tool_invoked
  agent: mcp
  task_id: gsane_read_canonical_brief
  duration_ms: 0
  trust_score: null
  details: "canonical human brief"
- timestamp: 2026-04-10T22:59:26.586870
  session_id: mcp
  event: tool_invoked
  agent: mcp
  task_id: gsane_read_active_delivery_contract
  duration_ms: 0
  trust_score: null
  details: "active delivery contract"
- timestamp: 2026-04-10T22:59:26.596831
  session_id: mcp
  event: tool_invoked
  agent: mcp
  task_id: gsane_read_project_snapshot
  duration_ms: 0
  trust_score: null
  details: "canonical project snapshot"
- timestamp: 2026-04-10T22:59:26.630756
  session_id: mcp
  event: tool_invoked
  agent: mcp
  task_id: gsane_fetch_compressed_memory
  duration_ms: 0
  trust_score: null
  details: "query=master"
- timestamp: 2026-04-10T22:59:26.644289
  session_id: mcp
  event: tool_invoked
  agent: mcp
  task_id: gsane_fetch_compressed_memory
  duration_ms: 0
  trust_score: null
  details: "query=xyzzy_query_that_does_not_exist_12345"
- timestamp: 2026-04-10T22:59:26.657462
  session_id: mcp
  event: tool_invoked
  agent: mcp
  task_id: gsane_fetch_compressed_memory
  duration_ms: 0
  trust_score: null
  details: "query=agent"
- timestamp: 2026-04-10T22:59:26.671661
  session_id: mcp
  event: tool_invoked
  agent: mcp
  task_id: gsane_write_session_checkpoint
  duration_ms: 0
  trust_score: null
  details: "exchange=999"
- timestamp: 2026-04-10T22:59:26.674987
  session_id: mcp
  event: tool_invoked
  agent: mcp
  task_id: gsane_write_session_checkpoint
  duration_ms: 0
  trust_score: null
  details: "exchange=998"
- timestamp: 2026-04-10T22:59:26.677170
  session_id: mcp
  event: tool_invoked
  agent: mcp
  task_id: gsane_read_checkpoint
  duration_ms: 0
  trust_score: null
  details: "warm session read"
- timestamp: 2026-04-10T22:59:26.679456
  session_id: mcp
  event: tool_invoked
  agent: mcp
  task_id: gsane_read_checkpoint
  duration_ms: 0
  trust_score: null
  details: "warm session read"
- timestamp: 2026-04-10T22:59:26.681831
  session_id: mcp
  event: tool_invoked
  agent: mcp
  task_id: gsane_route
  duration_ms: 0
  trust_score: null
  details: "query=implement a new feature"
- timestamp: 2026-04-10T22:59:26.706206
  session_id: mcp
  event: tool_invoked
  agent: mcp
  task_id: gsane_route
  duration_ms: 0
  trust_score: null
  details: "query=design a scalable architecture for the API"
- timestamp: 2026-04-10T22:59:26.731787
  session_id: mcp
  event: tool_invoked
  agent: mcp
  task_id: gsane_route
  duration_ms: 0
  trust_score: null
  details: "query=implement this with test-driven development"
- timestamp: 2026-04-10T22:59:26.756321
  session_id: mcp
  event: tool_invoked
  agent: mcp
  task_id: gsane_route
  duration_ms: 0
  trust_score: null
  details: "query=security hardening for auth tokens and filesystem access"
- timestamp: 2026-04-10T22:59:26.766857
  session_id: mcp
  event: tool_invoked
  agent: mcp
  task_id: gsane_route
  duration_ms: 0
  trust_score: null
  details: "query=security review for GSANE MCP sandbox guardrail policy"
- timestamp: 2026-04-10T22:59:26.778589
  session_id: mcp
  event: tool_invoked
  agent: mcp
  task_id: gsane_route
  duration_ms: 0
  trust_score: null
  details: "query=test query"
- timestamp: 2026-04-10T22:59:26.780168
  session_id: mcp
  event: tool_invoked
  agent: mcp
  task_id: gsane_route
  duration_ms: 0
  trust_score: null
  details: "query=test my architecture idea"
- timestamp: 2026-04-10T22:59:26.804088
  session_id: mcp
  event: tool_invoked
  agent: mcp
  task_id: gsane_route
  duration_ms: 0
  trust_score: null
  details: "query=code architecture is broken"
- timestamp: 2026-04-10T22:59:26.828356
  session_id: mcp
  event: tool_invoked
  agent: mcp
  task_id: gsane_route
  duration_ms: 0
  trust_score: null
  details: "query=bonjour, help me"
- timestamp: 2026-04-10T22:59:26.855662
  session_id: mcp
  event: tool_invoked
  agent: mcp
  task_id: gsane_route
  duration_ms: 0
  trust_score: null
  details: "query=implement a new feature"
- timestamp: 2026-04-10T22:59:26.880649
  session_id: mcp
  event: tool_invoked
  agent: mcp
  task_id: gsane_trace_report
  duration_ms: 0
  trust_score: null
  details: ""
- timestamp: 2026-04-10T22:59:27.102227
  session_id: mcp
  event: tool_invoked
  agent: mcp
  task_id: gsane_memory_fetch
  duration_ms: 0
  trust_score: null
  details: "agent=master topic="
- timestamp: 2026-04-10T22:59:27.113449
  session_id: mcp
  event: tool_invoked
  agent: mcp
  task_id: gsane_memory_fetch
  duration_ms: 0
  trust_score: null
  details: "agent=agent_xyz_unknown_12345 topic="
- timestamp: 2026-04-10T22:59:27.124123
  session_id: mcp
  event: tool_invoked
  agent: mcp
  task_id: gsane_memory_fetch
  duration_ms: 0
  trust_score: null
  details: "agent=master topic=leçon"
- timestamp: 2026-04-10T22:59:27.135099
  session_id: mcp
  event: tool_invoked
  agent: mcp
  task_id: gsane_memory_fetch
  duration_ms: 0
  trust_score: null
  details: "agent=..\\master topic="
- timestamp: 2026-04-10T22:59:27.369825
  session_id: mcp
  event: tool_invoked
  agent: mcp
  task_id: gsane_search_memory
  duration_ms: 0
  trust_score: null
  details: "query=agent scope=all"
- timestamp: 2026-04-10T22:59:27.383133
  session_id: mcp
  event: tool_invoked
  agent: mcp
  task_id: gsane_search_memory
  duration_ms: 0
  trust_score: null
  details: "query=xyz_inexistant_99999 scope=all"
- timestamp: 2026-04-10T22:59:27.396106
  session_id: mcp
  event: tool_invoked
  agent: mcp
  task_id: gsane_search_memory
  duration_ms: 0
  trust_score: null
  details: "query=FM- scope=failures"
- timestamp: 2026-04-10T22:59:27.409788
  session_id: mcp
  event: tool_invoked
  agent: mcp
  task_id: gsane_search_memory
  duration_ms: 0
  trust_score: null
  details: "query=DL- scope=decisions"
- timestamp: 2026-04-10T22:59:27.423439
  session_id: mcp
  event: tool_invoked
  agent: mcp
  task_id: gsane_search_memory
  duration_ms: 0
  trust_score: null
  details: "query=Session scope=sessions"
- timestamp: 2026-04-10T22:59:27.438293
  session_id: mcp
  event: tool_invoked
  agent: mcp
  task_id: gsane_search_memory
  duration_ms: 0
  trust_score: null
  details: "query=a scope=all"
- timestamp: 2026-04-10T22:59:27.452620
  session_id: mcp
  event: tool_invoked
  agent: mcp
  task_id: gsane_emit_event
  duration_ms: 0
  trust_score: null
  details: "type=qa_gate_passed agent=Quinn"
- timestamp: 2026-04-10T22:59:27.453590
  session_id: mcp
  event: qa_gate_passed
  agent: Quinn
  task_id: custom_event
  duration_ms: 0
  trust_score: null
  details: "{\"tests\": 155}"
- timestamp: 2026-04-10T22:59:27.455091
  session_id: mcp
  event: tool_invoked
  agent: mcp
  task_id: gsane_emit_event
  duration_ms: 0
  trust_score: null
  details: "type=custom_weird_event agent=TestAgent"
- timestamp: 2026-04-10T22:59:27.455926
  session_id: mcp
  event: custom_weird_event
  agent: TestAgent
  task_id: custom_event
  duration_ms: 0
  trust_score: null
  details: "{\"foo\": \"bar\"}"
- timestamp: 2026-04-10T22:59:27.457390
  session_id: mcp
  event: tool_invoked
  agent: mcp
  task_id: gsane_emit_event
  duration_ms: 0
  trust_score: null
  details: "type=session_milestone agent=Langis"
- timestamp: 2026-04-10T22:59:27.458235
  session_id: mcp
  event: session_milestone
  agent: Langis
  task_id: P5-C-test
  duration_ms: 0
  trust_score: null
  details: "{\"milestone\": \"P5-test\"}"
- timestamp: 2026-04-10T22:59:27.678945
  session_id: mcp
  event: tool_invoked
  agent: mcp
  task_id: gsane_emit_event
  duration_ms: 0
  trust_score: null
  details: "type=delivery_contract_created agent=Langis"
- timestamp: 2026-04-10T22:59:27.679817
  session_id: mcp
  event: delivery_contract_created
  agent: Langis
  task_id: DC-TEST-001
  duration_ms: 0
  trust_score: null
  details: "{}"
- timestamp: 2026-04-10T22:59:27.681235
  session_id: mcp
  event: tool_invoked
  agent: mcp
  task_id: gsane_emit_event
  duration_ms: 0
  trust_score: null
  details: "type=qa_gate_passed agent=Quinn"
- timestamp: 2026-04-10T22:59:27.682030
  session_id: mcp
  event: qa_gate_passed
  agent: Quinn
  task_id: custom_event
  duration_ms: 0
  trust_score: null
  details: "{}"
- timestamp: 2026-04-10T22:59:27.683430
  session_id: mcp
  event: tool_invoked
  agent: mcp
  task_id: gsane_emit_event
  duration_ms: 0
  trust_score: null
  details: "type=delivery_contract_created agent=TestAgent"
- timestamp: 2026-04-10T22:59:27.684243
  session_id: mcp
  event: delivery_contract_created
  agent: TestAgent
  task_id: custom_event
  duration_ms: 0
  trust_score: null
  details: "{\"test\": true}"
- timestamp: 2026-04-10T22:59:27.684951
  session_id: mcp
  event: tool_invoked
  agent: mcp
  task_id: gsane_emit_event
  duration_ms: 0
  trust_score: null
  details: "type=delivery_contract_approved agent=TestAgent"
- timestamp: 2026-04-10T22:59:27.685820
  session_id: mcp
  event: delivery_contract_approved
  agent: TestAgent
  task_id: custom_event
  duration_ms: 0
  trust_score: null
  details: "{\"test\": true}"
- timestamp: 2026-04-10T22:59:27.686533
  session_id: mcp
  event: tool_invoked
  agent: mcp
  task_id: gsane_emit_event
  duration_ms: 0
  trust_score: null
  details: "type=qa_gate_passed agent=TestAgent"
- timestamp: 2026-04-10T22:59:27.687329
  session_id: mcp
  event: qa_gate_passed
  agent: TestAgent
  task_id: custom_event
  duration_ms: 0
  trust_score: null
  details: "{\"test\": true}"
- timestamp: 2026-04-10T22:59:27.688024
  session_id: mcp
  event: tool_invoked
  agent: mcp
  task_id: gsane_emit_event
  duration_ms: 0
  trust_score: null
  details: "type=qa_gate_failed agent=TestAgent"
- timestamp: 2026-04-10T22:59:27.688884
  session_id: mcp
  event: qa_gate_failed
  agent: TestAgent
  task_id: custom_event
  duration_ms: 0
  trust_score: null
  details: "{\"test\": true}"
- timestamp: 2026-04-10T22:59:27.689637
  session_id: mcp
  event: tool_invoked
  agent: mcp
  task_id: gsane_emit_event
  duration_ms: 0
  trust_score: null
  details: "type=handoff_initiated agent=TestAgent"
- timestamp: 2026-04-10T22:59:27.690548
  session_id: mcp
  event: handoff_initiated
  agent: TestAgent
  task_id: custom_event
  duration_ms: 0
  trust_score: null
  details: "{\"test\": true}"
- timestamp: 2026-04-10T22:59:27.691271
  session_id: mcp
  event: tool_invoked
  agent: mcp
  task_id: gsane_emit_event
  duration_ms: 0
  trust_score: null
  details: "type=session_milestone agent=TestAgent"
- timestamp: 2026-04-10T22:59:27.692072
  session_id: mcp
  event: session_milestone
  agent: TestAgent
  task_id: custom_event
  duration_ms: 0
  trust_score: null
  details: "{\"test\": true}"
- timestamp: 2026-04-10T22:59:31.842775
  session_id: mcp
  event: tool_invoked
  agent: mcp
  task_id: gsane_read_canonical_brief
  duration_ms: 0
  trust_score: null
  details: "canonical human brief"
- timestamp: 2026-04-10T22:59:31.850817
  session_id: mcp
  event: tool_invoked
  agent: mcp
  task_id: gsane_read_active_delivery_contract
  duration_ms: 0
  trust_score: null
  details: "active delivery contract"
- timestamp: 2026-04-10T22:59:31.858990
  session_id: mcp
  event: tool_invoked
  agent: mcp
  task_id: gsane_read_project_snapshot
  duration_ms: 0
  trust_score: null
  details: "canonical project snapshot"
- timestamp: 2026-04-10T22:59:31.888467
  session_id: mcp
  event: tool_invoked
  agent: mcp
  task_id: gsane_fetch_compressed_memory
  duration_ms: 0
  trust_score: null
  details: "query=master"
- timestamp: 2026-04-10T22:59:31.902169
  session_id: mcp
  event: tool_invoked
  agent: mcp
  task_id: gsane_fetch_compressed_memory
  duration_ms: 0
  trust_score: null
  details: "query=xyzzy_query_that_does_not_exist_12345"
- timestamp: 2026-04-10T22:59:31.915293
  session_id: mcp
  event: tool_invoked
  agent: mcp
  task_id: gsane_fetch_compressed_memory
  duration_ms: 0
  trust_score: null
  details: "query=agent"
- timestamp: 2026-04-10T22:59:31.929260
  session_id: mcp
  event: tool_invoked
  agent: mcp
  task_id: gsane_write_session_checkpoint
  duration_ms: 0
  trust_score: null
  details: "exchange=999"
- timestamp: 2026-04-10T22:59:31.932250
  session_id: mcp
  event: tool_invoked
  agent: mcp
  task_id: gsane_write_session_checkpoint
  duration_ms: 0
  trust_score: null
  details: "exchange=998"
- timestamp: 2026-04-10T22:59:31.934356
  session_id: mcp
  event: tool_invoked
  agent: mcp
  task_id: gsane_read_checkpoint
  duration_ms: 0
  trust_score: null
  details: "warm session read"
- timestamp: 2026-04-10T22:59:31.936548
  session_id: mcp
  event: tool_invoked
  agent: mcp
  task_id: gsane_read_checkpoint
  duration_ms: 0
  trust_score: null
  details: "warm session read"
- timestamp: 2026-04-10T22:59:31.938656
  session_id: mcp
  event: tool_invoked
  agent: mcp
  task_id: gsane_route
  duration_ms: 0
  trust_score: null
  details: "query=implement a new feature"
- timestamp: 2026-04-10T22:59:31.963837
  session_id: mcp
  event: tool_invoked
  agent: mcp
  task_id: gsane_route
  duration_ms: 0
  trust_score: null
  details: "query=design a scalable architecture for the API"
- timestamp: 2026-04-10T22:59:31.989919
  session_id: mcp
  event: tool_invoked
  agent: mcp
  task_id: gsane_route
  duration_ms: 0
  trust_score: null
  details: "query=implement this with test-driven development"
- timestamp: 2026-04-10T22:59:32.015214
  session_id: mcp
  event: tool_invoked
  agent: mcp
  task_id: gsane_route
  duration_ms: 0
  trust_score: null
  details: "query=security hardening for auth tokens and filesystem access"
- timestamp: 2026-04-10T22:59:32.026040
  session_id: mcp
  event: tool_invoked
  agent: mcp
  task_id: gsane_route
  duration_ms: 0
  trust_score: null
  details: "query=security review for GSANE MCP sandbox guardrail policy"
- timestamp: 2026-04-10T22:59:32.038308
  session_id: mcp
  event: tool_invoked
  agent: mcp
  task_id: gsane_route
  duration_ms: 0
  trust_score: null
  details: "query=test query"
- timestamp: 2026-04-10T22:59:32.039976
  session_id: mcp
  event: tool_invoked
  agent: mcp
  task_id: gsane_route
  duration_ms: 0
  trust_score: null
  details: "query=test my architecture idea"
- timestamp: 2026-04-10T22:59:32.064523
  session_id: mcp
  event: tool_invoked
  agent: mcp
  task_id: gsane_route
  duration_ms: 0
  trust_score: null
  details: "query=code architecture is broken"
- timestamp: 2026-04-10T22:59:32.089224
  session_id: mcp
  event: tool_invoked
  agent: mcp
  task_id: gsane_route
  duration_ms: 0
  trust_score: null
  details: "query=bonjour, help me"
- timestamp: 2026-04-10T22:59:32.113601
  session_id: mcp
  event: tool_invoked
  agent: mcp
  task_id: gsane_route
  duration_ms: 0
  trust_score: null
  details: "query=implement a new feature"
- timestamp: 2026-04-10T22:59:32.138099
  session_id: mcp
  event: tool_invoked
  agent: mcp
  task_id: gsane_trace_report
  duration_ms: 0
  trust_score: null
  details: ""
- timestamp: 2026-04-10T22:59:32.389205
  session_id: mcp
  event: tool_invoked
  agent: mcp
  task_id: gsane_memory_fetch
  duration_ms: 0
  trust_score: null
  details: "agent=master topic="
- timestamp: 2026-04-10T22:59:32.400370
  session_id: mcp
  event: tool_invoked
  agent: mcp
  task_id: gsane_memory_fetch
  duration_ms: 0
  trust_score: null
  details: "agent=agent_xyz_unknown_12345 topic="
- timestamp: 2026-04-10T22:59:32.411088
  session_id: mcp
  event: tool_invoked
  agent: mcp
  task_id: gsane_memory_fetch
  duration_ms: 0
  trust_score: null
  details: "agent=master topic=leçon"
- timestamp: 2026-04-10T22:59:32.422463
  session_id: mcp
  event: tool_invoked
  agent: mcp
  task_id: gsane_memory_fetch
  duration_ms: 0
  trust_score: null
  details: "agent=..\\master topic="
- timestamp: 2026-04-10T22:59:32.670858
  session_id: mcp
  event: tool_invoked
  agent: mcp
  task_id: gsane_search_memory
  duration_ms: 0
  trust_score: null
  details: "query=agent scope=all"
- timestamp: 2026-04-10T22:59:32.684168
  session_id: mcp
  event: tool_invoked
  agent: mcp
  task_id: gsane_search_memory
  duration_ms: 0
  trust_score: null
  details: "query=xyz_inexistant_99999 scope=all"
- timestamp: 2026-04-10T22:59:32.697083
  session_id: mcp
  event: tool_invoked
  agent: mcp
  task_id: gsane_search_memory
  duration_ms: 0
  trust_score: null
  details: "query=FM- scope=failures"
- timestamp: 2026-04-10T22:59:32.711415
  session_id: mcp
  event: tool_invoked
  agent: mcp
  task_id: gsane_search_memory
  duration_ms: 0
  trust_score: null
  details: "query=DL- scope=decisions"
- timestamp: 2026-04-10T22:59:32.725664
  session_id: mcp
  event: tool_invoked
  agent: mcp
  task_id: gsane_search_memory
  duration_ms: 0
  trust_score: null
  details: "query=Session scope=sessions"
- timestamp: 2026-04-10T22:59:32.739945
  session_id: mcp
  event: tool_invoked
  agent: mcp
  task_id: gsane_search_memory
  duration_ms: 0
  trust_score: null
  details: "query=a scope=all"
- timestamp: 2026-04-10T22:59:32.753199
  session_id: mcp
  event: tool_invoked
  agent: mcp
  task_id: gsane_emit_event
  duration_ms: 0
  trust_score: null
  details: "type=qa_gate_passed agent=Quinn"
- timestamp: 2026-04-10T22:59:32.754038
  session_id: mcp
  event: qa_gate_passed
  agent: Quinn
  task_id: custom_event
  duration_ms: 0
  trust_score: null
  details: "{\"tests\": 155}"
- timestamp: 2026-04-10T22:59:32.755482
  session_id: mcp
  event: tool_invoked
  agent: mcp
  task_id: gsane_emit_event
  duration_ms: 0
  trust_score: null
  details: "type=custom_weird_event agent=TestAgent"
- timestamp: 2026-04-10T22:59:32.756326
  session_id: mcp
  event: custom_weird_event
  agent: TestAgent
  task_id: custom_event
  duration_ms: 0
  trust_score: null
  details: "{\"foo\": \"bar\"}"
- timestamp: 2026-04-10T22:59:32.757768
  session_id: mcp
  event: tool_invoked
  agent: mcp
  task_id: gsane_emit_event
  duration_ms: 0
  trust_score: null
  details: "type=session_milestone agent=Langis"
- timestamp: 2026-04-10T22:59:32.758598
  session_id: mcp
  event: session_milestone
  agent: Langis
  task_id: P5-C-test
  duration_ms: 0
  trust_score: null
  details: "{\"milestone\": \"P5-test\"}"
- timestamp: 2026-04-10T22:59:33.001548
  session_id: mcp
  event: tool_invoked
  agent: mcp
  task_id: gsane_emit_event
  duration_ms: 0
  trust_score: null
  details: "type=delivery_contract_created agent=Langis"
- timestamp: 2026-04-10T22:59:33.002402
  session_id: mcp
  event: delivery_contract_created
  agent: Langis
  task_id: DC-TEST-001
  duration_ms: 0
  trust_score: null
  details: "{}"
- timestamp: 2026-04-10T22:59:33.003813
  session_id: mcp
  event: tool_invoked
  agent: mcp
  task_id: gsane_emit_event
  duration_ms: 0
  trust_score: null
  details: "type=qa_gate_passed agent=Quinn"
- timestamp: 2026-04-10T22:59:33.004629
  session_id: mcp
  event: qa_gate_passed
  agent: Quinn
  task_id: custom_event
  duration_ms: 0
  trust_score: null
  details: "{}"
- timestamp: 2026-04-10T22:59:33.006017
  session_id: mcp
  event: tool_invoked
  agent: mcp
  task_id: gsane_emit_event
  duration_ms: 0
  trust_score: null
  details: "type=delivery_contract_created agent=TestAgent"
- timestamp: 2026-04-10T22:59:33.006841
  session_id: mcp
  event: delivery_contract_created
  agent: TestAgent
  task_id: custom_event
  duration_ms: 0
  trust_score: null
  details: "{\"test\": true}"
- timestamp: 2026-04-10T22:59:33.007563
  session_id: mcp
  event: tool_invoked
  agent: mcp
  task_id: gsane_emit_event
  duration_ms: 0
  trust_score: null
  details: "type=delivery_contract_approved agent=TestAgent"
- timestamp: 2026-04-10T22:59:33.008434
  session_id: mcp
  event: delivery_contract_approved
  agent: TestAgent
  task_id: custom_event
  duration_ms: 0
  trust_score: null
  details: "{\"test\": true}"
- timestamp: 2026-04-10T22:59:33.009160
  session_id: mcp
  event: tool_invoked
  agent: mcp
  task_id: gsane_emit_event
  duration_ms: 0
  trust_score: null
  details: "type=qa_gate_passed agent=TestAgent"
- timestamp: 2026-04-10T22:59:33.009958
  session_id: mcp
  event: qa_gate_passed
  agent: TestAgent
  task_id: custom_event
  duration_ms: 0
  trust_score: null
  details: "{\"test\": true}"
- timestamp: 2026-04-10T22:59:33.010671
  session_id: mcp
  event: tool_invoked
  agent: mcp
  task_id: gsane_emit_event
  duration_ms: 0
  trust_score: null
  details: "type=qa_gate_failed agent=TestAgent"
- timestamp: 2026-04-10T22:59:33.011546
  session_id: mcp
  event: qa_gate_failed
  agent: TestAgent
  task_id: custom_event
  duration_ms: 0
  trust_score: null
  details: "{\"test\": true}"
- timestamp: 2026-04-10T22:59:33.012357
  session_id: mcp
  event: tool_invoked
  agent: mcp
  task_id: gsane_emit_event
  duration_ms: 0
  trust_score: null
  details: "type=handoff_initiated agent=TestAgent"
- timestamp: 2026-04-10T22:59:33.013247
  session_id: mcp
  event: handoff_initiated
  agent: TestAgent
  task_id: custom_event
  duration_ms: 0
  trust_score: null
  details: "{\"test\": true}"
- timestamp: 2026-04-10T22:59:33.014005
  session_id: mcp
  event: tool_invoked
  agent: mcp
  task_id: gsane_emit_event
  duration_ms: 0
  trust_score: null
  details: "type=session_milestone agent=TestAgent"
- timestamp: 2026-04-10T22:59:33.014912
  session_id: mcp
  event: session_milestone
  agent: TestAgent
  task_id: custom_event
  duration_ms: 0
  trust_score: null
  details: "{\"test\": true}"
- timestamp: 2026-04-10T23:00:26.509450
  session_id: mcp
  event: tool_invoked
  agent: mcp
  task_id: gsane_read_canonical_brief
  duration_ms: 0
  trust_score: null
  details: "canonical human brief"
- timestamp: 2026-04-10T23:00:26.517393
  session_id: mcp
  event: tool_invoked
  agent: mcp
  task_id: gsane_read_active_delivery_contract
  duration_ms: 0
  trust_score: null
  details: "active delivery contract"
- timestamp: 2026-04-10T23:00:26.525703
  session_id: mcp
  event: tool_invoked
  agent: mcp
  task_id: gsane_read_project_snapshot
  duration_ms: 0
  trust_score: null
  details: "canonical project snapshot"
- timestamp: 2026-04-10T23:00:26.555929
  session_id: mcp
  event: tool_invoked
  agent: mcp
  task_id: gsane_fetch_compressed_memory
  duration_ms: 0
  trust_score: null
  details: "query=master"
- timestamp: 2026-04-10T23:00:26.570893
  session_id: mcp
  event: tool_invoked
  agent: mcp
  task_id: gsane_fetch_compressed_memory
  duration_ms: 0
  trust_score: null
  details: "query=xyzzy_query_that_does_not_exist_12345"
- timestamp: 2026-04-10T23:00:26.586164
  session_id: mcp
  event: tool_invoked
  agent: mcp
  task_id: gsane_fetch_compressed_memory
  duration_ms: 0
  trust_score: null
  details: "query=agent"
- timestamp: 2026-04-10T23:00:26.601183
  session_id: mcp
  event: tool_invoked
  agent: mcp
  task_id: gsane_write_session_checkpoint
  duration_ms: 0
  trust_score: null
  details: "exchange=999"
- timestamp: 2026-04-10T23:00:26.604333
  session_id: mcp
  event: tool_invoked
  agent: mcp
  task_id: gsane_write_session_checkpoint
  duration_ms: 0
  trust_score: null
  details: "exchange=998"
- timestamp: 2026-04-10T23:00:26.606435
  session_id: mcp
  event: tool_invoked
  agent: mcp
  task_id: gsane_read_checkpoint
  duration_ms: 0
  trust_score: null
  details: "warm session read"
- timestamp: 2026-04-10T23:00:26.608635
  session_id: mcp
  event: tool_invoked
  agent: mcp
  task_id: gsane_read_checkpoint
  duration_ms: 0
  trust_score: null
  details: "warm session read"
- timestamp: 2026-04-10T23:00:26.610848
  session_id: mcp
  event: tool_invoked
  agent: mcp
  task_id: gsane_route
  duration_ms: 0
  trust_score: null
  details: "query=implement a new feature"
- timestamp: 2026-04-10T23:00:26.635918
  session_id: mcp
  event: tool_invoked
  agent: mcp
  task_id: gsane_route
  duration_ms: 0
  trust_score: null
  details: "query=design a scalable architecture for the API"
- timestamp: 2026-04-10T23:00:26.660803
  session_id: mcp
  event: tool_invoked
  agent: mcp
  task_id: gsane_route
  duration_ms: 0
  trust_score: null
  details: "query=implement this with test-driven development"
- timestamp: 2026-04-10T23:00:26.685220
  session_id: mcp
  event: tool_invoked
  agent: mcp
  task_id: gsane_route
  duration_ms: 0
  trust_score: null
  details: "query=security hardening for auth tokens and filesystem access"
- timestamp: 2026-04-10T23:00:26.695680
  session_id: mcp
  event: tool_invoked
  agent: mcp
  task_id: gsane_route
  duration_ms: 0
  trust_score: null
  details: "query=security review for GSANE MCP sandbox guardrail policy"
- timestamp: 2026-04-10T23:00:26.707248
  session_id: mcp
  event: tool_invoked
  agent: mcp
  task_id: gsane_route
  duration_ms: 0
  trust_score: null
  details: "query=test query"
- timestamp: 2026-04-10T23:00:26.708806
  session_id: mcp
  event: tool_invoked
  agent: mcp
  task_id: gsane_route
  duration_ms: 0
  trust_score: null
  details: "query=test my architecture idea"
- timestamp: 2026-04-10T23:00:26.733151
  session_id: mcp
  event: tool_invoked
  agent: mcp
  task_id: gsane_route
  duration_ms: 0
  trust_score: null
  details: "query=code architecture is broken"
- timestamp: 2026-04-10T23:00:26.761882
  session_id: mcp
  event: tool_invoked
  agent: mcp
  task_id: gsane_route
  duration_ms: 0
  trust_score: null
  details: "query=bonjour, help me"
- timestamp: 2026-04-10T23:00:26.785967
  session_id: mcp
  event: tool_invoked
  agent: mcp
  task_id: gsane_route
  duration_ms: 0
  trust_score: null
  details: "query=implement a new feature"
- timestamp: 2026-04-10T23:00:26.810215
  session_id: mcp
  event: tool_invoked
  agent: mcp
  task_id: gsane_trace_report
  duration_ms: 0
  trust_score: null
  details: ""
- timestamp: 2026-04-10T23:00:27.085093
  session_id: mcp
  event: tool_invoked
  agent: mcp
  task_id: gsane_memory_fetch
  duration_ms: 0
  trust_score: null
  details: "agent=master topic="
- timestamp: 2026-04-10T23:00:27.095922
  session_id: mcp
  event: tool_invoked
  agent: mcp
  task_id: gsane_memory_fetch
  duration_ms: 0
  trust_score: null
  details: "agent=agent_xyz_unknown_12345 topic="
- timestamp: 2026-04-10T23:00:27.105984
  session_id: mcp
  event: tool_invoked
  agent: mcp
  task_id: gsane_memory_fetch
  duration_ms: 0
  trust_score: null
  details: "agent=master topic=leçon"
- timestamp: 2026-04-10T23:00:27.116868
  session_id: mcp
  event: tool_invoked
  agent: mcp
  task_id: gsane_memory_fetch
  duration_ms: 0
  trust_score: null
  details: "agent=..\\master topic="
- timestamp: 2026-04-10T23:00:27.378945
  session_id: mcp
  event: tool_invoked
  agent: mcp
  task_id: gsane_search_memory
  duration_ms: 0
  trust_score: null
  details: "query=agent scope=all"
- timestamp: 2026-04-10T23:00:27.392107
  session_id: mcp
  event: tool_invoked
  agent: mcp
  task_id: gsane_search_memory
  duration_ms: 0
  trust_score: null
  details: "query=xyz_inexistant_99999 scope=all"
- timestamp: 2026-04-10T23:00:27.405210
  session_id: mcp
  event: tool_invoked
  agent: mcp
  task_id: gsane_search_memory
  duration_ms: 0
  trust_score: null
  details: "query=FM- scope=failures"
- timestamp: 2026-04-10T23:00:27.418268
  session_id: mcp
  event: tool_invoked
  agent: mcp
  task_id: gsane_search_memory
  duration_ms: 0
  trust_score: null
  details: "query=DL- scope=decisions"
- timestamp: 2026-04-10T23:00:27.431803
  session_id: mcp
  event: tool_invoked
  agent: mcp
  task_id: gsane_search_memory
  duration_ms: 0
  trust_score: null
  details: "query=Session scope=sessions"
- timestamp: 2026-04-10T23:00:27.445015
  session_id: mcp
  event: tool_invoked
  agent: mcp
  task_id: gsane_search_memory
  duration_ms: 0
  trust_score: null
  details: "query=a scope=all"
- timestamp: 2026-04-10T23:00:27.457889
  session_id: mcp
  event: tool_invoked
  agent: mcp
  task_id: gsane_emit_event
  duration_ms: 0
  trust_score: null
  details: "type=qa_gate_passed agent=Quinn"
- timestamp: 2026-04-10T23:00:27.458779
  session_id: mcp
  event: qa_gate_passed
  agent: Quinn
  task_id: custom_event
  duration_ms: 0
  trust_score: null
  details: "{\"tests\": 155}"
- timestamp: 2026-04-10T23:00:27.460231
  session_id: mcp
  event: tool_invoked
  agent: mcp
  task_id: gsane_emit_event
  duration_ms: 0
  trust_score: null
  details: "type=custom_weird_event agent=TestAgent"
- timestamp: 2026-04-10T23:00:27.461039
  session_id: mcp
  event: custom_weird_event
  agent: TestAgent
  task_id: custom_event
  duration_ms: 0
  trust_score: null
  details: "{\"foo\": \"bar\"}"
- timestamp: 2026-04-10T23:00:27.462460
  session_id: mcp
  event: tool_invoked
  agent: mcp
  task_id: gsane_emit_event
  duration_ms: 0
  trust_score: null
  details: "type=session_milestone agent=Langis"
- timestamp: 2026-04-10T23:00:27.463257
  session_id: mcp
  event: session_milestone
  agent: Langis
  task_id: P5-C-test
  duration_ms: 0
  trust_score: null
  details: "{\"milestone\": \"P5-test\"}"
- timestamp: 2026-04-10T23:00:27.726527
  session_id: mcp
  event: tool_invoked
  agent: mcp
  task_id: gsane_emit_event
  duration_ms: 0
  trust_score: null
  details: "type=delivery_contract_created agent=Langis"
- timestamp: 2026-04-10T23:00:27.727399
  session_id: mcp
  event: delivery_contract_created
  agent: Langis
  task_id: DC-TEST-001
  duration_ms: 0
  trust_score: null
  details: "{}"
- timestamp: 2026-04-10T23:00:27.728812
  session_id: mcp
  event: tool_invoked
  agent: mcp
  task_id: gsane_emit_event
  duration_ms: 0
  trust_score: null
  details: "type=qa_gate_passed agent=Quinn"
- timestamp: 2026-04-10T23:00:27.729812
  session_id: mcp
  event: qa_gate_passed
  agent: Quinn
  task_id: custom_event
  duration_ms: 0
  trust_score: null
  details: "{}"
- timestamp: 2026-04-10T23:00:27.731225
  session_id: mcp
  event: tool_invoked
  agent: mcp
  task_id: gsane_emit_event
  duration_ms: 0
  trust_score: null
  details: "type=delivery_contract_created agent=TestAgent"
- timestamp: 2026-04-10T23:00:27.732034
  session_id: mcp
  event: delivery_contract_created
  agent: TestAgent
  task_id: custom_event
  duration_ms: 0
  trust_score: null
  details: "{\"test\": true}"
- timestamp: 2026-04-10T23:00:27.732873
  session_id: mcp
  event: tool_invoked
  agent: mcp
  task_id: gsane_emit_event
  duration_ms: 0
  trust_score: null
  details: "type=delivery_contract_approved agent=TestAgent"
- timestamp: 2026-04-10T23:00:27.733871
  session_id: mcp
  event: delivery_contract_approved
  agent: TestAgent
  task_id: custom_event
  duration_ms: 0
  trust_score: null
  details: "{\"test\": true}"
- timestamp: 2026-04-10T23:00:27.734614
  session_id: mcp
  event: tool_invoked
  agent: mcp
  task_id: gsane_emit_event
  duration_ms: 0
  trust_score: null
  details: "type=qa_gate_passed agent=TestAgent"
- timestamp: 2026-04-10T23:00:27.735423
  session_id: mcp
  event: qa_gate_passed
  agent: TestAgent
  task_id: custom_event
  duration_ms: 0
  trust_score: null
  details: "{\"test\": true}"
- timestamp: 2026-04-10T23:00:27.736148
  session_id: mcp
  event: tool_invoked
  agent: mcp
  task_id: gsane_emit_event
  duration_ms: 0
  trust_score: null
  details: "type=qa_gate_failed agent=TestAgent"
- timestamp: 2026-04-10T23:00:27.737163
  session_id: mcp
  event: qa_gate_failed
  agent: TestAgent
  task_id: custom_event
  duration_ms: 0
  trust_score: null
  details: "{\"test\": true}"
- timestamp: 2026-04-10T23:00:27.738535
  session_id: mcp
  event: tool_invoked
  agent: mcp
  task_id: gsane_emit_event
  duration_ms: 0
  trust_score: null
  details: "type=handoff_initiated agent=TestAgent"
- timestamp: 2026-04-10T23:00:27.739457
  session_id: mcp
  event: handoff_initiated
  agent: TestAgent
  task_id: custom_event
  duration_ms: 0
  trust_score: null
  details: "{\"test\": true}"
- timestamp: 2026-04-10T23:00:27.740185
  session_id: mcp
  event: tool_invoked
  agent: mcp
  task_id: gsane_emit_event
  duration_ms: 0
  trust_score: null
  details: "type=session_milestone agent=TestAgent"
- timestamp: 2026-04-10T23:00:27.741003
  session_id: mcp
  event: session_milestone
  agent: TestAgent
  task_id: custom_event
  duration_ms: 0
  trust_score: null
  details: "{\"test\": true}"
- timestamp: 2026-04-10T23:00:45.518788
  session_id: mcp
  event: tool_invoked
  agent: mcp
  task_id: gsane_read_canonical_brief
  duration_ms: 0
  trust_score: null
  details: "canonical human brief"
- timestamp: 2026-04-10T23:00:45.526802
  session_id: mcp
  event: tool_invoked
  agent: mcp
  task_id: gsane_read_active_delivery_contract
  duration_ms: 0
  trust_score: null
  details: "active delivery contract"
- timestamp: 2026-04-10T23:00:45.535727
  session_id: mcp
  event: tool_invoked
  agent: mcp
  task_id: gsane_read_project_snapshot
  duration_ms: 0
  trust_score: null
  details: "canonical project snapshot"
- timestamp: 2026-04-10T23:00:45.573241
  session_id: mcp
  event: tool_invoked
  agent: mcp
  task_id: gsane_fetch_compressed_memory
  duration_ms: 0
  trust_score: null
  details: "query=master"
- timestamp: 2026-04-10T23:00:45.587907
  session_id: mcp
  event: tool_invoked
  agent: mcp
  task_id: gsane_fetch_compressed_memory
  duration_ms: 0
  trust_score: null
  details: "query=xyzzy_query_that_does_not_exist_12345"
- timestamp: 2026-04-10T23:00:45.602418
  session_id: mcp
  event: tool_invoked
  agent: mcp
  task_id: gsane_fetch_compressed_memory
  duration_ms: 0
  trust_score: null
  details: "query=agent"
- timestamp: 2026-04-10T23:00:45.616267
  session_id: mcp
  event: tool_invoked
  agent: mcp
  task_id: gsane_write_session_checkpoint
  duration_ms: 0
  trust_score: null
  details: "exchange=999"
- timestamp: 2026-04-10T23:00:45.619083
  session_id: mcp
  event: tool_invoked
  agent: mcp
  task_id: gsane_write_session_checkpoint
  duration_ms: 0
  trust_score: null
  details: "exchange=998"
- timestamp: 2026-04-10T23:00:45.621245
  session_id: mcp
  event: tool_invoked
  agent: mcp
  task_id: gsane_read_checkpoint
  duration_ms: 0
  trust_score: null
  details: "warm session read"
- timestamp: 2026-04-10T23:00:45.623543
  session_id: mcp
  event: tool_invoked
  agent: mcp
  task_id: gsane_read_checkpoint
  duration_ms: 0
  trust_score: null
  details: "warm session read"
- timestamp: 2026-04-10T23:00:45.625751
  session_id: mcp
  event: tool_invoked
  agent: mcp
  task_id: gsane_route
  duration_ms: 0
  trust_score: null
  details: "query=implement a new feature"
- timestamp: 2026-04-10T23:00:45.650763
  session_id: mcp
  event: tool_invoked
  agent: mcp
  task_id: gsane_route
  duration_ms: 0
  trust_score: null
  details: "query=design a scalable architecture for the API"
- timestamp: 2026-04-10T23:00:45.675981
  session_id: mcp
  event: tool_invoked
  agent: mcp
  task_id: gsane_route
  duration_ms: 0
  trust_score: null
  details: "query=implement this with test-driven development"
- timestamp: 2026-04-10T23:00:45.700640
  session_id: mcp
  event: tool_invoked
  agent: mcp
  task_id: gsane_route
  duration_ms: 0
  trust_score: null
  details: "query=security hardening for auth tokens and filesystem access"
- timestamp: 2026-04-10T23:00:45.712578
  session_id: mcp
  event: tool_invoked
  agent: mcp
  task_id: gsane_route
  duration_ms: 0
  trust_score: null
  details: "query=security review for GSANE MCP sandbox guardrail policy"
- timestamp: 2026-04-10T23:00:45.724922
  session_id: mcp
  event: tool_invoked
  agent: mcp
  task_id: gsane_route
  duration_ms: 0
  trust_score: null
  details: "query=test query"
- timestamp: 2026-04-10T23:00:45.726496
  session_id: mcp
  event: tool_invoked
  agent: mcp
  task_id: gsane_route
  duration_ms: 0
  trust_score: null
  details: "query=test my architecture idea"
- timestamp: 2026-04-10T23:00:45.750905
  session_id: mcp
  event: tool_invoked
  agent: mcp
  task_id: gsane_route
  duration_ms: 0
  trust_score: null
  details: "query=code architecture is broken"
- timestamp: 2026-04-10T23:00:45.775814
  session_id: mcp
  event: tool_invoked
  agent: mcp
  task_id: gsane_route
  duration_ms: 0
  trust_score: null
  details: "query=bonjour, help me"
- timestamp: 2026-04-10T23:00:45.800657
  session_id: mcp
  event: tool_invoked
  agent: mcp
  task_id: gsane_route
  duration_ms: 0
  trust_score: null
  details: "query=implement a new feature"
- timestamp: 2026-04-10T23:00:45.825085
  session_id: mcp
  event: tool_invoked
  agent: mcp
  task_id: gsane_trace_report
  duration_ms: 0
  trust_score: null
  details: ""
- timestamp: 2026-04-10T23:00:46.110709
  session_id: mcp
  event: tool_invoked
  agent: mcp
  task_id: gsane_memory_fetch
  duration_ms: 0
  trust_score: null
  details: "agent=master topic="
- timestamp: 2026-04-10T23:00:46.122058
  session_id: mcp
  event: tool_invoked
  agent: mcp
  task_id: gsane_memory_fetch
  duration_ms: 0
  trust_score: null
  details: "agent=agent_xyz_unknown_12345 topic="
- timestamp: 2026-04-10T23:00:46.132598
  session_id: mcp
  event: tool_invoked
  agent: mcp
  task_id: gsane_memory_fetch
  duration_ms: 0
  trust_score: null
  details: "agent=master topic=leçon"
- timestamp: 2026-04-10T23:00:46.143633
  session_id: mcp
  event: tool_invoked
  agent: mcp
  task_id: gsane_memory_fetch
  duration_ms: 0
  trust_score: null
  details: "agent=..\\master topic="
- timestamp: 2026-04-10T23:00:46.477428
  session_id: mcp
  event: tool_invoked
  agent: mcp
  task_id: gsane_search_memory
  duration_ms: 0
  trust_score: null
  details: "query=agent scope=all"
- timestamp: 2026-04-10T23:00:46.491153
  session_id: mcp
  event: tool_invoked
  agent: mcp
  task_id: gsane_search_memory
  duration_ms: 0
  trust_score: null
  details: "query=xyz_inexistant_99999 scope=all"
- timestamp: 2026-04-10T23:00:46.504593
  session_id: mcp
  event: tool_invoked
  agent: mcp
  task_id: gsane_search_memory
  duration_ms: 0
  trust_score: null
  details: "query=FM- scope=failures"
- timestamp: 2026-04-10T23:00:46.518783
  session_id: mcp
  event: tool_invoked
  agent: mcp
  task_id: gsane_search_memory
  duration_ms: 0
  trust_score: null
  details: "query=DL- scope=decisions"
- timestamp: 2026-04-10T23:00:46.532495
  session_id: mcp
  event: tool_invoked
  agent: mcp
  task_id: gsane_search_memory
  duration_ms: 0
  trust_score: null
  details: "query=Session scope=sessions"
- timestamp: 2026-04-10T23:00:46.546320
  session_id: mcp
  event: tool_invoked
  agent: mcp
  task_id: gsane_search_memory
  duration_ms: 0
  trust_score: null
  details: "query=a scope=all"
- timestamp: 2026-04-10T23:00:46.559486
  session_id: mcp
  event: tool_invoked
  agent: mcp
  task_id: gsane_emit_event
  duration_ms: 0
  trust_score: null
  details: "type=qa_gate_passed agent=Quinn"
- timestamp: 2026-04-10T23:00:46.560391
  session_id: mcp
  event: qa_gate_passed
  agent: Quinn
  task_id: custom_event
  duration_ms: 0
  trust_score: null
  details: "{\"tests\": 155}"
- timestamp: 2026-04-10T23:00:46.561823
  session_id: mcp
  event: tool_invoked
  agent: mcp
  task_id: gsane_emit_event
  duration_ms: 0
  trust_score: null
  details: "type=custom_weird_event agent=TestAgent"
- timestamp: 2026-04-10T23:00:46.562684
  session_id: mcp
  event: custom_weird_event
  agent: TestAgent
  task_id: custom_event
  duration_ms: 0
  trust_score: null
  details: "{\"foo\": \"bar\"}"
- timestamp: 2026-04-10T23:00:46.564087
  session_id: mcp
  event: tool_invoked
  agent: mcp
  task_id: gsane_emit_event
  duration_ms: 0
  trust_score: null
  details: "type=session_milestone agent=Langis"
- timestamp: 2026-04-10T23:00:46.564953
  session_id: mcp
  event: session_milestone
  agent: Langis
  task_id: P5-C-test
  duration_ms: 0
  trust_score: null
  details: "{\"milestone\": \"P5-test\"}"
- timestamp: 2026-04-10T23:00:46.868183
  session_id: mcp
  event: tool_invoked
  agent: mcp
  task_id: gsane_emit_event
  duration_ms: 0
  trust_score: null
  details: "type=delivery_contract_created agent=Langis"
- timestamp: 2026-04-10T23:00:46.869033
  session_id: mcp
  event: delivery_contract_created
  agent: Langis
  task_id: DC-TEST-001
  duration_ms: 0
  trust_score: null
  details: "{}"
- timestamp: 2026-04-10T23:00:46.870584
  session_id: mcp
  event: tool_invoked
  agent: mcp
  task_id: gsane_emit_event
  duration_ms: 0
  trust_score: null
  details: "type=qa_gate_passed agent=Quinn"
- timestamp: 2026-04-10T23:00:46.871475
  session_id: mcp
  event: qa_gate_passed
  agent: Quinn
  task_id: custom_event
  duration_ms: 0
  trust_score: null
  details: "{}"
- timestamp: 2026-04-10T23:00:46.873019
  session_id: mcp
  event: tool_invoked
  agent: mcp
  task_id: gsane_emit_event
  duration_ms: 0
  trust_score: null
  details: "type=delivery_contract_created agent=TestAgent"
- timestamp: 2026-04-10T23:00:46.873836
  session_id: mcp
  event: delivery_contract_created
  agent: TestAgent
  task_id: custom_event
  duration_ms: 0
  trust_score: null
  details: "{\"test\": true}"
- timestamp: 2026-04-10T23:00:46.874550
  session_id: mcp
  event: tool_invoked
  agent: mcp
  task_id: gsane_emit_event
  duration_ms: 0
  trust_score: null
  details: "type=delivery_contract_approved agent=TestAgent"
- timestamp: 2026-04-10T23:00:46.875418
  session_id: mcp
  event: delivery_contract_approved
  agent: TestAgent
  task_id: custom_event
  duration_ms: 0
  trust_score: null
  details: "{\"test\": true}"
- timestamp: 2026-04-10T23:00:46.876125
  session_id: mcp
  event: tool_invoked
  agent: mcp
  task_id: gsane_emit_event
  duration_ms: 0
  trust_score: null
  details: "type=qa_gate_passed agent=TestAgent"
- timestamp: 2026-04-10T23:00:46.876936
  session_id: mcp
  event: qa_gate_passed
  agent: TestAgent
  task_id: custom_event
  duration_ms: 0
  trust_score: null
  details: "{\"test\": true}"
- timestamp: 2026-04-10T23:00:46.877639
  session_id: mcp
  event: tool_invoked
  agent: mcp
  task_id: gsane_emit_event
  duration_ms: 0
  trust_score: null
  details: "type=qa_gate_failed agent=TestAgent"
- timestamp: 2026-04-10T23:00:46.878531
  session_id: mcp
  event: qa_gate_failed
  agent: TestAgent
  task_id: custom_event
  duration_ms: 0
  trust_score: null
  details: "{\"test\": true}"
- timestamp: 2026-04-10T23:00:46.879280
  session_id: mcp
  event: tool_invoked
  agent: mcp
  task_id: gsane_emit_event
  duration_ms: 0
  trust_score: null
  details: "type=handoff_initiated agent=TestAgent"
- timestamp: 2026-04-10T23:00:46.880120
  session_id: mcp
  event: handoff_initiated
  agent: TestAgent
  task_id: custom_event
  duration_ms: 0
  trust_score: null
  details: "{\"test\": true}"
- timestamp: 2026-04-10T23:00:46.880841
  session_id: mcp
  event: tool_invoked
  agent: mcp
  task_id: gsane_emit_event
  duration_ms: 0
  trust_score: null
  details: "type=session_milestone agent=TestAgent"
- timestamp: 2026-04-10T23:00:46.881662
  session_id: mcp
  event: session_milestone
  agent: TestAgent
  task_id: custom_event
  duration_ms: 0
  trust_score: null
  details: "{\"test\": true}"
- timestamp: 2026-04-10T23:00:54.921863
  session_id: mcp
  event: tool_invoked
  agent: mcp
  task_id: gsane_read_canonical_brief
  duration_ms: 0
  trust_score: null
  details: "canonical human brief"
- timestamp: 2026-04-10T23:00:54.929654
  session_id: mcp
  event: tool_invoked
  agent: mcp
  task_id: gsane_read_active_delivery_contract
  duration_ms: 0
  trust_score: null
  details: "active delivery contract"
- timestamp: 2026-04-10T23:00:54.937763
  session_id: mcp
  event: tool_invoked
  agent: mcp
  task_id: gsane_read_project_snapshot
  duration_ms: 0
  trust_score: null
  details: "canonical project snapshot"
- timestamp: 2026-04-10T23:00:54.969676
  session_id: mcp
  event: tool_invoked
  agent: mcp
  task_id: gsane_fetch_compressed_memory
  duration_ms: 0
  trust_score: null
  details: "query=master"
- timestamp: 2026-04-10T23:00:54.983086
  session_id: mcp
  event: tool_invoked
  agent: mcp
  task_id: gsane_fetch_compressed_memory
  duration_ms: 0
  trust_score: null
  details: "query=xyzzy_query_that_does_not_exist_12345"
- timestamp: 2026-04-10T23:00:54.995848
  session_id: mcp
  event: tool_invoked
  agent: mcp
  task_id: gsane_fetch_compressed_memory
  duration_ms: 0
  trust_score: null
  details: "query=agent"
- timestamp: 2026-04-10T23:00:55.009159
  session_id: mcp
  event: tool_invoked
  agent: mcp
  task_id: gsane_write_session_checkpoint
  duration_ms: 0
  trust_score: null
  details: "exchange=999"
- timestamp: 2026-04-10T23:00:55.012062
  session_id: mcp
  event: tool_invoked
  agent: mcp
  task_id: gsane_write_session_checkpoint
  duration_ms: 0
  trust_score: null
  details: "exchange=998"
- timestamp: 2026-04-10T23:00:55.014226
  session_id: mcp
  event: tool_invoked
  agent: mcp
  task_id: gsane_read_checkpoint
  duration_ms: 0
  trust_score: null
  details: "warm session read"
- timestamp: 2026-04-10T23:00:55.016477
  session_id: mcp
  event: tool_invoked
  agent: mcp
  task_id: gsane_read_checkpoint
  duration_ms: 0
  trust_score: null
  details: "warm session read"
- timestamp: 2026-04-10T23:00:55.018625
  session_id: mcp
  event: tool_invoked
  agent: mcp
  task_id: gsane_route
  duration_ms: 0
  trust_score: null
  details: "query=implement a new feature"
- timestamp: 2026-04-10T23:00:55.043020
  session_id: mcp
  event: tool_invoked
  agent: mcp
  task_id: gsane_route
  duration_ms: 0
  trust_score: null
  details: "query=design a scalable architecture for the API"
- timestamp: 2026-04-10T23:00:55.067101
  session_id: mcp
  event: tool_invoked
  agent: mcp
  task_id: gsane_route
  duration_ms: 0
  trust_score: null
  details: "query=implement this with test-driven development"
- timestamp: 2026-04-10T23:00:55.091003
  session_id: mcp
  event: tool_invoked
  agent: mcp
  task_id: gsane_route
  duration_ms: 0
  trust_score: null
  details: "query=security hardening for auth tokens and filesystem access"
- timestamp: 2026-04-10T23:00:55.101535
  session_id: mcp
  event: tool_invoked
  agent: mcp
  task_id: gsane_route
  duration_ms: 0
  trust_score: null
  details: "query=security review for GSANE MCP sandbox guardrail policy"
- timestamp: 2026-04-10T23:00:55.113101
  session_id: mcp
  event: tool_invoked
  agent: mcp
  task_id: gsane_route
  duration_ms: 0
  trust_score: null
  details: "query=test query"
- timestamp: 2026-04-10T23:00:55.114873
  session_id: mcp
  event: tool_invoked
  agent: mcp
  task_id: gsane_route
  duration_ms: 0
  trust_score: null
  details: "query=test my architecture idea"
- timestamp: 2026-04-10T23:00:55.138977
  session_id: mcp
  event: tool_invoked
  agent: mcp
  task_id: gsane_route
  duration_ms: 0
  trust_score: null
  details: "query=code architecture is broken"
- timestamp: 2026-04-10T23:00:55.163139
  session_id: mcp
  event: tool_invoked
  agent: mcp
  task_id: gsane_route
  duration_ms: 0
  trust_score: null
  details: "query=bonjour, help me"
- timestamp: 2026-04-10T23:00:55.187411
  session_id: mcp
  event: tool_invoked
  agent: mcp
  task_id: gsane_route
  duration_ms: 0
  trust_score: null
  details: "query=implement a new feature"
- timestamp: 2026-04-10T23:00:55.211523
  session_id: mcp
  event: tool_invoked
  agent: mcp
  task_id: gsane_trace_report
  duration_ms: 0
  trust_score: null
  details: ""
- timestamp: 2026-04-10T23:00:55.520943
  session_id: mcp
  event: tool_invoked
  agent: mcp
  task_id: gsane_memory_fetch
  duration_ms: 0
  trust_score: null
  details: "agent=master topic="
- timestamp: 2026-04-10T23:00:55.531802
  session_id: mcp
  event: tool_invoked
  agent: mcp
  task_id: gsane_memory_fetch
  duration_ms: 0
  trust_score: null
  details: "agent=agent_xyz_unknown_12345 topic="
- timestamp: 2026-04-10T23:00:55.541932
  session_id: mcp
  event: tool_invoked
  agent: mcp
  task_id: gsane_memory_fetch
  duration_ms: 0
  trust_score: null
  details: "agent=master topic=leçon"
- timestamp: 2026-04-10T23:00:55.552584
  session_id: mcp
  event: tool_invoked
  agent: mcp
  task_id: gsane_memory_fetch
  duration_ms: 0
  trust_score: null
  details: "agent=..\\master topic="
- timestamp: 2026-04-10T23:00:55.853996
  session_id: mcp
  event: tool_invoked
  agent: mcp
  task_id: gsane_search_memory
  duration_ms: 0
  trust_score: null
  details: "query=agent scope=all"
- timestamp: 2026-04-10T23:00:55.867624
  session_id: mcp
  event: tool_invoked
  agent: mcp
  task_id: gsane_search_memory
  duration_ms: 0
  trust_score: null
  details: "query=xyz_inexistant_99999 scope=all"
- timestamp: 2026-04-10T23:00:55.880479
  session_id: mcp
  event: tool_invoked
  agent: mcp
  task_id: gsane_search_memory
  duration_ms: 0
  trust_score: null
  details: "query=FM- scope=failures"
- timestamp: 2026-04-10T23:00:55.893295
  session_id: mcp
  event: tool_invoked
  agent: mcp
  task_id: gsane_search_memory
  duration_ms: 0
  trust_score: null
  details: "query=DL- scope=decisions"
- timestamp: 2026-04-10T23:00:55.906078
  session_id: mcp
  event: tool_invoked
  agent: mcp
  task_id: gsane_search_memory
  duration_ms: 0
  trust_score: null
  details: "query=Session scope=sessions"
- timestamp: 2026-04-10T23:00:55.918854
  session_id: mcp
  event: tool_invoked
  agent: mcp
  task_id: gsane_search_memory
  duration_ms: 0
  trust_score: null
  details: "query=a scope=all"
- timestamp: 2026-04-10T23:00:55.931667
  session_id: mcp
  event: tool_invoked
  agent: mcp
  task_id: gsane_emit_event
  duration_ms: 0
  trust_score: null
  details: "type=qa_gate_passed agent=Quinn"
- timestamp: 2026-04-10T23:00:55.932482
  session_id: mcp
  event: qa_gate_passed
  agent: Quinn
  task_id: custom_event
  duration_ms: 0
  trust_score: null
  details: "{\"tests\": 155}"
- timestamp: 2026-04-10T23:00:55.933852
  session_id: mcp
  event: tool_invoked
  agent: mcp
  task_id: gsane_emit_event
  duration_ms: 0
  trust_score: null
  details: "type=custom_weird_event agent=TestAgent"
- timestamp: 2026-04-10T23:00:55.934793
  session_id: mcp
  event: custom_weird_event
  agent: TestAgent
  task_id: custom_event
  duration_ms: 0
  trust_score: null
  details: "{\"foo\": \"bar\"}"
- timestamp: 2026-04-10T23:00:55.936241
  session_id: mcp
  event: tool_invoked
  agent: mcp
  task_id: gsane_emit_event
  duration_ms: 0
  trust_score: null
  details: "type=session_milestone agent=Langis"
- timestamp: 2026-04-10T23:00:55.937260
  session_id: mcp
  event: session_milestone
  agent: Langis
  task_id: P5-C-test
  duration_ms: 0
  trust_score: null
  details: "{\"milestone\": \"P5-test\"}"
- timestamp: 2026-04-10T23:00:56.231637
  session_id: mcp
  event: tool_invoked
  agent: mcp
  task_id: gsane_emit_event
  duration_ms: 0
  trust_score: null
  details: "type=delivery_contract_created agent=Langis"
- timestamp: 2026-04-10T23:00:56.232481
  session_id: mcp
  event: delivery_contract_created
  agent: Langis
  task_id: DC-TEST-001
  duration_ms: 0
  trust_score: null
  details: "{}"
- timestamp: 2026-04-10T23:00:56.233925
  session_id: mcp
  event: tool_invoked
  agent: mcp
  task_id: gsane_emit_event
  duration_ms: 0
  trust_score: null
  details: "type=qa_gate_passed agent=Quinn"
- timestamp: 2026-04-10T23:00:56.234705
  session_id: mcp
  event: qa_gate_passed
  agent: Quinn
  task_id: custom_event
  duration_ms: 0
  trust_score: null
  details: "{}"
- timestamp: 2026-04-10T23:00:56.236096
  session_id: mcp
  event: tool_invoked
  agent: mcp
  task_id: gsane_emit_event
  duration_ms: 0
  trust_score: null
  details: "type=delivery_contract_created agent=TestAgent"
- timestamp: 2026-04-10T23:00:56.236962
  session_id: mcp
  event: delivery_contract_created
  agent: TestAgent
  task_id: custom_event
  duration_ms: 0
  trust_score: null
  details: "{\"test\": true}"
- timestamp: 2026-04-10T23:00:56.237688
  session_id: mcp
  event: tool_invoked
  agent: mcp
  task_id: gsane_emit_event
  duration_ms: 0
  trust_score: null
  details: "type=delivery_contract_approved agent=TestAgent"
- timestamp: 2026-04-10T23:00:56.238483
  session_id: mcp
  event: delivery_contract_approved
  agent: TestAgent
  task_id: custom_event
  duration_ms: 0
  trust_score: null
  details: "{\"test\": true}"
- timestamp: 2026-04-10T23:00:56.239191
  session_id: mcp
  event: tool_invoked
  agent: mcp
  task_id: gsane_emit_event
  duration_ms: 0
  trust_score: null
  details: "type=qa_gate_passed agent=TestAgent"
- timestamp: 2026-04-10T23:00:56.240015
  session_id: mcp
  event: qa_gate_passed
  agent: TestAgent
  task_id: custom_event
  duration_ms: 0
  trust_score: null
  details: "{\"test\": true}"
- timestamp: 2026-04-10T23:00:56.240722
  session_id: mcp
  event: tool_invoked
  agent: mcp
  task_id: gsane_emit_event
  duration_ms: 0
  trust_score: null
  details: "type=qa_gate_failed agent=TestAgent"
- timestamp: 2026-04-10T23:00:56.241524
  session_id: mcp
  event: qa_gate_failed
  agent: TestAgent
  task_id: custom_event
  duration_ms: 0
  trust_score: null
  details: "{\"test\": true}"
- timestamp: 2026-04-10T23:00:56.242234
  session_id: mcp
  event: tool_invoked
  agent: mcp
  task_id: gsane_emit_event
  duration_ms: 0
  trust_score: null
  details: "type=handoff_initiated agent=TestAgent"
- timestamp: 2026-04-10T23:00:56.243028
  session_id: mcp
  event: handoff_initiated
  agent: TestAgent
  task_id: custom_event
  duration_ms: 0
  trust_score: null
  details: "{\"test\": true}"
- timestamp: 2026-04-10T23:00:56.243736
  session_id: mcp
  event: tool_invoked
  agent: mcp
  task_id: gsane_emit_event
  duration_ms: 0
  trust_score: null
  details: "type=session_milestone agent=TestAgent"
- timestamp: 2026-04-10T23:00:56.244511
  session_id: mcp
  event: session_milestone
  agent: TestAgent
  task_id: custom_event
  duration_ms: 0
  trust_score: null
  details: "{\"test\": true}"
- timestamp: 2026-04-10T23:10:10.649071
  session_id: mcp
  event: tool_invoked
  agent: mcp
  task_id: gsane_read_canonical_brief
  duration_ms: 0
  trust_score: null
  details: "canonical human brief"
- timestamp: 2026-04-10T23:10:10.657063
  session_id: mcp
  event: tool_invoked
  agent: mcp
  task_id: gsane_read_active_delivery_contract
  duration_ms: 0
  trust_score: null
  details: "active delivery contract"
- timestamp: 2026-04-10T23:10:10.664679
  session_id: mcp
  event: tool_invoked
  agent: mcp
  task_id: gsane_read_project_snapshot
  duration_ms: 0
  trust_score: null
  details: "canonical project snapshot"
- timestamp: 2026-04-10T23:10:10.693494
  session_id: mcp
  event: tool_invoked
  agent: mcp
  task_id: gsane_fetch_compressed_memory
  duration_ms: 0
  trust_score: null
  details: "query=master"
- timestamp: 2026-04-10T23:10:10.706839
  session_id: mcp
  event: tool_invoked
  agent: mcp
  task_id: gsane_fetch_compressed_memory
  duration_ms: 0
  trust_score: null
  details: "query=xyzzy_query_that_does_not_exist_12345"
- timestamp: 2026-04-10T23:10:10.719747
  session_id: mcp
  event: tool_invoked
  agent: mcp
  task_id: gsane_fetch_compressed_memory
  duration_ms: 0
  trust_score: null
  details: "query=agent"
- timestamp: 2026-04-10T23:10:10.733203
  session_id: mcp
  event: tool_invoked
  agent: mcp
  task_id: gsane_write_session_checkpoint
  duration_ms: 0
  trust_score: null
  details: "exchange=999"
- timestamp: 2026-04-10T23:10:10.736164
  session_id: mcp
  event: tool_invoked
  agent: mcp
  task_id: gsane_write_session_checkpoint
  duration_ms: 0
  trust_score: null
  details: "exchange=998"
- timestamp: 2026-04-10T23:10:10.738274
  session_id: mcp
  event: tool_invoked
  agent: mcp
  task_id: gsane_read_checkpoint
  duration_ms: 0
  trust_score: null
  details: "warm session read"
- timestamp: 2026-04-10T23:10:10.740482
  session_id: mcp
  event: tool_invoked
  agent: mcp
  task_id: gsane_read_checkpoint
  duration_ms: 0
  trust_score: null
  details: "warm session read"
- timestamp: 2026-04-10T23:10:10.742685
  session_id: mcp
  event: tool_invoked
  agent: mcp
  task_id: gsane_route
  duration_ms: 0
  trust_score: null
  details: "query=implement a new feature"
- timestamp: 2026-04-10T23:10:10.767215
  session_id: mcp
  event: tool_invoked
  agent: mcp
  task_id: gsane_route
  duration_ms: 0
  trust_score: null
  details: "query=design a scalable architecture for the API"
- timestamp: 2026-04-10T23:10:10.791326
  session_id: mcp
  event: tool_invoked
  agent: mcp
  task_id: gsane_route
  duration_ms: 0
  trust_score: null
  details: "query=implement this with test-driven development"
- timestamp: 2026-04-10T23:10:10.815672
  session_id: mcp
  event: tool_invoked
  agent: mcp
  task_id: gsane_route
  duration_ms: 0
  trust_score: null
  details: "query=security hardening for auth tokens and filesystem access"
- timestamp: 2026-04-10T23:10:10.826451
  session_id: mcp
  event: tool_invoked
  agent: mcp
  task_id: gsane_route
  duration_ms: 0
  trust_score: null
  details: "query=security review for GSANE MCP sandbox guardrail policy"
- timestamp: 2026-04-10T23:10:10.838417
  session_id: mcp
  event: tool_invoked
  agent: mcp
  task_id: gsane_route
  duration_ms: 0
  trust_score: null
  details: "query=test query"
- timestamp: 2026-04-10T23:10:10.840050
  session_id: mcp
  event: tool_invoked
  agent: mcp
  task_id: gsane_route
  duration_ms: 0
  trust_score: null
  details: "query=test my architecture idea"
- timestamp: 2026-04-10T23:10:10.864050
  session_id: mcp
  event: tool_invoked
  agent: mcp
  task_id: gsane_route
  duration_ms: 0
  trust_score: null
  details: "query=code architecture is broken"
- timestamp: 2026-04-10T23:10:10.887905
  session_id: mcp
  event: tool_invoked
  agent: mcp
  task_id: gsane_route
  duration_ms: 0
  trust_score: null
  details: "query=bonjour, help me"
- timestamp: 2026-04-10T23:10:10.911817
  session_id: mcp
  event: tool_invoked
  agent: mcp
  task_id: gsane_route
  duration_ms: 0
  trust_score: null
  details: "query=implement a new feature"
- timestamp: 2026-04-10T23:10:10.936477
  session_id: mcp
  event: tool_invoked
  agent: mcp
  task_id: gsane_trace_report
  duration_ms: 0
  trust_score: null
  details: ""
- timestamp: 2026-04-10T23:10:11.265844
  session_id: mcp
  event: tool_invoked
  agent: mcp
  task_id: gsane_memory_fetch
  duration_ms: 0
  trust_score: null
  details: "agent=master topic="
- timestamp: 2026-04-10T23:10:11.276535
  session_id: mcp
  event: tool_invoked
  agent: mcp
  task_id: gsane_memory_fetch
  duration_ms: 0
  trust_score: null
  details: "agent=agent_xyz_unknown_12345 topic="
- timestamp: 2026-04-10T23:10:11.286682
  session_id: mcp
  event: tool_invoked
  agent: mcp
  task_id: gsane_memory_fetch
  duration_ms: 0
  trust_score: null
  details: "agent=master topic=leçon"
- timestamp: 2026-04-10T23:10:11.297576
  session_id: mcp
  event: tool_invoked
  agent: mcp
  task_id: gsane_memory_fetch
  duration_ms: 0
  trust_score: null
  details: "agent=..\\master topic="
- timestamp: 2026-04-10T23:10:11.670277
  session_id: mcp
  event: tool_invoked
  agent: mcp
  task_id: gsane_search_memory
  duration_ms: 0
  trust_score: null
  details: "query=agent scope=all"
- timestamp: 2026-04-10T23:10:11.684251
  session_id: mcp
  event: tool_invoked
  agent: mcp
  task_id: gsane_search_memory
  duration_ms: 0
  trust_score: null
  details: "query=xyz_inexistant_99999 scope=all"
- timestamp: 2026-04-10T23:10:11.697846
  session_id: mcp
  event: tool_invoked
  agent: mcp
  task_id: gsane_search_memory
  duration_ms: 0
  trust_score: null
  details: "query=FM- scope=failures"
- timestamp: 2026-04-10T23:10:11.711098
  session_id: mcp
  event: tool_invoked
  agent: mcp
  task_id: gsane_search_memory
  duration_ms: 0
  trust_score: null
  details: "query=DL- scope=decisions"
- timestamp: 2026-04-10T23:10:11.723902
  session_id: mcp
  event: tool_invoked
  agent: mcp
  task_id: gsane_search_memory
  duration_ms: 0
  trust_score: null
  details: "query=Session scope=sessions"
- timestamp: 2026-04-10T23:10:11.736846
  session_id: mcp
  event: tool_invoked
  agent: mcp
  task_id: gsane_search_memory
  duration_ms: 0
  trust_score: null
  details: "query=a scope=all"
- timestamp: 2026-04-10T23:10:11.749680
  session_id: mcp
  event: tool_invoked
  agent: mcp
  task_id: gsane_emit_event
  duration_ms: 0
  trust_score: null
  details: "type=qa_gate_passed agent=Quinn"
- timestamp: 2026-04-10T23:10:11.750497
  session_id: mcp
  event: qa_gate_passed
  agent: Quinn
  task_id: custom_event
  duration_ms: 0
  trust_score: null
  details: "{\"tests\": 155}"
- timestamp: 2026-04-10T23:10:11.751908
  session_id: mcp
  event: tool_invoked
  agent: mcp
  task_id: gsane_emit_event
  duration_ms: 0
  trust_score: null
  details: "type=custom_weird_event agent=TestAgent"
- timestamp: 2026-04-10T23:10:11.752713
  session_id: mcp
  event: custom_weird_event
  agent: TestAgent
  task_id: custom_event
  duration_ms: 0
  trust_score: null
  details: "{\"foo\": \"bar\"}"
- timestamp: 2026-04-10T23:10:11.754109
  session_id: mcp
  event: tool_invoked
  agent: mcp
  task_id: gsane_emit_event
  duration_ms: 0
  trust_score: null
  details: "type=session_milestone agent=Langis"
- timestamp: 2026-04-10T23:10:11.754900
  session_id: mcp
  event: session_milestone
  agent: Langis
  task_id: P5-C-test
  duration_ms: 0
  trust_score: null
  details: "{\"milestone\": \"P5-test\"}"
- timestamp: 2026-04-10T23:10:12.072148
  session_id: mcp
  event: tool_invoked
  agent: mcp
  task_id: gsane_emit_event
  duration_ms: 0
  trust_score: null
  details: "type=delivery_contract_created agent=Langis"
- timestamp: 2026-04-10T23:10:12.073018
  session_id: mcp
  event: delivery_contract_created
  agent: Langis
  task_id: DC-TEST-001
  duration_ms: 0
  trust_score: null
  details: "{}"
- timestamp: 2026-04-10T23:10:12.074449
  session_id: mcp
  event: tool_invoked
  agent: mcp
  task_id: gsane_emit_event
  duration_ms: 0
  trust_score: null
  details: "type=qa_gate_passed agent=Quinn"
- timestamp: 2026-04-10T23:10:12.075285
  session_id: mcp
  event: qa_gate_passed
  agent: Quinn
  task_id: custom_event
  duration_ms: 0
  trust_score: null
  details: "{}"
- timestamp: 2026-04-10T23:10:12.076918
  session_id: mcp
  event: tool_invoked
  agent: mcp
  task_id: gsane_emit_event
  duration_ms: 0
  trust_score: null
  details: "type=delivery_contract_created agent=TestAgent"
- timestamp: 2026-04-10T23:10:12.077789
  session_id: mcp
  event: delivery_contract_created
  agent: TestAgent
  task_id: custom_event
  duration_ms: 0
  trust_score: null
  details: "{\"test\": true}"
- timestamp: 2026-04-10T23:10:12.078511
  session_id: mcp
  event: tool_invoked
  agent: mcp
  task_id: gsane_emit_event
  duration_ms: 0
  trust_score: null
  details: "type=delivery_contract_approved agent=TestAgent"
- timestamp: 2026-04-10T23:10:12.079320
  session_id: mcp
  event: delivery_contract_approved
  agent: TestAgent
  task_id: custom_event
  duration_ms: 0
  trust_score: null
  details: "{\"test\": true}"
- timestamp: 2026-04-10T23:10:12.080031
  session_id: mcp
  event: tool_invoked
  agent: mcp
  task_id: gsane_emit_event
  duration_ms: 0
  trust_score: null
  details: "type=qa_gate_passed agent=TestAgent"
- timestamp: 2026-04-10T23:10:12.080821
  session_id: mcp
  event: qa_gate_passed
  agent: TestAgent
  task_id: custom_event
  duration_ms: 0
  trust_score: null
  details: "{\"test\": true}"
- timestamp: 2026-04-10T23:10:12.081514
  session_id: mcp
  event: tool_invoked
  agent: mcp
  task_id: gsane_emit_event
  duration_ms: 0
  trust_score: null
  details: "type=qa_gate_failed agent=TestAgent"
- timestamp: 2026-04-10T23:10:12.082329
  session_id: mcp
  event: qa_gate_failed
  agent: TestAgent
  task_id: custom_event
  duration_ms: 0
  trust_score: null
  details: "{\"test\": true}"
- timestamp: 2026-04-10T23:10:12.083027
  session_id: mcp
  event: tool_invoked
  agent: mcp
  task_id: gsane_emit_event
  duration_ms: 0
  trust_score: null
  details: "type=handoff_initiated agent=TestAgent"
- timestamp: 2026-04-10T23:10:12.083831
  session_id: mcp
  event: handoff_initiated
  agent: TestAgent
  task_id: custom_event
  duration_ms: 0
  trust_score: null
  details: "{\"test\": true}"
- timestamp: 2026-04-10T23:10:12.084523
  session_id: mcp
  event: tool_invoked
  agent: mcp
  task_id: gsane_emit_event
  duration_ms: 0
  trust_score: null
  details: "type=session_milestone agent=TestAgent"
- timestamp: 2026-04-10T23:10:12.085328
  session_id: mcp
  event: session_milestone
  agent: TestAgent
  task_id: custom_event
  duration_ms: 0
  trust_score: null
  details: "{\"test\": true}"
- timestamp: 2026-04-10T23:10:12.086026
  session_id: mcp
  event: tool_invoked
  agent: mcp
  task_id: gsane_emit_event
  duration_ms: 0
  trust_score: null
  details: "type=challenge_issued agent=TestAgent"
- timestamp: 2026-04-10T23:10:12.086803
  session_id: mcp
  event: challenge_issued
  agent: TestAgent
  task_id: custom_event
  duration_ms: 0
  trust_score: null
  details: "{\"test\": true}"
- timestamp: 2026-04-10T23:10:12.087498
  session_id: mcp
  event: tool_invoked
  agent: mcp
  task_id: gsane_emit_event
  duration_ms: 0
  trust_score: null
  details: "type=challenge_resolved agent=TestAgent"
- timestamp: 2026-04-10T23:10:12.088281
  session_id: mcp
  event: challenge_resolved
  agent: TestAgent
  task_id: custom_event
  duration_ms: 0
  trust_score: null
  details: "{\"test\": true}"
- timestamp: 2026-04-10T23:10:12.088969
  session_id: mcp
  event: tool_invoked
  agent: mcp
  task_id: gsane_emit_event
  duration_ms: 0
  trust_score: null
  details: "type=challenge_overruled agent=TestAgent"
- timestamp: 2026-04-10T23:10:12.089752
  session_id: mcp
  event: challenge_overruled
  agent: TestAgent
  task_id: custom_event
  duration_ms: 0
  trust_score: null
  details: "{\"test\": true}"
- timestamp: 2026-04-10T23:10:12.090439
  session_id: mcp
  event: tool_invoked
  agent: mcp
  task_id: gsane_emit_event
  duration_ms: 0
  trust_score: null
  details: "type=challenge_accepted agent=TestAgent"
- timestamp: 2026-04-10T23:10:12.091234
  session_id: mcp
  event: challenge_accepted
  agent: TestAgent
  task_id: custom_event
  duration_ms: 0
  trust_score: null
  details: "{\"test\": true}"
- timestamp: 2026-04-10T23:10:30.161716
  session_id: mcp
  event: tool_invoked
  agent: mcp
  task_id: gsane_read_canonical_brief
  duration_ms: 0
  trust_score: null
  details: "canonical human brief"
- timestamp: 2026-04-10T23:10:30.169957
  session_id: mcp
  event: tool_invoked
  agent: mcp
  task_id: gsane_read_active_delivery_contract
  duration_ms: 0
  trust_score: null
  details: "active delivery contract"
- timestamp: 2026-04-10T23:10:30.178069
  session_id: mcp
  event: tool_invoked
  agent: mcp
  task_id: gsane_read_project_snapshot
  duration_ms: 0
  trust_score: null
  details: "canonical project snapshot"
- timestamp: 2026-04-10T23:10:30.208103
  session_id: mcp
  event: tool_invoked
  agent: mcp
  task_id: gsane_fetch_compressed_memory
  duration_ms: 0
  trust_score: null
  details: "query=master"
- timestamp: 2026-04-10T23:10:30.222007
  session_id: mcp
  event: tool_invoked
  agent: mcp
  task_id: gsane_fetch_compressed_memory
  duration_ms: 0
  trust_score: null
  details: "query=xyzzy_query_that_does_not_exist_12345"
- timestamp: 2026-04-10T23:10:30.235578
  session_id: mcp
  event: tool_invoked
  agent: mcp
  task_id: gsane_fetch_compressed_memory
  duration_ms: 0
  trust_score: null
  details: "query=agent"
- timestamp: 2026-04-10T23:10:30.249279
  session_id: mcp
  event: tool_invoked
  agent: mcp
  task_id: gsane_write_session_checkpoint
  duration_ms: 0
  trust_score: null
  details: "exchange=999"
- timestamp: 2026-04-10T23:10:30.252059
  session_id: mcp
  event: tool_invoked
  agent: mcp
  task_id: gsane_write_session_checkpoint
  duration_ms: 0
  trust_score: null
  details: "exchange=998"
- timestamp: 2026-04-10T23:10:30.254218
  session_id: mcp
  event: tool_invoked
  agent: mcp
  task_id: gsane_read_checkpoint
  duration_ms: 0
  trust_score: null
  details: "warm session read"
- timestamp: 2026-04-10T23:10:30.256411
  session_id: mcp
  event: tool_invoked
  agent: mcp
  task_id: gsane_read_checkpoint
  duration_ms: 0
  trust_score: null
  details: "warm session read"
- timestamp: 2026-04-10T23:10:30.258597
  session_id: mcp
  event: tool_invoked
  agent: mcp
  task_id: gsane_route
  duration_ms: 0
  trust_score: null
  details: "query=implement a new feature"
- timestamp: 2026-04-10T23:10:30.282628
  session_id: mcp
  event: tool_invoked
  agent: mcp
  task_id: gsane_route
  duration_ms: 0
  trust_score: null
  details: "query=design a scalable architecture for the API"
- timestamp: 2026-04-10T23:10:30.306629
  session_id: mcp
  event: tool_invoked
  agent: mcp
  task_id: gsane_route
  duration_ms: 0
  trust_score: null
  details: "query=implement this with test-driven development"
- timestamp: 2026-04-10T23:10:30.330503
  session_id: mcp
  event: tool_invoked
  agent: mcp
  task_id: gsane_route
  duration_ms: 0
  trust_score: null
  details: "query=security hardening for auth tokens and filesystem access"
- timestamp: 2026-04-10T23:10:30.340793
  session_id: mcp
  event: tool_invoked
  agent: mcp
  task_id: gsane_route
  duration_ms: 0
  trust_score: null
  details: "query=security review for GSANE MCP sandbox guardrail policy"
- timestamp: 2026-04-10T23:10:30.352126
  session_id: mcp
  event: tool_invoked
  agent: mcp
  task_id: gsane_route
  duration_ms: 0
  trust_score: null
  details: "query=test query"
- timestamp: 2026-04-10T23:10:30.353821
  session_id: mcp
  event: tool_invoked
  agent: mcp
  task_id: gsane_route
  duration_ms: 0
  trust_score: null
  details: "query=test my architecture idea"
- timestamp: 2026-04-10T23:10:30.377690
  session_id: mcp
  event: tool_invoked
  agent: mcp
  task_id: gsane_route
  duration_ms: 0
  trust_score: null
  details: "query=code architecture is broken"
- timestamp: 2026-04-10T23:10:30.401188
  session_id: mcp
  event: tool_invoked
  agent: mcp
  task_id: gsane_route
  duration_ms: 0
  trust_score: null
  details: "query=bonjour, help me"
- timestamp: 2026-04-10T23:10:30.424641
  session_id: mcp
  event: tool_invoked
  agent: mcp
  task_id: gsane_route
  duration_ms: 0
  trust_score: null
  details: "query=implement a new feature"
- timestamp: 2026-04-10T23:10:30.449023
  session_id: mcp
  event: tool_invoked
  agent: mcp
  task_id: gsane_trace_report
  duration_ms: 0
  trust_score: null
  details: ""
- timestamp: 2026-04-10T23:10:30.798579
  session_id: mcp
  event: tool_invoked
  agent: mcp
  task_id: gsane_memory_fetch
  duration_ms: 0
  trust_score: null
  details: "agent=master topic="
- timestamp: 2026-04-10T23:10:30.809550
  session_id: mcp
  event: tool_invoked
  agent: mcp
  task_id: gsane_memory_fetch
  duration_ms: 0
  trust_score: null
  details: "agent=agent_xyz_unknown_12345 topic="
- timestamp: 2026-04-10T23:10:30.819607
  session_id: mcp
  event: tool_invoked
  agent: mcp
  task_id: gsane_memory_fetch
  duration_ms: 0
  trust_score: null
  details: "agent=master topic=leçon"
- timestamp: 2026-04-10T23:10:30.830403
  session_id: mcp
  event: tool_invoked
  agent: mcp
  task_id: gsane_memory_fetch
  duration_ms: 0
  trust_score: null
  details: "agent=..\\master topic="
- timestamp: 2026-04-10T23:10:31.180005
  session_id: mcp
  event: tool_invoked
  agent: mcp
  task_id: gsane_search_memory
  duration_ms: 0
  trust_score: null
  details: "query=agent scope=all"
- timestamp: 2026-04-10T23:10:31.192994
  session_id: mcp
  event: tool_invoked
  agent: mcp
  task_id: gsane_search_memory
  duration_ms: 0
  trust_score: null
  details: "query=xyz_inexistant_99999 scope=all"
- timestamp: 2026-04-10T23:10:31.205806
  session_id: mcp
  event: tool_invoked
  agent: mcp
  task_id: gsane_search_memory
  duration_ms: 0
  trust_score: null
  details: "query=FM- scope=failures"
- timestamp: 2026-04-10T23:10:31.218524
  session_id: mcp
  event: tool_invoked
  agent: mcp
  task_id: gsane_search_memory
  duration_ms: 0
  trust_score: null
  details: "query=DL- scope=decisions"
- timestamp: 2026-04-10T23:10:31.231112
  session_id: mcp
  event: tool_invoked
  agent: mcp
  task_id: gsane_search_memory
  duration_ms: 0
  trust_score: null
  details: "query=Session scope=sessions"
- timestamp: 2026-04-10T23:10:31.243861
  session_id: mcp
  event: tool_invoked
  agent: mcp
  task_id: gsane_search_memory
  duration_ms: 0
  trust_score: null
  details: "query=a scope=all"
- timestamp: 2026-04-10T23:10:31.256634
  session_id: mcp
  event: tool_invoked
  agent: mcp
  task_id: gsane_emit_event
  duration_ms: 0
  trust_score: null
  details: "type=qa_gate_passed agent=Quinn"
- timestamp: 2026-04-10T23:10:31.257438
  session_id: mcp
  event: qa_gate_passed
  agent: Quinn
  task_id: custom_event
  duration_ms: 0
  trust_score: null
  details: "{\"tests\": 155}"
- timestamp: 2026-04-10T23:10:31.258802
  session_id: mcp
  event: tool_invoked
  agent: mcp
  task_id: gsane_emit_event
  duration_ms: 0
  trust_score: null
  details: "type=custom_weird_event agent=TestAgent"
- timestamp: 2026-04-10T23:10:31.259605
  session_id: mcp
  event: custom_weird_event
  agent: TestAgent
  task_id: custom_event
  duration_ms: 0
  trust_score: null
  details: "{\"foo\": \"bar\"}"
- timestamp: 2026-04-10T23:10:31.260946
  session_id: mcp
  event: tool_invoked
  agent: mcp
  task_id: gsane_emit_event
  duration_ms: 0
  trust_score: null
  details: "type=session_milestone agent=Langis"
- timestamp: 2026-04-10T23:10:31.261726
  session_id: mcp
  event: session_milestone
  agent: Langis
  task_id: P5-C-test
  duration_ms: 0
  trust_score: null
  details: "{\"milestone\": \"P5-test\"}"
- timestamp: 2026-04-10T23:10:31.609181
  session_id: mcp
  event: tool_invoked
  agent: mcp
  task_id: gsane_emit_event
  duration_ms: 0
  trust_score: null
  details: "type=delivery_contract_created agent=Langis"
- timestamp: 2026-04-10T23:10:31.610037
  session_id: mcp
  event: delivery_contract_created
  agent: Langis
  task_id: DC-TEST-001
  duration_ms: 0
  trust_score: null
  details: "{}"
- timestamp: 2026-04-10T23:10:31.611432
  session_id: mcp
  event: tool_invoked
  agent: mcp
  task_id: gsane_emit_event
  duration_ms: 0
  trust_score: null
  details: "type=qa_gate_passed agent=Quinn"
- timestamp: 2026-04-10T23:10:31.612387
  session_id: mcp
  event: qa_gate_passed
  agent: Quinn
  task_id: custom_event
  duration_ms: 0
  trust_score: null
  details: "{}"
- timestamp: 2026-04-10T23:10:31.613812
  session_id: mcp
  event: tool_invoked
  agent: mcp
  task_id: gsane_emit_event
  duration_ms: 0
  trust_score: null
  details: "type=delivery_contract_created agent=TestAgent"
- timestamp: 2026-04-10T23:10:31.614646
  session_id: mcp
  event: delivery_contract_created
  agent: TestAgent
  task_id: custom_event
  duration_ms: 0
  trust_score: null
  details: "{\"test\": true}"
- timestamp: 2026-04-10T23:10:31.615363
  session_id: mcp
  event: tool_invoked
  agent: mcp
  task_id: gsane_emit_event
  duration_ms: 0
  trust_score: null
  details: "type=delivery_contract_approved agent=TestAgent"
- timestamp: 2026-04-10T23:10:31.616172
  session_id: mcp
  event: delivery_contract_approved
  agent: TestAgent
  task_id: custom_event
  duration_ms: 0
  trust_score: null
  details: "{\"test\": true}"
- timestamp: 2026-04-10T23:10:31.616904
  session_id: mcp
  event: tool_invoked
  agent: mcp
  task_id: gsane_emit_event
  duration_ms: 0
  trust_score: null
  details: "type=qa_gate_passed agent=TestAgent"
- timestamp: 2026-04-10T23:10:31.617736
  session_id: mcp
  event: qa_gate_passed
  agent: TestAgent
  task_id: custom_event
  duration_ms: 0
  trust_score: null
  details: "{\"test\": true}"
- timestamp: 2026-04-10T23:10:31.618721
  session_id: mcp
  event: tool_invoked
  agent: mcp
  task_id: gsane_emit_event
  duration_ms: 0
  trust_score: null
  details: "type=qa_gate_failed agent=TestAgent"
- timestamp: 2026-04-10T23:10:31.619657
  session_id: mcp
  event: qa_gate_failed
  agent: TestAgent
  task_id: custom_event
  duration_ms: 0
  trust_score: null
  details: "{\"test\": true}"
- timestamp: 2026-04-10T23:10:31.620381
  session_id: mcp
  event: tool_invoked
  agent: mcp
  task_id: gsane_emit_event
  duration_ms: 0
  trust_score: null
  details: "type=handoff_initiated agent=TestAgent"
- timestamp: 2026-04-10T23:10:31.621200
  session_id: mcp
  event: handoff_initiated
  agent: TestAgent
  task_id: custom_event
  duration_ms: 0
  trust_score: null
  details: "{\"test\": true}"
- timestamp: 2026-04-10T23:10:31.621911
  session_id: mcp
  event: tool_invoked
  agent: mcp
  task_id: gsane_emit_event
  duration_ms: 0
  trust_score: null
  details: "type=session_milestone agent=TestAgent"
- timestamp: 2026-04-10T23:10:31.622865
  session_id: mcp
  event: session_milestone
  agent: TestAgent
  task_id: custom_event
  duration_ms: 0
  trust_score: null
  details: "{\"test\": true}"
- timestamp: 2026-04-10T23:10:31.623664
  session_id: mcp
  event: tool_invoked
  agent: mcp
  task_id: gsane_emit_event
  duration_ms: 0
  trust_score: null
  details: "type=challenge_issued agent=TestAgent"
- timestamp: 2026-04-10T23:10:31.624637
  session_id: mcp
  event: challenge_issued
  agent: TestAgent
  task_id: custom_event
  duration_ms: 0
  trust_score: null
  details: "{\"test\": true}"
- timestamp: 2026-04-10T23:10:31.625441
  session_id: mcp
  event: tool_invoked
  agent: mcp
  task_id: gsane_emit_event
  duration_ms: 0
  trust_score: null
  details: "type=challenge_resolved agent=TestAgent"
- timestamp: 2026-04-10T23:10:31.626353
  session_id: mcp
  event: challenge_resolved
  agent: TestAgent
  task_id: custom_event
  duration_ms: 0
  trust_score: null
  details: "{\"test\": true}"
- timestamp: 2026-04-10T23:10:31.627062
  session_id: mcp
  event: tool_invoked
  agent: mcp
  task_id: gsane_emit_event
  duration_ms: 0
  trust_score: null
  details: "type=challenge_overruled agent=TestAgent"
- timestamp: 2026-04-10T23:10:31.627858
  session_id: mcp
  event: challenge_overruled
  agent: TestAgent
  task_id: custom_event
  duration_ms: 0
  trust_score: null
  details: "{\"test\": true}"
- timestamp: 2026-04-10T23:10:31.628571
  session_id: mcp
  event: tool_invoked
  agent: mcp
  task_id: gsane_emit_event
  duration_ms: 0
  trust_score: null
  details: "type=challenge_accepted agent=TestAgent"
- timestamp: 2026-04-10T23:10:31.629356
  session_id: mcp
  event: challenge_accepted
  agent: TestAgent
  task_id: custom_event
  duration_ms: 0
  trust_score: null
  details: "{\"test\": true}"
- timestamp: 2026-04-10T23:10:45.608998
  session_id: mcp
  event: tool_invoked
  agent: mcp
  task_id: gsane_read_canonical_brief
  duration_ms: 0
  trust_score: null
  details: "canonical human brief"
- timestamp: 2026-04-10T23:10:45.617267
  session_id: mcp
  event: tool_invoked
  agent: mcp
  task_id: gsane_read_active_delivery_contract
  duration_ms: 0
  trust_score: null
  details: "active delivery contract"
- timestamp: 2026-04-10T23:10:45.624656
  session_id: mcp
  event: tool_invoked
  agent: mcp
  task_id: gsane_read_project_snapshot
  duration_ms: 0
  trust_score: null
  details: "canonical project snapshot"
- timestamp: 2026-04-10T23:10:45.653740
  session_id: mcp
  event: tool_invoked
  agent: mcp
  task_id: gsane_fetch_compressed_memory
  duration_ms: 0
  trust_score: null
  details: "query=master"
- timestamp: 2026-04-10T23:10:45.667424
  session_id: mcp
  event: tool_invoked
  agent: mcp
  task_id: gsane_fetch_compressed_memory
  duration_ms: 0
  trust_score: null
  details: "query=xyzzy_query_that_does_not_exist_12345"
- timestamp: 2026-04-10T23:10:45.680939
  session_id: mcp
  event: tool_invoked
  agent: mcp
  task_id: gsane_fetch_compressed_memory
  duration_ms: 0
  trust_score: null
  details: "query=agent"
- timestamp: 2026-04-10T23:10:45.694347
  session_id: mcp
  event: tool_invoked
  agent: mcp
  task_id: gsane_write_session_checkpoint
  duration_ms: 0
  trust_score: null
  details: "exchange=999"
- timestamp: 2026-04-10T23:10:45.697241
  session_id: mcp
  event: tool_invoked
  agent: mcp
  task_id: gsane_write_session_checkpoint
  duration_ms: 0
  trust_score: null
  details: "exchange=998"
- timestamp: 2026-04-10T23:10:45.699267
  session_id: mcp
  event: tool_invoked
  agent: mcp
  task_id: gsane_read_checkpoint
  duration_ms: 0
  trust_score: null
  details: "warm session read"
- timestamp: 2026-04-10T23:10:45.701416
  session_id: mcp
  event: tool_invoked
  agent: mcp
  task_id: gsane_read_checkpoint
  duration_ms: 0
  trust_score: null
  details: "warm session read"
- timestamp: 2026-04-10T23:10:45.703557
  session_id: mcp
  event: tool_invoked
  agent: mcp
  task_id: gsane_route
  duration_ms: 0
  trust_score: null
  details: "query=implement a new feature"
- timestamp: 2026-04-10T23:10:45.728099
  session_id: mcp
  event: tool_invoked
  agent: mcp
  task_id: gsane_route
  duration_ms: 0
  trust_score: null
  details: "query=design a scalable architecture for the API"
- timestamp: 2026-04-10T23:10:45.752181
  session_id: mcp
  event: tool_invoked
  agent: mcp
  task_id: gsane_route
  duration_ms: 0
  trust_score: null
  details: "query=implement this with test-driven development"
- timestamp: 2026-04-10T23:10:45.776274
  session_id: mcp
  event: tool_invoked
  agent: mcp
  task_id: gsane_route
  duration_ms: 0
  trust_score: null
  details: "query=security hardening for auth tokens and filesystem access"
- timestamp: 2026-04-10T23:10:45.786687
  session_id: mcp
  event: tool_invoked
  agent: mcp
  task_id: gsane_route
  duration_ms: 0
  trust_score: null
  details: "query=security review for GSANE MCP sandbox guardrail policy"
- timestamp: 2026-04-10T23:10:45.798280
  session_id: mcp
  event: tool_invoked
  agent: mcp
  task_id: gsane_route
  duration_ms: 0
  trust_score: null
  details: "query=test query"
- timestamp: 2026-04-10T23:10:45.799820
  session_id: mcp
  event: tool_invoked
  agent: mcp
  task_id: gsane_route
  duration_ms: 0
  trust_score: null
  details: "query=test my architecture idea"
- timestamp: 2026-04-10T23:10:45.823820
  session_id: mcp
  event: tool_invoked
  agent: mcp
  task_id: gsane_route
  duration_ms: 0
  trust_score: null
  details: "query=code architecture is broken"
- timestamp: 2026-04-10T23:10:45.847756
  session_id: mcp
  event: tool_invoked
  agent: mcp
  task_id: gsane_route
  duration_ms: 0
  trust_score: null
  details: "query=bonjour, help me"
- timestamp: 2026-04-10T23:10:45.872295
  session_id: mcp
  event: tool_invoked
  agent: mcp
  task_id: gsane_route
  duration_ms: 0
  trust_score: null
  details: "query=implement a new feature"
- timestamp: 2026-04-10T23:10:45.896955
  session_id: mcp
  event: tool_invoked
  agent: mcp
  task_id: gsane_trace_report
  duration_ms: 0
  trust_score: null
  details: ""
- timestamp: 2026-04-10T23:10:46.260795
  session_id: mcp
  event: tool_invoked
  agent: mcp
  task_id: gsane_memory_fetch
  duration_ms: 0
  trust_score: null
  details: "agent=master topic="
- timestamp: 2026-04-10T23:10:46.271643
  session_id: mcp
  event: tool_invoked
  agent: mcp
  task_id: gsane_memory_fetch
  duration_ms: 0
  trust_score: null
  details: "agent=agent_xyz_unknown_12345 topic="
- timestamp: 2026-04-10T23:10:46.281837
  session_id: mcp
  event: tool_invoked
  agent: mcp
  task_id: gsane_memory_fetch
  duration_ms: 0
  trust_score: null
  details: "agent=master topic=leçon"
- timestamp: 2026-04-10T23:10:46.292512
  session_id: mcp
  event: tool_invoked
  agent: mcp
  task_id: gsane_memory_fetch
  duration_ms: 0
  trust_score: null
  details: "agent=..\\master topic="
- timestamp: 2026-04-10T23:10:46.675379
  session_id: mcp
  event: tool_invoked
  agent: mcp
  task_id: gsane_search_memory
  duration_ms: 0
  trust_score: null
  details: "query=agent scope=all"
- timestamp: 2026-04-10T23:10:46.688792
  session_id: mcp
  event: tool_invoked
  agent: mcp
  task_id: gsane_search_memory
  duration_ms: 0
  trust_score: null
  details: "query=xyz_inexistant_99999 scope=all"
- timestamp: 2026-04-10T23:10:46.701734
  session_id: mcp
  event: tool_invoked
  agent: mcp
  task_id: gsane_search_memory
  duration_ms: 0
  trust_score: null
  details: "query=FM- scope=failures"
- timestamp: 2026-04-10T23:10:46.714697
  session_id: mcp
  event: tool_invoked
  agent: mcp
  task_id: gsane_search_memory
  duration_ms: 0
  trust_score: null
  details: "query=DL- scope=decisions"
- timestamp: 2026-04-10T23:10:46.727873
  session_id: mcp
  event: tool_invoked
  agent: mcp
  task_id: gsane_search_memory
  duration_ms: 0
  trust_score: null
  details: "query=Session scope=sessions"
- timestamp: 2026-04-10T23:10:46.741130
  session_id: mcp
  event: tool_invoked
  agent: mcp
  task_id: gsane_search_memory
  duration_ms: 0
  trust_score: null
  details: "query=a scope=all"
- timestamp: 2026-04-10T23:10:46.754240
  session_id: mcp
  event: tool_invoked
  agent: mcp
  task_id: gsane_emit_event
  duration_ms: 0
  trust_score: null
  details: "type=qa_gate_passed agent=Quinn"
- timestamp: 2026-04-10T23:10:46.755052
  session_id: mcp
  event: qa_gate_passed
  agent: Quinn
  task_id: custom_event
  duration_ms: 0
  trust_score: null
  details: "{\"tests\": 155}"
- timestamp: 2026-04-10T23:10:46.756436
  session_id: mcp
  event: tool_invoked
  agent: mcp
  task_id: gsane_emit_event
  duration_ms: 0
  trust_score: null
  details: "type=custom_weird_event agent=TestAgent"
- timestamp: 2026-04-10T23:10:46.757241
  session_id: mcp
  event: custom_weird_event
  agent: TestAgent
  task_id: custom_event
  duration_ms: 0
  trust_score: null
  details: "{\"foo\": \"bar\"}"
- timestamp: 2026-04-10T23:10:46.758626
  session_id: mcp
  event: tool_invoked
  agent: mcp
  task_id: gsane_emit_event
  duration_ms: 0
  trust_score: null
  details: "type=session_milestone agent=Langis"
- timestamp: 2026-04-10T23:10:46.759559
  session_id: mcp
  event: session_milestone
  agent: Langis
  task_id: P5-C-test
  duration_ms: 0
  trust_score: null
  details: "{\"milestone\": \"P5-test\"}"
- timestamp: 2026-04-10T23:10:47.142619
  session_id: mcp
  event: tool_invoked
  agent: mcp
  task_id: gsane_emit_event
  duration_ms: 0
  trust_score: null
  details: "type=delivery_contract_created agent=Langis"
- timestamp: 2026-04-10T23:10:47.143596
  session_id: mcp
  event: delivery_contract_created
  agent: Langis
  task_id: DC-TEST-001
  duration_ms: 0
  trust_score: null
  details: "{}"
- timestamp: 2026-04-10T23:10:47.145173
  session_id: mcp
  event: tool_invoked
  agent: mcp
  task_id: gsane_emit_event
  duration_ms: 0
  trust_score: null
  details: "type=qa_gate_passed agent=Quinn"
- timestamp: 2026-04-10T23:10:47.146031
  session_id: mcp
  event: qa_gate_passed
  agent: Quinn
  task_id: custom_event
  duration_ms: 0
  trust_score: null
  details: "{}"
- timestamp: 2026-04-10T23:10:47.147473
  session_id: mcp
  event: tool_invoked
  agent: mcp
  task_id: gsane_emit_event
  duration_ms: 0
  trust_score: null
  details: "type=delivery_contract_created agent=TestAgent"
- timestamp: 2026-04-10T23:10:47.148362
  session_id: mcp
  event: delivery_contract_created
  agent: TestAgent
  task_id: custom_event
  duration_ms: 0
  trust_score: null
  details: "{\"test\": true}"
- timestamp: 2026-04-10T23:10:47.149095
  session_id: mcp
  event: tool_invoked
  agent: mcp
  task_id: gsane_emit_event
  duration_ms: 0
  trust_score: null
  details: "type=delivery_contract_approved agent=TestAgent"
- timestamp: 2026-04-10T23:10:47.149901
  session_id: mcp
  event: delivery_contract_approved
  agent: TestAgent
  task_id: custom_event
  duration_ms: 0
  trust_score: null
  details: "{\"test\": true}"
- timestamp: 2026-04-10T23:10:47.150602
  session_id: mcp
  event: tool_invoked
  agent: mcp
  task_id: gsane_emit_event
  duration_ms: 0
  trust_score: null
  details: "type=qa_gate_passed agent=TestAgent"
- timestamp: 2026-04-10T23:10:47.151441
  session_id: mcp
  event: qa_gate_passed
  agent: TestAgent
  task_id: custom_event
  duration_ms: 0
  trust_score: null
  details: "{\"test\": true}"
- timestamp: 2026-04-10T23:10:47.152152
  session_id: mcp
  event: tool_invoked
  agent: mcp
  task_id: gsane_emit_event
  duration_ms: 0
  trust_score: null
  details: "type=qa_gate_failed agent=TestAgent"
- timestamp: 2026-04-10T23:10:47.153109
  session_id: mcp
  event: qa_gate_failed
  agent: TestAgent
  task_id: custom_event
  duration_ms: 0
  trust_score: null
  details: "{\"test\": true}"
- timestamp: 2026-04-10T23:10:47.153859
  session_id: mcp
  event: tool_invoked
  agent: mcp
  task_id: gsane_emit_event
  duration_ms: 0
  trust_score: null
  details: "type=handoff_initiated agent=TestAgent"
- timestamp: 2026-04-10T23:10:47.154783
  session_id: mcp
  event: handoff_initiated
  agent: TestAgent
  task_id: custom_event
  duration_ms: 0
  trust_score: null
  details: "{\"test\": true}"
- timestamp: 2026-04-10T23:10:47.155510
  session_id: mcp
  event: tool_invoked
  agent: mcp
  task_id: gsane_emit_event
  duration_ms: 0
  trust_score: null
  details: "type=session_milestone agent=TestAgent"
- timestamp: 2026-04-10T23:10:47.156413
  session_id: mcp
  event: session_milestone
  agent: TestAgent
  task_id: custom_event
  duration_ms: 0
  trust_score: null
  details: "{\"test\": true}"
- timestamp: 2026-04-10T23:10:47.157139
  session_id: mcp
  event: tool_invoked
  agent: mcp
  task_id: gsane_emit_event
  duration_ms: 0
  trust_score: null
  details: "type=challenge_issued agent=TestAgent"
- timestamp: 2026-04-10T23:10:47.158086
  session_id: mcp
  event: challenge_issued
  agent: TestAgent
  task_id: custom_event
  duration_ms: 0
  trust_score: null
  details: "{\"test\": true}"
- timestamp: 2026-04-10T23:10:47.158961
  session_id: mcp
  event: tool_invoked
  agent: mcp
  task_id: gsane_emit_event
  duration_ms: 0
  trust_score: null
  details: "type=challenge_resolved agent=TestAgent"
- timestamp: 2026-04-10T23:10:47.159957
  session_id: mcp
  event: challenge_resolved
  agent: TestAgent
  task_id: custom_event
  duration_ms: 0
  trust_score: null
  details: "{\"test\": true}"
- timestamp: 2026-04-10T23:10:47.160707
  session_id: mcp
  event: tool_invoked
  agent: mcp
  task_id: gsane_emit_event
  duration_ms: 0
  trust_score: null
  details: "type=challenge_overruled agent=TestAgent"
- timestamp: 2026-04-10T23:10:47.161530
  session_id: mcp
  event: challenge_overruled
  agent: TestAgent
  task_id: custom_event
  duration_ms: 0
  trust_score: null
  details: "{\"test\": true}"
- timestamp: 2026-04-10T23:10:47.162247
  session_id: mcp
  event: tool_invoked
  agent: mcp
  task_id: gsane_emit_event
  duration_ms: 0
  trust_score: null
  details: "type=challenge_accepted agent=TestAgent"
- timestamp: 2026-04-10T23:10:47.163078
  session_id: mcp
  event: challenge_accepted
  agent: TestAgent
  task_id: custom_event
  duration_ms: 0
  trust_score: null
  details: "{\"test\": true}"
- timestamp: 2026-04-10T23:26:17.509781
  session_id: mcp
  event: tool_invoked
  agent: mcp
  task_id: gsane_read_canonical_brief
  duration_ms: 0
  trust_score: null
  details: "canonical human brief"
- timestamp: 2026-04-10T23:26:17.517604
  session_id: mcp
  event: tool_invoked
  agent: mcp
  task_id: gsane_read_active_delivery_contract
  duration_ms: 0
  trust_score: null
  details: "active delivery contract"
- timestamp: 2026-04-10T23:26:17.526416
  session_id: mcp
  event: tool_invoked
  agent: mcp
  task_id: gsane_read_project_snapshot
  duration_ms: 0
  trust_score: null
  details: "canonical project snapshot"
- timestamp: 2026-04-10T23:26:17.556007
  session_id: mcp
  event: tool_invoked
  agent: mcp
  task_id: gsane_fetch_compressed_memory
  duration_ms: 0
  trust_score: null
  details: "query=master"
- timestamp: 2026-04-10T23:26:17.569633
  session_id: mcp
  event: tool_invoked
  agent: mcp
  task_id: gsane_fetch_compressed_memory
  duration_ms: 0
  trust_score: null
  details: "query=xyzzy_query_that_does_not_exist_12345"
- timestamp: 2026-04-10T23:26:17.583066
  session_id: mcp
  event: tool_invoked
  agent: mcp
  task_id: gsane_fetch_compressed_memory
  duration_ms: 0
  trust_score: null
  details: "query=agent"
- timestamp: 2026-04-10T23:26:17.596416
  session_id: mcp
  event: tool_invoked
  agent: mcp
  task_id: gsane_write_session_checkpoint
  duration_ms: 0
  trust_score: null
  details: "exchange=999"
- timestamp: 2026-04-10T23:26:17.599304
  session_id: mcp
  event: tool_invoked
  agent: mcp
  task_id: gsane_write_session_checkpoint
  duration_ms: 0
  trust_score: null
  details: "exchange=998"
- timestamp: 2026-04-10T23:26:17.601435
  session_id: mcp
  event: tool_invoked
  agent: mcp
  task_id: gsane_read_checkpoint
  duration_ms: 0
  trust_score: null
  details: "warm session read"
- timestamp: 2026-04-10T23:26:17.603849
  session_id: mcp
  event: tool_invoked
  agent: mcp
  task_id: gsane_read_checkpoint
  duration_ms: 0
  trust_score: null
  details: "warm session read"
- timestamp: 2026-04-10T23:26:17.606828
  session_id: mcp
  event: tool_invoked
  agent: mcp
  task_id: gsane_route
  duration_ms: 0
  trust_score: null
  details: "query=implement a new feature"
- timestamp: 2026-04-10T23:26:17.631921
  session_id: mcp
  event: tool_invoked
  agent: mcp
  task_id: gsane_route
  duration_ms: 0
  trust_score: null
  details: "query=design a scalable architecture for the API"
- timestamp: 2026-04-10T23:26:17.656216
  session_id: mcp
  event: tool_invoked
  agent: mcp
  task_id: gsane_route
  duration_ms: 0
  trust_score: null
  details: "query=implement this with test-driven development"
- timestamp: 2026-04-10T23:26:17.680477
  session_id: mcp
  event: tool_invoked
  agent: mcp
  task_id: gsane_route
  duration_ms: 0
  trust_score: null
  details: "query=security hardening for auth tokens and filesystem access"
- timestamp: 2026-04-10T23:26:17.690957
  session_id: mcp
  event: tool_invoked
  agent: mcp
  task_id: gsane_route
  duration_ms: 0
  trust_score: null
  details: "query=security review for GSANE MCP sandbox guardrail policy"
- timestamp: 2026-04-10T23:26:17.704998
  session_id: mcp
  event: tool_invoked
  agent: mcp
  task_id: gsane_route
  duration_ms: 0
  trust_score: null
  details: "query=test query"
- timestamp: 2026-04-10T23:26:17.706813
  session_id: mcp
  event: tool_invoked
  agent: mcp
  task_id: gsane_route
  duration_ms: 0
  trust_score: null
  details: "query=test my architecture idea"
- timestamp: 2026-04-10T23:26:17.730862
  session_id: mcp
  event: tool_invoked
  agent: mcp
  task_id: gsane_route
  duration_ms: 0
  trust_score: null
  details: "query=code architecture is broken"
- timestamp: 2026-04-10T23:26:17.755379
  session_id: mcp
  event: tool_invoked
  agent: mcp
  task_id: gsane_route
  duration_ms: 0
  trust_score: null
  details: "query=bonjour, help me"
- timestamp: 2026-04-10T23:26:17.779422
  session_id: mcp
  event: tool_invoked
  agent: mcp
  task_id: gsane_route
  duration_ms: 0
  trust_score: null
  details: "query=implement a new feature"
- timestamp: 2026-04-10T23:26:17.803632
  session_id: mcp
  event: tool_invoked
  agent: mcp
  task_id: gsane_trace_report
  duration_ms: 0
  trust_score: null
  details: ""
- timestamp: 2026-04-10T23:26:18.186532
  session_id: mcp
  event: tool_invoked
  agent: mcp
  task_id: gsane_memory_fetch
  duration_ms: 0
  trust_score: null
  details: "agent=master topic="
- timestamp: 2026-04-10T23:26:18.197899
  session_id: mcp
  event: tool_invoked
  agent: mcp
  task_id: gsane_memory_fetch
  duration_ms: 0
  trust_score: null
  details: "agent=agent_xyz_unknown_12345 topic="
- timestamp: 2026-04-10T23:26:18.208453
  session_id: mcp
  event: tool_invoked
  agent: mcp
  task_id: gsane_memory_fetch
  duration_ms: 0
  trust_score: null
  details: "agent=master topic=leçon"
- timestamp: 2026-04-10T23:26:18.219262
  session_id: mcp
  event: tool_invoked
  agent: mcp
  task_id: gsane_memory_fetch
  duration_ms: 0
  trust_score: null
  details: "agent=..\\master topic="
- timestamp: 2026-04-10T23:26:18.410820
  session_id: mcp
  event: tool_invoked
  agent: mcp
  task_id: gsane_search_memory
  duration_ms: 0
  trust_score: null
  details: "query=agent scope=all"
- timestamp: 2026-04-10T23:26:18.423819
  session_id: mcp
  event: tool_invoked
  agent: mcp
  task_id: gsane_search_memory
  duration_ms: 0
  trust_score: null
  details: "query=xyz_inexistant_99999 scope=all"
- timestamp: 2026-04-10T23:26:18.436597
  session_id: mcp
  event: tool_invoked
  agent: mcp
  task_id: gsane_search_memory
  duration_ms: 0
  trust_score: null
  details: "query=FM- scope=failures"
- timestamp: 2026-04-10T23:26:18.449354
  session_id: mcp
  event: tool_invoked
  agent: mcp
  task_id: gsane_search_memory
  duration_ms: 0
  trust_score: null
  details: "query=DL- scope=decisions"
- timestamp: 2026-04-10T23:26:18.462073
  session_id: mcp
  event: tool_invoked
  agent: mcp
  task_id: gsane_search_memory
  duration_ms: 0
  trust_score: null
  details: "query=Session scope=sessions"
- timestamp: 2026-04-10T23:26:18.474817
  session_id: mcp
  event: tool_invoked
  agent: mcp
  task_id: gsane_search_memory
  duration_ms: 0
  trust_score: null
  details: "query=a scope=all"
- timestamp: 2026-04-10T23:26:18.487547
  session_id: mcp
  event: tool_invoked
  agent: mcp
  task_id: gsane_emit_event
  duration_ms: 0
  trust_score: null
  details: "type=qa_gate_passed agent=Quinn"
- timestamp: 2026-04-10T23:26:18.488387
  session_id: mcp
  event: qa_gate_passed
  agent: Quinn
  task_id: custom_event
  duration_ms: 0
  trust_score: null
  details: "{\"tests\": 155}"
- timestamp: 2026-04-10T23:26:18.489823
  session_id: mcp
  event: tool_invoked
  agent: mcp
  task_id: gsane_emit_event
  duration_ms: 0
  trust_score: null
  details: "type=custom_weird_event agent=TestAgent"
- timestamp: 2026-04-10T23:26:18.490754
  session_id: mcp
  event: custom_weird_event
  agent: TestAgent
  task_id: custom_event
  duration_ms: 0
  trust_score: null
  details: "{\"foo\": \"bar\"}"
- timestamp: 2026-04-10T23:26:18.492232
  session_id: mcp
  event: tool_invoked
  agent: mcp
  task_id: gsane_emit_event
  duration_ms: 0
  trust_score: null
  details: "type=session_milestone agent=Langis"
- timestamp: 2026-04-10T23:26:18.493056
  session_id: mcp
  event: session_milestone
  agent: Langis
  task_id: P5-C-test
  duration_ms: 0
  trust_score: null
  details: "{\"milestone\": \"P5-test\"}"
- timestamp: 2026-04-10T23:26:18.520937
  session_id: mcp
  event: tool_invoked
  agent: mcp
  task_id: gsane_emit_event
  duration_ms: 0
  trust_score: null
  details: "type=delivery_contract_created agent=Langis"
- timestamp: 2026-04-10T23:26:18.521789
  session_id: mcp
  event: delivery_contract_created
  agent: Langis
  task_id: DC-TEST-001
  duration_ms: 0
  trust_score: null
  details: "{}"
- timestamp: 2026-04-10T23:26:18.523199
  session_id: mcp
  event: tool_invoked
  agent: mcp
  task_id: gsane_emit_event
  duration_ms: 0
  trust_score: null
  details: "type=qa_gate_passed agent=Quinn"
- timestamp: 2026-04-10T23:26:18.524038
  session_id: mcp
  event: qa_gate_passed
  agent: Quinn
  task_id: custom_event
  duration_ms: 0
  trust_score: null
  details: "{}"
- timestamp: 2026-04-10T23:26:18.525445
  session_id: mcp
  event: tool_invoked
  agent: mcp
  task_id: gsane_emit_event
  duration_ms: 0
  trust_score: null
  details: "type=delivery_contract_created agent=TestAgent"
- timestamp: 2026-04-10T23:26:18.526276
  session_id: mcp
  event: delivery_contract_created
  agent: TestAgent
  task_id: custom_event
  duration_ms: 0
  trust_score: null
  details: "{\"test\": true}"
- timestamp: 2026-04-10T23:26:18.527035
  session_id: mcp
  event: tool_invoked
  agent: mcp
  task_id: gsane_emit_event
  duration_ms: 0
  trust_score: null
  details: "type=delivery_contract_approved agent=TestAgent"
- timestamp: 2026-04-10T23:26:18.527831
  session_id: mcp
  event: delivery_contract_approved
  agent: TestAgent
  task_id: custom_event
  duration_ms: 0
  trust_score: null
  details: "{\"test\": true}"
- timestamp: 2026-04-10T23:26:18.528557
  session_id: mcp
  event: tool_invoked
  agent: mcp
  task_id: gsane_emit_event
  duration_ms: 0
  trust_score: null
  details: "type=qa_gate_passed agent=TestAgent"
- timestamp: 2026-04-10T23:26:18.529384
  session_id: mcp
  event: qa_gate_passed
  agent: TestAgent
  task_id: custom_event
  duration_ms: 0
  trust_score: null
  details: "{\"test\": true}"
- timestamp: 2026-04-10T23:26:18.530099
  session_id: mcp
  event: tool_invoked
  agent: mcp
  task_id: gsane_emit_event
  duration_ms: 0
  trust_score: null
  details: "type=qa_gate_failed agent=TestAgent"
- timestamp: 2026-04-10T23:26:18.531029
  session_id: mcp
  event: qa_gate_failed
  agent: TestAgent
  task_id: custom_event
  duration_ms: 0
  trust_score: null
  details: "{\"test\": true}"
- timestamp: 2026-04-10T23:26:18.531951
  session_id: mcp
  event: tool_invoked
  agent: mcp
  task_id: gsane_emit_event
  duration_ms: 0
  trust_score: null
  details: "type=handoff_initiated agent=TestAgent"
- timestamp: 2026-04-10T23:26:18.532754
  session_id: mcp
  event: handoff_initiated
  agent: TestAgent
  task_id: custom_event
  duration_ms: 0
  trust_score: null
  details: "{\"test\": true}"
- timestamp: 2026-04-10T23:26:18.533480
  session_id: mcp
  event: tool_invoked
  agent: mcp
  task_id: gsane_emit_event
  duration_ms: 0
  trust_score: null
  details: "type=session_milestone agent=TestAgent"
- timestamp: 2026-04-10T23:26:18.534323
  session_id: mcp
  event: session_milestone
  agent: TestAgent
  task_id: custom_event
  duration_ms: 0
  trust_score: null
  details: "{\"test\": true}"
- timestamp: 2026-04-10T23:26:18.535037
  session_id: mcp
  event: tool_invoked
  agent: mcp
  task_id: gsane_emit_event
  duration_ms: 0
  trust_score: null
  details: "type=challenge_issued agent=TestAgent"
- timestamp: 2026-04-10T23:26:18.536022
  session_id: mcp
  event: challenge_issued
  agent: TestAgent
  task_id: custom_event
  duration_ms: 0
  trust_score: null
  details: "{\"test\": true}"
- timestamp: 2026-04-10T23:26:18.536769
  session_id: mcp
  event: tool_invoked
  agent: mcp
  task_id: gsane_emit_event
  duration_ms: 0
  trust_score: null
  details: "type=challenge_resolved agent=TestAgent"
- timestamp: 2026-04-10T23:26:18.537575
  session_id: mcp
  event: challenge_resolved
  agent: TestAgent
  task_id: custom_event
  duration_ms: 0
  trust_score: null
  details: "{\"test\": true}"
- timestamp: 2026-04-10T23:26:18.538274
  session_id: mcp
  event: tool_invoked
  agent: mcp
  task_id: gsane_emit_event
  duration_ms: 0
  trust_score: null
  details: "type=challenge_overruled agent=TestAgent"
- timestamp: 2026-04-10T23:26:18.539150
  session_id: mcp
  event: challenge_overruled
  agent: TestAgent
  task_id: custom_event
  duration_ms: 0
  trust_score: null
  details: "{\"test\": true}"
- timestamp: 2026-04-10T23:26:18.540023
  session_id: mcp
  event: tool_invoked
  agent: mcp
  task_id: gsane_emit_event
  duration_ms: 0
  trust_score: null
  details: "type=challenge_accepted agent=TestAgent"
- timestamp: 2026-04-10T23:26:18.540910
  session_id: mcp
  event: challenge_accepted
  agent: TestAgent
  task_id: custom_event
  duration_ms: 0
  trust_score: null
  details: "{\"test\": true}"
- timestamp: 2026-04-10T23:26:18.630951
  session_id: mcp
  event: tool_invoked
  agent: mcp
  task_id: gsane_route
  duration_ms: 0
  trust_score: null
  details: "query=implement a new feature"
- timestamp: 2026-04-10T23:26:18.687652
  session_id: mcp
  event: tool_invoked
  agent: mcp
  task_id: gsane_fetch_compressed_memory
  duration_ms: 0
  trust_score: null
  details: "query=master"
- timestamp: 2026-04-10T23:26:18.705784
  session_id: mcp
  event: tool_invoked
  agent: mcp
  task_id: gsane_read_checkpoint
  duration_ms: 0
  trust_score: null
  details: "warm session read"
- timestamp: 2026-04-10T23:26:20.969757
  session_id: mcp
  event: tool_invoked
  agent: mcp
  task_id: gsane_read_canonical_brief
  duration_ms: 0
  trust_score: null
  details: "canonical human brief"
- timestamp: 2026-04-10T23:26:20.977603
  session_id: mcp
  event: tool_invoked
  agent: mcp
  task_id: gsane_read_active_delivery_contract
  duration_ms: 0
  trust_score: null
  details: "active delivery contract"
- timestamp: 2026-04-10T23:26:20.985645
  session_id: mcp
  event: tool_invoked
  agent: mcp
  task_id: gsane_read_project_snapshot
  duration_ms: 0
  trust_score: null
  details: "canonical project snapshot"
- timestamp: 2026-04-10T23:26:21.015143
  session_id: mcp
  event: tool_invoked
  agent: mcp
  task_id: gsane_fetch_compressed_memory
  duration_ms: 0
  trust_score: null
  details: "query=master"
- timestamp: 2026-04-10T23:26:21.028224
  session_id: mcp
  event: tool_invoked
  agent: mcp
  task_id: gsane_fetch_compressed_memory
  duration_ms: 0
  trust_score: null
  details: "query=xyzzy_query_that_does_not_exist_12345"
- timestamp: 2026-04-10T23:26:21.041053
  session_id: mcp
  event: tool_invoked
  agent: mcp
  task_id: gsane_fetch_compressed_memory
  duration_ms: 0
  trust_score: null
  details: "query=agent"
- timestamp: 2026-04-10T23:26:21.054119
  session_id: mcp
  event: tool_invoked
  agent: mcp
  task_id: gsane_write_session_checkpoint
  duration_ms: 0
  trust_score: null
  details: "exchange=999"
- timestamp: 2026-04-10T23:26:21.057019
  session_id: mcp
  event: tool_invoked
  agent: mcp
  task_id: gsane_write_session_checkpoint
  duration_ms: 0
  trust_score: null
  details: "exchange=998"
- timestamp: 2026-04-10T23:26:21.059028
  session_id: mcp
  event: tool_invoked
  agent: mcp
  task_id: gsane_read_checkpoint
  duration_ms: 0
  trust_score: null
  details: "warm session read"
- timestamp: 2026-04-10T23:26:21.061213
  session_id: mcp
  event: tool_invoked
  agent: mcp
  task_id: gsane_read_checkpoint
  duration_ms: 0
  trust_score: null
  details: "warm session read"
- timestamp: 2026-04-10T23:26:21.063400
  session_id: mcp
  event: tool_invoked
  agent: mcp
  task_id: gsane_route
  duration_ms: 0
  trust_score: null
  details: "query=implement a new feature"
- timestamp: 2026-04-10T23:26:21.087264
  session_id: mcp
  event: tool_invoked
  agent: mcp
  task_id: gsane_route
  duration_ms: 0
  trust_score: null
  details: "query=design a scalable architecture for the API"
- timestamp: 2026-04-10T23:26:21.112009
  session_id: mcp
  event: tool_invoked
  agent: mcp
  task_id: gsane_route
  duration_ms: 0
  trust_score: null
  details: "query=implement this with test-driven development"
- timestamp: 2026-04-10T23:26:21.136323
  session_id: mcp
  event: tool_invoked
  agent: mcp
  task_id: gsane_route
  duration_ms: 0
  trust_score: null
  details: "query=security hardening for auth tokens and filesystem access"
- timestamp: 2026-04-10T23:26:21.146830
  session_id: mcp
  event: tool_invoked
  agent: mcp
  task_id: gsane_route
  duration_ms: 0
  trust_score: null
  details: "query=security review for GSANE MCP sandbox guardrail policy"
- timestamp: 2026-04-10T23:26:21.160432
  session_id: mcp
  event: tool_invoked
  agent: mcp
  task_id: gsane_route
  duration_ms: 0
  trust_score: null
  details: "query=test query"
- timestamp: 2026-04-10T23:26:21.162055
  session_id: mcp
  event: tool_invoked
  agent: mcp
  task_id: gsane_route
  duration_ms: 0
  trust_score: null
  details: "query=test my architecture idea"
- timestamp: 2026-04-10T23:26:21.186426
  session_id: mcp
  event: tool_invoked
  agent: mcp
  task_id: gsane_route
  duration_ms: 0
  trust_score: null
  details: "query=code architecture is broken"
- timestamp: 2026-04-10T23:26:21.210710
  session_id: mcp
  event: tool_invoked
  agent: mcp
  task_id: gsane_route
  duration_ms: 0
  trust_score: null
  details: "query=bonjour, help me"
- timestamp: 2026-04-10T23:26:21.234908
  session_id: mcp
  event: tool_invoked
  agent: mcp
  task_id: gsane_route
  duration_ms: 0
  trust_score: null
  details: "query=implement a new feature"
- timestamp: 2026-04-10T23:26:21.258931
  session_id: mcp
  event: tool_invoked
  agent: mcp
  task_id: gsane_trace_report
  duration_ms: 0
  trust_score: null
  details: ""
- timestamp: 2026-04-10T23:26:21.675284
  session_id: mcp
  event: tool_invoked
  agent: mcp
  task_id: gsane_memory_fetch
  duration_ms: 0
  trust_score: null
  details: "agent=master topic="
- timestamp: 2026-04-10T23:26:21.686216
  session_id: mcp
  event: tool_invoked
  agent: mcp
  task_id: gsane_memory_fetch
  duration_ms: 0
  trust_score: null
  details: "agent=agent_xyz_unknown_12345 topic="
- timestamp: 2026-04-10T23:26:21.696380
  session_id: mcp
  event: tool_invoked
  agent: mcp
  task_id: gsane_memory_fetch
  duration_ms: 0
  trust_score: null
  details: "agent=master topic=leçon"
- timestamp: 2026-04-10T23:26:21.707209
  session_id: mcp
  event: tool_invoked
  agent: mcp
  task_id: gsane_memory_fetch
  duration_ms: 0
  trust_score: null
  details: "agent=..\\master topic="
- timestamp: 2026-04-10T23:26:21.746499
  session_id: mcp
  event: tool_invoked
  agent: mcp
  task_id: gsane_search_memory
  duration_ms: 0
  trust_score: null
  details: "query=agent scope=all"
- timestamp: 2026-04-10T23:26:21.760272
  session_id: mcp
  event: tool_invoked
  agent: mcp
  task_id: gsane_search_memory
  duration_ms: 0
  trust_score: null
  details: "query=xyz_inexistant_99999 scope=all"
- timestamp: 2026-04-10T23:26:21.773121
  session_id: mcp
  event: tool_invoked
  agent: mcp
  task_id: gsane_search_memory
  duration_ms: 0
  trust_score: null
  details: "query=FM- scope=failures"
- timestamp: 2026-04-10T23:26:21.785820
  session_id: mcp
  event: tool_invoked
  agent: mcp
  task_id: gsane_search_memory
  duration_ms: 0
  trust_score: null
  details: "query=DL- scope=decisions"
- timestamp: 2026-04-10T23:26:21.798787
  session_id: mcp
  event: tool_invoked
  agent: mcp
  task_id: gsane_search_memory
  duration_ms: 0
  trust_score: null
  details: "query=Session scope=sessions"
- timestamp: 2026-04-10T23:26:21.811795
  session_id: mcp
  event: tool_invoked
  agent: mcp
  task_id: gsane_search_memory
  duration_ms: 0
  trust_score: null
  details: "query=a scope=all"
- timestamp: 2026-04-10T23:26:21.824506
  session_id: mcp
  event: tool_invoked
  agent: mcp
  task_id: gsane_emit_event
  duration_ms: 0
  trust_score: null
  details: "type=qa_gate_passed agent=Quinn"
- timestamp: 2026-04-10T23:26:21.825408
  session_id: mcp
  event: qa_gate_passed
  agent: Quinn
  task_id: custom_event
  duration_ms: 0
  trust_score: null
  details: "{\"tests\": 155}"
- timestamp: 2026-04-10T23:26:21.826814
  session_id: mcp
  event: tool_invoked
  agent: mcp
  task_id: gsane_emit_event
  duration_ms: 0
  trust_score: null
  details: "type=custom_weird_event agent=TestAgent"
- timestamp: 2026-04-10T23:26:21.827619
  session_id: mcp
  event: custom_weird_event
  agent: TestAgent
  task_id: custom_event
  duration_ms: 0
  trust_score: null
  details: "{\"foo\": \"bar\"}"
- timestamp: 2026-04-10T23:26:21.829048
  session_id: mcp
  event: tool_invoked
  agent: mcp
  task_id: gsane_emit_event
  duration_ms: 0
  trust_score: null
  details: "type=session_milestone agent=Langis"
- timestamp: 2026-04-10T23:26:21.829855
  session_id: mcp
  event: session_milestone
  agent: Langis
  task_id: P5-C-test
  duration_ms: 0
  trust_score: null
  details: "{\"milestone\": \"P5-test\"}"
- timestamp: 2026-04-10T23:26:21.857217
  session_id: mcp
  event: tool_invoked
  agent: mcp
  task_id: gsane_emit_event
  duration_ms: 0
  trust_score: null
  details: "type=delivery_contract_created agent=Langis"
- timestamp: 2026-04-10T23:26:21.858034
  session_id: mcp
  event: delivery_contract_created
  agent: Langis
  task_id: DC-TEST-001
  duration_ms: 0
  trust_score: null
  details: "{}"
- timestamp: 2026-04-10T23:26:21.859381
  session_id: mcp
  event: tool_invoked
  agent: mcp
  task_id: gsane_emit_event
  duration_ms: 0
  trust_score: null
  details: "type=qa_gate_passed agent=Quinn"
- timestamp: 2026-04-10T23:26:21.860251
  session_id: mcp
  event: qa_gate_passed
  agent: Quinn
  task_id: custom_event
  duration_ms: 0
  trust_score: null
  details: "{}"
- timestamp: 2026-04-10T23:26:21.861661
  session_id: mcp
  event: tool_invoked
  agent: mcp
  task_id: gsane_emit_event
  duration_ms: 0
  trust_score: null
  details: "type=delivery_contract_created agent=TestAgent"
- timestamp: 2026-04-10T23:26:21.862607
  session_id: mcp
  event: delivery_contract_created
  agent: TestAgent
  task_id: custom_event
  duration_ms: 0
  trust_score: null
  details: "{\"test\": true}"
- timestamp: 2026-04-10T23:26:21.863364
  session_id: mcp
  event: tool_invoked
  agent: mcp
  task_id: gsane_emit_event
  duration_ms: 0
  trust_score: null
  details: "type=delivery_contract_approved agent=TestAgent"
- timestamp: 2026-04-10T23:26:21.864319
  session_id: mcp
  event: delivery_contract_approved
  agent: TestAgent
  task_id: custom_event
  duration_ms: 0
  trust_score: null
  details: "{\"test\": true}"
- timestamp: 2026-04-10T23:26:21.865156
  session_id: mcp
  event: tool_invoked
  agent: mcp
  task_id: gsane_emit_event
  duration_ms: 0
  trust_score: null
  details: "type=qa_gate_passed agent=TestAgent"
- timestamp: 2026-04-10T23:26:21.866134
  session_id: mcp
  event: qa_gate_passed
  agent: TestAgent
  task_id: custom_event
  duration_ms: 0
  trust_score: null
  details: "{\"test\": true}"
- timestamp: 2026-04-10T23:26:21.866866
  session_id: mcp
  event: tool_invoked
  agent: mcp
  task_id: gsane_emit_event
  duration_ms: 0
  trust_score: null
  details: "type=qa_gate_failed agent=TestAgent"
- timestamp: 2026-04-10T23:26:21.867693
  session_id: mcp
  event: qa_gate_failed
  agent: TestAgent
  task_id: custom_event
  duration_ms: 0
  trust_score: null
  details: "{\"test\": true}"
- timestamp: 2026-04-10T23:26:21.868426
  session_id: mcp
  event: tool_invoked
  agent: mcp
  task_id: gsane_emit_event
  duration_ms: 0
  trust_score: null
  details: "type=handoff_initiated agent=TestAgent"
- timestamp: 2026-04-10T23:26:21.869226
  session_id: mcp
  event: handoff_initiated
  agent: TestAgent
  task_id: custom_event
  duration_ms: 0
  trust_score: null
  details: "{\"test\": true}"
- timestamp: 2026-04-10T23:26:21.869937
  session_id: mcp
  event: tool_invoked
  agent: mcp
  task_id: gsane_emit_event
  duration_ms: 0
  trust_score: null
  details: "type=session_milestone agent=TestAgent"
- timestamp: 2026-04-10T23:26:21.870768
  session_id: mcp
  event: session_milestone
  agent: TestAgent
  task_id: custom_event
  duration_ms: 0
  trust_score: null
  details: "{\"test\": true}"
- timestamp: 2026-04-10T23:26:21.871480
  session_id: mcp
  event: tool_invoked
  agent: mcp
  task_id: gsane_emit_event
  duration_ms: 0
  trust_score: null
  details: "type=challenge_issued agent=TestAgent"
- timestamp: 2026-04-10T23:26:21.872358
  session_id: mcp
  event: challenge_issued
  agent: TestAgent
  task_id: custom_event
  duration_ms: 0
  trust_score: null
  details: "{\"test\": true}"
- timestamp: 2026-04-10T23:26:21.873079
  session_id: mcp
  event: tool_invoked
  agent: mcp
  task_id: gsane_emit_event
  duration_ms: 0
  trust_score: null
  details: "type=challenge_resolved agent=TestAgent"
- timestamp: 2026-04-10T23:26:21.873882
  session_id: mcp
  event: challenge_resolved
  agent: TestAgent
  task_id: custom_event
  duration_ms: 0
  trust_score: null
  details: "{\"test\": true}"
- timestamp: 2026-04-10T23:26:21.874582
  session_id: mcp
  event: tool_invoked
  agent: mcp
  task_id: gsane_emit_event
  duration_ms: 0
  trust_score: null
  details: "type=challenge_overruled agent=TestAgent"
- timestamp: 2026-04-10T23:26:21.875535
  session_id: mcp
  event: challenge_overruled
  agent: TestAgent
  task_id: custom_event
  duration_ms: 0
  trust_score: null
  details: "{\"test\": true}"
- timestamp: 2026-04-10T23:26:21.876484
  session_id: mcp
  event: tool_invoked
  agent: mcp
  task_id: gsane_emit_event
  duration_ms: 0
  trust_score: null
  details: "type=challenge_accepted agent=TestAgent"
- timestamp: 2026-04-10T23:26:21.877315
  session_id: mcp
  event: challenge_accepted
  agent: TestAgent
  task_id: custom_event
  duration_ms: 0
  trust_score: null
  details: "{\"test\": true}"
- timestamp: 2026-04-10T23:26:21.965514
  session_id: mcp
  event: tool_invoked
  agent: mcp
  task_id: gsane_route
  duration_ms: 0
  trust_score: null
  details: "query=implement a new feature"
- timestamp: 2026-04-10T23:26:22.022132
  session_id: mcp
  event: tool_invoked
  agent: mcp
  task_id: gsane_fetch_compressed_memory
  duration_ms: 0
  trust_score: null
  details: "query=master"
- timestamp: 2026-04-10T23:26:22.039243
  session_id: mcp
  event: tool_invoked
  agent: mcp
  task_id: gsane_read_checkpoint
  duration_ms: 0
  trust_score: null
  details: "warm session read"
- timestamp: 2026-04-10T23:27:11.788432
  session_id: mcp
  event: tool_invoked
  agent: mcp
  task_id: gsane_memory_fetch
  duration_ms: 0
  trust_score: null
  details: "agent=..\\master topic="
- timestamp: 2026-04-10T23:27:12.283599
  session_id: mcp
  event: tool_invoked
  agent: mcp
  task_id: gsane_emit_event
  duration_ms: 0
  trust_score: null
  details: "type=session_milestone agent=Langis"
- timestamp: 2026-04-10T23:27:12.284548
  session_id: mcp
  event: session_milestone
  agent: Langis
  task_id: P5-C-test
  duration_ms: 0
  trust_score: null
  details: "{\"milestone\": \"P5-test\"}"
- timestamp: 2026-04-10T23:27:22.144141
  session_id: mcp
  event: tool_invoked
  agent: mcp
  task_id: gsane_read_canonical_brief
  duration_ms: 0
  trust_score: null
  details: "canonical human brief"
- timestamp: 2026-04-10T23:27:22.152042
  session_id: mcp
  event: tool_invoked
  agent: mcp
  task_id: gsane_read_active_delivery_contract
  duration_ms: 0
  trust_score: null
  details: "active delivery contract"
- timestamp: 2026-04-10T23:27:22.160021
  session_id: mcp
  event: tool_invoked
  agent: mcp
  task_id: gsane_read_project_snapshot
  duration_ms: 0
  trust_score: null
  details: "canonical project snapshot"
- timestamp: 2026-04-10T23:27:22.189786
  session_id: mcp
  event: tool_invoked
  agent: mcp
  task_id: gsane_fetch_compressed_memory
  duration_ms: 0
  trust_score: null
  details: "query=master"
- timestamp: 2026-04-10T23:27:22.203721
  session_id: mcp
  event: tool_invoked
  agent: mcp
  task_id: gsane_fetch_compressed_memory
  duration_ms: 0
  trust_score: null
  details: "query=xyzzy_query_that_does_not_exist_12345"
- timestamp: 2026-04-10T23:27:22.217287
  session_id: mcp
  event: tool_invoked
  agent: mcp
  task_id: gsane_fetch_compressed_memory
  duration_ms: 0
  trust_score: null
  details: "query=agent"
- timestamp: 2026-04-10T23:27:22.231187
  session_id: mcp
  event: tool_invoked
  agent: mcp
  task_id: gsane_write_session_checkpoint
  duration_ms: 0
  trust_score: null
  details: "exchange=999"
- timestamp: 2026-04-10T23:27:22.234207
  session_id: mcp
  event: tool_invoked
  agent: mcp
  task_id: gsane_write_session_checkpoint
  duration_ms: 0
  trust_score: null
  details: "exchange=998"
- timestamp: 2026-04-10T23:27:22.236268
  session_id: mcp
  event: tool_invoked
  agent: mcp
  task_id: gsane_read_checkpoint
  duration_ms: 0
  trust_score: null
  details: "warm session read"
- timestamp: 2026-04-10T23:27:22.238486
  session_id: mcp
  event: tool_invoked
  agent: mcp
  task_id: gsane_read_checkpoint
  duration_ms: 0
  trust_score: null
  details: "warm session read"
- timestamp: 2026-04-10T23:27:22.240862
  session_id: mcp
  event: tool_invoked
  agent: mcp
  task_id: gsane_route
  duration_ms: 0
  trust_score: null
  details: "query=implement a new feature"
- timestamp: 2026-04-10T23:27:22.265017
  session_id: mcp
  event: tool_invoked
  agent: mcp
  task_id: gsane_route
  duration_ms: 0
  trust_score: null
  details: "query=design a scalable architecture for the API"
- timestamp: 2026-04-10T23:27:22.288787
  session_id: mcp
  event: tool_invoked
  agent: mcp
  task_id: gsane_route
  duration_ms: 0
  trust_score: null
  details: "query=implement this with test-driven development"
- timestamp: 2026-04-10T23:27:22.312982
  session_id: mcp
  event: tool_invoked
  agent: mcp
  task_id: gsane_route
  duration_ms: 0
  trust_score: null
  details: "query=security hardening for auth tokens and filesystem access"
- timestamp: 2026-04-10T23:27:22.323346
  session_id: mcp
  event: tool_invoked
  agent: mcp
  task_id: gsane_route
  duration_ms: 0
  trust_score: null
  details: "query=security review for GSANE MCP sandbox guardrail policy"
- timestamp: 2026-04-10T23:27:22.337111
  session_id: mcp
  event: tool_invoked
  agent: mcp
  task_id: gsane_route
  duration_ms: 0
  trust_score: null
  details: "query=test query"
- timestamp: 2026-04-10T23:27:22.338723
  session_id: mcp
  event: tool_invoked
  agent: mcp
  task_id: gsane_route
  duration_ms: 0
  trust_score: null
  details: "query=test my architecture idea"
- timestamp: 2026-04-10T23:27:22.362494
  session_id: mcp
  event: tool_invoked
  agent: mcp
  task_id: gsane_route
  duration_ms: 0
  trust_score: null
  details: "query=code architecture is broken"
- timestamp: 2026-04-10T23:27:22.386187
  session_id: mcp
  event: tool_invoked
  agent: mcp
  task_id: gsane_route
  duration_ms: 0
  trust_score: null
  details: "query=bonjour, help me"
- timestamp: 2026-04-10T23:27:22.409873
  session_id: mcp
  event: tool_invoked
  agent: mcp
  task_id: gsane_route
  duration_ms: 0
  trust_score: null
  details: "query=implement a new feature"
- timestamp: 2026-04-10T23:27:22.433639
  session_id: mcp
  event: tool_invoked
  agent: mcp
  task_id: gsane_trace_report
  duration_ms: 0
  trust_score: null
  details: ""
- timestamp: 2026-04-10T23:27:22.863227
  session_id: mcp
  event: tool_invoked
  agent: mcp
  task_id: gsane_memory_fetch
  duration_ms: 0
  trust_score: null
  details: "agent=master topic="
- timestamp: 2026-04-10T23:27:22.873808
  session_id: mcp
  event: tool_invoked
  agent: mcp
  task_id: gsane_memory_fetch
  duration_ms: 0
  trust_score: null
  details: "agent=agent_xyz_unknown_12345 topic="
- timestamp: 2026-04-10T23:27:22.883920
  session_id: mcp
  event: tool_invoked
  agent: mcp
  task_id: gsane_memory_fetch
  duration_ms: 0
  trust_score: null
  details: "agent=master topic=leçon"
- timestamp: 2026-04-10T23:27:22.894651
  session_id: mcp
  event: tool_invoked
  agent: mcp
  task_id: gsane_memory_fetch
  duration_ms: 0
  trust_score: null
  details: "agent=..\\master topic="
- timestamp: 2026-04-10T23:27:23.335368
  session_id: mcp
  event: tool_invoked
  agent: mcp
  task_id: gsane_search_memory
  duration_ms: 0
  trust_score: null
  details: "query=agent scope=all"
- timestamp: 2026-04-10T23:27:23.348321
  session_id: mcp
  event: tool_invoked
  agent: mcp
  task_id: gsane_search_memory
  duration_ms: 0
  trust_score: null
  details: "query=xyz_inexistant_99999 scope=all"
- timestamp: 2026-04-10T23:27:23.361064
  session_id: mcp
  event: tool_invoked
  agent: mcp
  task_id: gsane_search_memory
  duration_ms: 0
  trust_score: null
  details: "query=FM- scope=failures"
- timestamp: 2026-04-10T23:27:23.374480
  session_id: mcp
  event: tool_invoked
  agent: mcp
  task_id: gsane_search_memory
  duration_ms: 0
  trust_score: null
  details: "query=DL- scope=decisions"
- timestamp: 2026-04-10T23:27:23.388243
  session_id: mcp
  event: tool_invoked
  agent: mcp
  task_id: gsane_search_memory
  duration_ms: 0
  trust_score: null
  details: "query=Session scope=sessions"
- timestamp: 2026-04-10T23:27:23.401733
  session_id: mcp
  event: tool_invoked
  agent: mcp
  task_id: gsane_search_memory
  duration_ms: 0
  trust_score: null
  details: "query=a scope=all"
- timestamp: 2026-04-10T23:27:23.415530
  session_id: mcp
  event: tool_invoked
  agent: mcp
  task_id: gsane_emit_event
  duration_ms: 0
  trust_score: null
  details: "type=qa_gate_passed agent=Quinn"
- timestamp: 2026-04-10T23:27:23.416413
  session_id: mcp
  event: qa_gate_passed
  agent: Quinn
  task_id: custom_event
  duration_ms: 0
  trust_score: null
  details: "{\"tests\": 155}"
- timestamp: 2026-04-10T23:27:23.417853
  session_id: mcp
  event: tool_invoked
  agent: mcp
  task_id: gsane_emit_event
  duration_ms: 0
  trust_score: null
  details: "type=custom_weird_event agent=TestAgent"
- timestamp: 2026-04-10T23:27:23.418654
  session_id: mcp
  event: custom_weird_event
  agent: TestAgent
  task_id: custom_event
  duration_ms: 0
  trust_score: null
  details: "{\"foo\": \"bar\"}"
- timestamp: 2026-04-10T23:27:23.420043
  session_id: mcp
  event: tool_invoked
  agent: mcp
  task_id: gsane_emit_event
  duration_ms: 0
  trust_score: null
  details: "type=session_milestone agent=Langis"
- timestamp: 2026-04-10T23:27:23.420835
  session_id: mcp
  event: session_milestone
  agent: Langis
  task_id: P5-C-test
  duration_ms: 0
  trust_score: null
  details: "{\"milestone\": \"P5-test\"}"
- timestamp: 2026-04-10T23:27:23.868020
  session_id: mcp
  event: tool_invoked
  agent: mcp
  task_id: gsane_emit_event
  duration_ms: 0
  trust_score: null
  details: "type=delivery_contract_created agent=Langis"
- timestamp: 2026-04-10T23:27:23.868967
  session_id: mcp
  event: delivery_contract_created
  agent: Langis
  task_id: DC-TEST-001
  duration_ms: 0
  trust_score: null
  details: "{}"
- timestamp: 2026-04-10T23:27:23.870388
  session_id: mcp
  event: tool_invoked
  agent: mcp
  task_id: gsane_emit_event
  duration_ms: 0
  trust_score: null
  details: "type=qa_gate_passed agent=Quinn"
- timestamp: 2026-04-10T23:27:23.871330
  session_id: mcp
  event: qa_gate_passed
  agent: Quinn
  task_id: custom_event
  duration_ms: 0
  trust_score: null
  details: "{}"
- timestamp: 2026-04-10T23:27:23.872714
  session_id: mcp
  event: tool_invoked
  agent: mcp
  task_id: gsane_emit_event
  duration_ms: 0
  trust_score: null
  details: "type=delivery_contract_created agent=TestAgent"
- timestamp: 2026-04-10T23:27:23.873509
  session_id: mcp
  event: delivery_contract_created
  agent: TestAgent
  task_id: custom_event
  duration_ms: 0
  trust_score: null
  details: "{\"test\": true}"
- timestamp: 2026-04-10T23:27:23.874209
  session_id: mcp
  event: tool_invoked
  agent: mcp
  task_id: gsane_emit_event
  duration_ms: 0
  trust_score: null
  details: "type=delivery_contract_approved agent=TestAgent"
- timestamp: 2026-04-10T23:27:23.874982
  session_id: mcp
  event: delivery_contract_approved
  agent: TestAgent
  task_id: custom_event
  duration_ms: 0
  trust_score: null
  details: "{\"test\": true}"
- timestamp: 2026-04-10T23:27:23.875912
  session_id: mcp
  event: tool_invoked
  agent: mcp
  task_id: gsane_emit_event
  duration_ms: 0
  trust_score: null
  details: "type=qa_gate_passed agent=TestAgent"
- timestamp: 2026-04-10T23:27:23.876811
  session_id: mcp
  event: qa_gate_passed
  agent: TestAgent
  task_id: custom_event
  duration_ms: 0
  trust_score: null
  details: "{\"test\": true}"
- timestamp: 2026-04-10T23:27:23.877541
  session_id: mcp
  event: tool_invoked
  agent: mcp
  task_id: gsane_emit_event
  duration_ms: 0
  trust_score: null
  details: "type=qa_gate_failed agent=TestAgent"
- timestamp: 2026-04-10T23:27:23.878344
  session_id: mcp
  event: qa_gate_failed
  agent: TestAgent
  task_id: custom_event
  duration_ms: 0
  trust_score: null
  details: "{\"test\": true}"
- timestamp: 2026-04-10T23:27:23.879134
  session_id: mcp
  event: tool_invoked
  agent: mcp
  task_id: gsane_emit_event
  duration_ms: 0
  trust_score: null
  details: "type=handoff_initiated agent=TestAgent"
- timestamp: 2026-04-10T23:27:23.879959
  session_id: mcp
  event: handoff_initiated
  agent: TestAgent
  task_id: custom_event
  duration_ms: 0
  trust_score: null
  details: "{\"test\": true}"
- timestamp: 2026-04-10T23:27:23.880724
  session_id: mcp
  event: tool_invoked
  agent: mcp
  task_id: gsane_emit_event
  duration_ms: 0
  trust_score: null
  details: "type=session_milestone agent=TestAgent"
- timestamp: 2026-04-10T23:27:23.881568
  session_id: mcp
  event: session_milestone
  agent: TestAgent
  task_id: custom_event
  duration_ms: 0
  trust_score: null
  details: "{\"test\": true}"
- timestamp: 2026-04-10T23:27:23.882295
  session_id: mcp
  event: tool_invoked
  agent: mcp
  task_id: gsane_emit_event
  duration_ms: 0
  trust_score: null
  details: "type=challenge_issued agent=TestAgent"
- timestamp: 2026-04-10T23:27:23.883092
  session_id: mcp
  event: challenge_issued
  agent: TestAgent
  task_id: custom_event
  duration_ms: 0
  trust_score: null
  details: "{\"test\": true}"
- timestamp: 2026-04-10T23:27:23.883830
  session_id: mcp
  event: tool_invoked
  agent: mcp
  task_id: gsane_emit_event
  duration_ms: 0
  trust_score: null
  details: "type=challenge_resolved agent=TestAgent"
- timestamp: 2026-04-10T23:27:23.884715
  session_id: mcp
  event: challenge_resolved
  agent: TestAgent
  task_id: custom_event
  duration_ms: 0
  trust_score: null
  details: "{\"test\": true}"
- timestamp: 2026-04-10T23:27:23.885651
  session_id: mcp
  event: tool_invoked
  agent: mcp
  task_id: gsane_emit_event
  duration_ms: 0
  trust_score: null
  details: "type=challenge_overruled agent=TestAgent"
- timestamp: 2026-04-10T23:27:23.886449
  session_id: mcp
  event: challenge_overruled
  agent: TestAgent
  task_id: custom_event
  duration_ms: 0
  trust_score: null
  details: "{\"test\": true}"
- timestamp: 2026-04-10T23:27:23.887161
  session_id: mcp
  event: tool_invoked
  agent: mcp
  task_id: gsane_emit_event
  duration_ms: 0
  trust_score: null
  details: "type=challenge_accepted agent=TestAgent"
- timestamp: 2026-04-10T23:27:23.887957
  session_id: mcp
  event: challenge_accepted
  agent: TestAgent
  task_id: custom_event
  duration_ms: 0
  trust_score: null
  details: "{\"test\": true}"
- timestamp: 2026-04-10T23:27:23.953265
  session_id: mcp
  event: tool_invoked
  agent: mcp
  task_id: gsane_route
  duration_ms: 0
  trust_score: null
  details: "query=implement a new feature"
- timestamp: 2026-04-10T23:27:24.018467
  session_id: mcp
  event: tool_invoked
  agent: mcp
  task_id: gsane_fetch_compressed_memory
  duration_ms: 0
  trust_score: null
  details: "query=master"
- timestamp: 2026-04-10T23:27:24.035873
  session_id: mcp
  event: tool_invoked
  agent: mcp
  task_id: gsane_read_checkpoint
  duration_ms: 0
  trust_score: null
  details: "warm session read"
- timestamp: 2026-04-10T23:27:41.686029
  session_id: mcp
  event: tool_invoked
  agent: mcp
  task_id: gsane_read_canonical_brief
  duration_ms: 0
  trust_score: null
  details: "canonical human brief"
- timestamp: 2026-04-10T23:27:41.694143
  session_id: mcp
  event: tool_invoked
  agent: mcp
  task_id: gsane_read_active_delivery_contract
  duration_ms: 0
  trust_score: null
  details: "active delivery contract"
- timestamp: 2026-04-10T23:27:41.702640
  session_id: mcp
  event: tool_invoked
  agent: mcp
  task_id: gsane_read_project_snapshot
  duration_ms: 0
  trust_score: null
  details: "canonical project snapshot"
- timestamp: 2026-04-10T23:27:41.731839
  session_id: mcp
  event: tool_invoked
  agent: mcp
  task_id: gsane_fetch_compressed_memory
  duration_ms: 0
  trust_score: null
  details: "query=master"
- timestamp: 2026-04-10T23:27:41.745106
  session_id: mcp
  event: tool_invoked
  agent: mcp
  task_id: gsane_fetch_compressed_memory
  duration_ms: 0
  trust_score: null
  details: "query=xyzzy_query_that_does_not_exist_12345"
- timestamp: 2026-04-10T23:27:41.758211
  session_id: mcp
  event: tool_invoked
  agent: mcp
  task_id: gsane_fetch_compressed_memory
  duration_ms: 0
  trust_score: null
  details: "query=agent"
- timestamp: 2026-04-10T23:27:41.771404
  session_id: mcp
  event: tool_invoked
  agent: mcp
  task_id: gsane_write_session_checkpoint
  duration_ms: 0
  trust_score: null
  details: "exchange=999"
- timestamp: 2026-04-10T23:27:41.774196
  session_id: mcp
  event: tool_invoked
  agent: mcp
  task_id: gsane_write_session_checkpoint
  duration_ms: 0
  trust_score: null
  details: "exchange=998"
- timestamp: 2026-04-10T23:27:41.776337
  session_id: mcp
  event: tool_invoked
  agent: mcp
  task_id: gsane_read_checkpoint
  duration_ms: 0
  trust_score: null
  details: "warm session read"
- timestamp: 2026-04-10T23:27:41.778505
  session_id: mcp
  event: tool_invoked
  agent: mcp
  task_id: gsane_read_checkpoint
  duration_ms: 0
  trust_score: null
  details: "warm session read"
- timestamp: 2026-04-10T23:27:41.780715
  session_id: mcp
  event: tool_invoked
  agent: mcp
  task_id: gsane_route
  duration_ms: 0
  trust_score: null
  details: "query=implement a new feature"
- timestamp: 2026-04-10T23:27:41.804554
  session_id: mcp
  event: tool_invoked
  agent: mcp
  task_id: gsane_route
  duration_ms: 0
  trust_score: null
  details: "query=design a scalable architecture for the API"
- timestamp: 2026-04-10T23:27:41.828568
  session_id: mcp
  event: tool_invoked
  agent: mcp
  task_id: gsane_route
  duration_ms: 0
  trust_score: null
  details: "query=implement this with test-driven development"
- timestamp: 2026-04-10T23:27:41.852299
  session_id: mcp
  event: tool_invoked
  agent: mcp
  task_id: gsane_route
  duration_ms: 0
  trust_score: null
  details: "query=security hardening for auth tokens and filesystem access"
- timestamp: 2026-04-10T23:27:41.862712
  session_id: mcp
  event: tool_invoked
  agent: mcp
  task_id: gsane_route
  duration_ms: 0
  trust_score: null
  details: "query=security review for GSANE MCP sandbox guardrail policy"
- timestamp: 2026-04-10T23:27:41.876351
  session_id: mcp
  event: tool_invoked
  agent: mcp
  task_id: gsane_route
  duration_ms: 0
  trust_score: null
  details: "query=test query"
- timestamp: 2026-04-10T23:27:41.877933
  session_id: mcp
  event: tool_invoked
  agent: mcp
  task_id: gsane_route
  duration_ms: 0
  trust_score: null
  details: "query=test my architecture idea"
- timestamp: 2026-04-10T23:27:41.903337
  session_id: mcp
  event: tool_invoked
  agent: mcp
  task_id: gsane_route
  duration_ms: 0
  trust_score: null
  details: "query=code architecture is broken"
- timestamp: 2026-04-10T23:27:41.927402
  session_id: mcp
  event: tool_invoked
  agent: mcp
  task_id: gsane_route
  duration_ms: 0
  trust_score: null
  details: "query=bonjour, help me"
- timestamp: 2026-04-10T23:27:41.951901
  session_id: mcp
  event: tool_invoked
  agent: mcp
  task_id: gsane_route
  duration_ms: 0
  trust_score: null
  details: "query=implement a new feature"
- timestamp: 2026-04-10T23:27:41.976568
  session_id: mcp
  event: tool_invoked
  agent: mcp
  task_id: gsane_trace_report
  duration_ms: 0
  trust_score: null
  details: ""
- timestamp: 2026-04-10T23:27:42.442124
  session_id: mcp
  event: tool_invoked
  agent: mcp
  task_id: gsane_memory_fetch
  duration_ms: 0
  trust_score: null
  details: "agent=master topic="
- timestamp: 2026-04-10T23:27:42.452957
  session_id: mcp
  event: tool_invoked
  agent: mcp
  task_id: gsane_memory_fetch
  duration_ms: 0
  trust_score: null
  details: "agent=agent_xyz_unknown_12345 topic="
- timestamp: 2026-04-10T23:27:42.462870
  session_id: mcp
  event: tool_invoked
  agent: mcp
  task_id: gsane_memory_fetch
  duration_ms: 0
  trust_score: null
  details: "agent=master topic=leçon"
- timestamp: 2026-04-10T23:27:42.473300
  session_id: mcp
  event: tool_invoked
  agent: mcp
  task_id: gsane_memory_fetch
  duration_ms: 0
  trust_score: null
  details: "agent=..\\master topic="
- timestamp: 2026-04-10T23:27:42.947011
  session_id: mcp
  event: tool_invoked
  agent: mcp
  task_id: gsane_search_memory
  duration_ms: 0
  trust_score: null
  details: "query=agent scope=all"
- timestamp: 2026-04-10T23:27:42.959897
  session_id: mcp
  event: tool_invoked
  agent: mcp
  task_id: gsane_search_memory
  duration_ms: 0
  trust_score: null
  details: "query=xyz_inexistant_99999 scope=all"
- timestamp: 2026-04-10T23:27:42.973009
  session_id: mcp
  event: tool_invoked
  agent: mcp
  task_id: gsane_search_memory
  duration_ms: 0
  trust_score: null
  details: "query=FM- scope=failures"
- timestamp: 2026-04-10T23:27:42.986072
  session_id: mcp
  event: tool_invoked
  agent: mcp
  task_id: gsane_search_memory
  duration_ms: 0
  trust_score: null
  details: "query=DL- scope=decisions"
- timestamp: 2026-04-10T23:27:42.999107
  session_id: mcp
  event: tool_invoked
  agent: mcp
  task_id: gsane_search_memory
  duration_ms: 0
  trust_score: null
  details: "query=Session scope=sessions"
- timestamp: 2026-04-10T23:27:43.012525
  session_id: mcp
  event: tool_invoked
  agent: mcp
  task_id: gsane_search_memory
  duration_ms: 0
  trust_score: null
  details: "query=a scope=all"
- timestamp: 2026-04-10T23:27:43.025914
  session_id: mcp
  event: tool_invoked
  agent: mcp
  task_id: gsane_emit_event
  duration_ms: 0
  trust_score: null
  details: "type=qa_gate_passed agent=Quinn"
- timestamp: 2026-04-10T23:27:43.026869
  session_id: mcp
  event: qa_gate_passed
  agent: Quinn
  task_id: custom_event
  duration_ms: 0
  trust_score: null
  details: "{\"tests\": 155}"
- timestamp: 2026-04-10T23:27:43.028361
  session_id: mcp
  event: tool_invoked
  agent: mcp
  task_id: gsane_emit_event
  duration_ms: 0
  trust_score: null
  details: "type=custom_weird_event agent=TestAgent"
- timestamp: 2026-04-10T23:27:43.029211
  session_id: mcp
  event: custom_weird_event
  agent: TestAgent
  task_id: custom_event
  duration_ms: 0
  trust_score: null
  details: "{\"foo\": \"bar\"}"
- timestamp: 2026-04-10T23:27:43.030673
  session_id: mcp
  event: tool_invoked
  agent: mcp
  task_id: gsane_emit_event
  duration_ms: 0
  trust_score: null
  details: "type=session_milestone agent=Langis"
- timestamp: 2026-04-10T23:27:43.031490
  session_id: mcp
  event: session_milestone
  agent: Langis
  task_id: P5-C-test
  duration_ms: 0
  trust_score: null
  details: "{\"milestone\": \"P5-test\"}"
- timestamp: 2026-04-10T23:27:43.509142
  session_id: mcp
  event: tool_invoked
  agent: mcp
  task_id: gsane_emit_event
  duration_ms: 0
  trust_score: null
  details: "type=delivery_contract_created agent=Langis"
- timestamp: 2026-04-10T23:27:43.509986
  session_id: mcp
  event: delivery_contract_created
  agent: Langis
  task_id: DC-TEST-001
  duration_ms: 0
  trust_score: null
  details: "{}"
- timestamp: 2026-04-10T23:27:43.511348
  session_id: mcp
  event: tool_invoked
  agent: mcp
  task_id: gsane_emit_event
  duration_ms: 0
  trust_score: null
  details: "type=qa_gate_passed agent=Quinn"
- timestamp: 2026-04-10T23:27:43.512133
  session_id: mcp
  event: qa_gate_passed
  agent: Quinn
  task_id: custom_event
  duration_ms: 0
  trust_score: null
  details: "{}"
- timestamp: 2026-04-10T23:27:43.513474
  session_id: mcp
  event: tool_invoked
  agent: mcp
  task_id: gsane_emit_event
  duration_ms: 0
  trust_score: null
  details: "type=delivery_contract_created agent=TestAgent"
- timestamp: 2026-04-10T23:27:43.514416
  session_id: mcp
  event: delivery_contract_created
  agent: TestAgent
  task_id: custom_event
  duration_ms: 0
  trust_score: null
  details: "{\"test\": true}"
- timestamp: 2026-04-10T23:27:43.515170
  session_id: mcp
  event: tool_invoked
  agent: mcp
  task_id: gsane_emit_event
  duration_ms: 0
  trust_score: null
  details: "type=delivery_contract_approved agent=TestAgent"
- timestamp: 2026-04-10T23:27:43.515989
  session_id: mcp
  event: delivery_contract_approved
  agent: TestAgent
  task_id: custom_event
  duration_ms: 0
  trust_score: null
  details: "{\"test\": true}"
- timestamp: 2026-04-10T23:27:43.516738
  session_id: mcp
  event: tool_invoked
  agent: mcp
  task_id: gsane_emit_event
  duration_ms: 0
  trust_score: null
  details: "type=qa_gate_passed agent=TestAgent"
- timestamp: 2026-04-10T23:27:43.517561
  session_id: mcp
  event: qa_gate_passed
  agent: TestAgent
  task_id: custom_event
  duration_ms: 0
  trust_score: null
  details: "{\"test\": true}"
- timestamp: 2026-04-10T23:27:43.518288
  session_id: mcp
  event: tool_invoked
  agent: mcp
  task_id: gsane_emit_event
  duration_ms: 0
  trust_score: null
  details: "type=qa_gate_failed agent=TestAgent"
- timestamp: 2026-04-10T23:27:43.519166
  session_id: mcp
  event: qa_gate_failed
  agent: TestAgent
  task_id: custom_event
  duration_ms: 0
  trust_score: null
  details: "{\"test\": true}"
- timestamp: 2026-04-10T23:27:43.520110
  session_id: mcp
  event: tool_invoked
  agent: mcp
  task_id: gsane_emit_event
  duration_ms: 0
  trust_score: null
  details: "type=handoff_initiated agent=TestAgent"
- timestamp: 2026-04-10T23:27:43.520931
  session_id: mcp
  event: handoff_initiated
  agent: TestAgent
  task_id: custom_event
  duration_ms: 0
  trust_score: null
  details: "{\"test\": true}"
- timestamp: 2026-04-10T23:27:43.521747
  session_id: mcp
  event: tool_invoked
  agent: mcp
  task_id: gsane_emit_event
  duration_ms: 0
  trust_score: null
  details: "type=session_milestone agent=TestAgent"
- timestamp: 2026-04-10T23:27:43.522671
  session_id: mcp
  event: session_milestone
  agent: TestAgent
  task_id: custom_event
  duration_ms: 0
  trust_score: null
  details: "{\"test\": true}"
- timestamp: 2026-04-10T23:27:43.523402
  session_id: mcp
  event: tool_invoked
  agent: mcp
  task_id: gsane_emit_event
  duration_ms: 0
  trust_score: null
  details: "type=challenge_issued agent=TestAgent"
- timestamp: 2026-04-10T23:27:43.524314
  session_id: mcp
  event: challenge_issued
  agent: TestAgent
  task_id: custom_event
  duration_ms: 0
  trust_score: null
  details: "{\"test\": true}"
- timestamp: 2026-04-10T23:27:43.525064
  session_id: mcp
  event: tool_invoked
  agent: mcp
  task_id: gsane_emit_event
  duration_ms: 0
  trust_score: null
  details: "type=challenge_resolved agent=TestAgent"
- timestamp: 2026-04-10T23:27:43.525959
  session_id: mcp
  event: challenge_resolved
  agent: TestAgent
  task_id: custom_event
  duration_ms: 0
  trust_score: null
  details: "{\"test\": true}"
- timestamp: 2026-04-10T23:27:43.526686
  session_id: mcp
  event: tool_invoked
  agent: mcp
  task_id: gsane_emit_event
  duration_ms: 0
  trust_score: null
  details: "type=challenge_overruled agent=TestAgent"
- timestamp: 2026-04-10T23:27:43.527634
  session_id: mcp
  event: challenge_overruled
  agent: TestAgent
  task_id: custom_event
  duration_ms: 0
  trust_score: null
  details: "{\"test\": true}"
- timestamp: 2026-04-10T23:27:43.528346
  session_id: mcp
  event: tool_invoked
  agent: mcp
  task_id: gsane_emit_event
  duration_ms: 0
  trust_score: null
  details: "type=challenge_accepted agent=TestAgent"
- timestamp: 2026-04-10T23:27:43.529253
  session_id: mcp
  event: challenge_accepted
  agent: TestAgent
  task_id: custom_event
  duration_ms: 0
  trust_score: null
  details: "{\"test\": true}"
- timestamp: 2026-04-10T23:27:43.592990
  session_id: mcp
  event: tool_invoked
  agent: mcp
  task_id: gsane_route
  duration_ms: 0
  trust_score: null
  details: "query=implement a new feature"
- timestamp: 2026-04-10T23:27:43.649308
  session_id: mcp
  event: tool_invoked
  agent: mcp
  task_id: gsane_fetch_compressed_memory
  duration_ms: 0
  trust_score: null
  details: "query=master"
- timestamp: 2026-04-10T23:27:43.666690
  session_id: mcp
  event: tool_invoked
  agent: mcp
  task_id: gsane_read_checkpoint
  duration_ms: 0
  trust_score: null
  details: "warm session read"
- timestamp: 2026-04-10T23:27:48.649474
  session_id: mcp
  event: tool_invoked
  agent: mcp
  task_id: gsane_route
  duration_ms: 0
  trust_score: null
  details: "query=implement a new feature"
- timestamp: 2026-04-10T23:27:48.712991
  session_id: mcp
  event: tool_invoked
  agent: mcp
  task_id: gsane_fetch_compressed_memory
  duration_ms: 0
  trust_score: null
  details: "query=master"
- timestamp: 2026-04-10T23:27:48.731140
  session_id: mcp
  event: tool_invoked
  agent: mcp
  task_id: gsane_read_checkpoint
  duration_ms: 0
  trust_score: null
  details: "warm session read"
- timestamp: 2026-04-10T23:28:17.187879
  session_id: mcp
  event: tool_invoked
  agent: mcp
  task_id: gsane_read_canonical_brief
  duration_ms: 0
  trust_score: null
  details: "canonical human brief"
- timestamp: 2026-04-10T23:28:17.195984
  session_id: mcp
  event: tool_invoked
  agent: mcp
  task_id: gsane_read_active_delivery_contract
  duration_ms: 0
  trust_score: null
  details: "active delivery contract"
- timestamp: 2026-04-10T23:28:17.204347
  session_id: mcp
  event: tool_invoked
  agent: mcp
  task_id: gsane_read_project_snapshot
  duration_ms: 0
  trust_score: null
  details: "canonical project snapshot"
- timestamp: 2026-04-10T23:28:17.233833
  session_id: mcp
  event: tool_invoked
  agent: mcp
  task_id: gsane_fetch_compressed_memory
  duration_ms: 0
  trust_score: null
  details: "query=master"
- timestamp: 2026-04-10T23:28:17.248369
  session_id: mcp
  event: tool_invoked
  agent: mcp
  task_id: gsane_fetch_compressed_memory
  duration_ms: 0
  trust_score: null
  details: "query=xyzzy_query_that_does_not_exist_12345"
- timestamp: 2026-04-10T23:28:17.263240
  session_id: mcp
  event: tool_invoked
  agent: mcp
  task_id: gsane_fetch_compressed_memory
  duration_ms: 0
  trust_score: null
  details: "query=agent"
- timestamp: 2026-04-10T23:28:17.276601
  session_id: mcp
  event: tool_invoked
  agent: mcp
  task_id: gsane_write_session_checkpoint
  duration_ms: 0
  trust_score: null
  details: "exchange=999"
- timestamp: 2026-04-10T23:28:17.279436
  session_id: mcp
  event: tool_invoked
  agent: mcp
  task_id: gsane_write_session_checkpoint
  duration_ms: 0
  trust_score: null
  details: "exchange=998"
- timestamp: 2026-04-10T23:28:17.281498
  session_id: mcp
  event: tool_invoked
  agent: mcp
  task_id: gsane_read_checkpoint
  duration_ms: 0
  trust_score: null
  details: "warm session read"
- timestamp: 2026-04-10T23:28:17.284044
  session_id: mcp
  event: tool_invoked
  agent: mcp
  task_id: gsane_read_checkpoint
  duration_ms: 0
  trust_score: null
  details: "warm session read"
- timestamp: 2026-04-10T23:28:17.286727
  session_id: mcp
  event: tool_invoked
  agent: mcp
  task_id: gsane_route
  duration_ms: 0
  trust_score: null
  details: "query=implement a new feature"
- timestamp: 2026-04-10T23:28:17.310976
  session_id: mcp
  event: tool_invoked
  agent: mcp
  task_id: gsane_route
  duration_ms: 0
  trust_score: null
  details: "query=design a scalable architecture for the API"
- timestamp: 2026-04-10T23:28:17.335213
  session_id: mcp
  event: tool_invoked
  agent: mcp
  task_id: gsane_route
  duration_ms: 0
  trust_score: null
  details: "query=implement this with test-driven development"
- timestamp: 2026-04-10T23:28:17.359901
  session_id: mcp
  event: tool_invoked
  agent: mcp
  task_id: gsane_route
  duration_ms: 0
  trust_score: null
  details: "query=security hardening for auth tokens and filesystem access"
- timestamp: 2026-04-10T23:28:17.370530
  session_id: mcp
  event: tool_invoked
  agent: mcp
  task_id: gsane_route
  duration_ms: 0
  trust_score: null
  details: "query=security review for GSANE MCP sandbox guardrail policy"
- timestamp: 2026-04-10T23:28:17.384556
  session_id: mcp
  event: tool_invoked
  agent: mcp
  task_id: gsane_route
  duration_ms: 0
  trust_score: null
  details: "query=test query"
- timestamp: 2026-04-10T23:28:17.386717
  session_id: mcp
  event: tool_invoked
  agent: mcp
  task_id: gsane_route
  duration_ms: 0
  trust_score: null
  details: "query=test my architecture idea"
- timestamp: 2026-04-10T23:28:17.411115
  session_id: mcp
  event: tool_invoked
  agent: mcp
  task_id: gsane_route
  duration_ms: 0
  trust_score: null
  details: "query=code architecture is broken"
- timestamp: 2026-04-10T23:28:17.436219
  session_id: mcp
  event: tool_invoked
  agent: mcp
  task_id: gsane_route
  duration_ms: 0
  trust_score: null
  details: "query=bonjour, help me"
- timestamp: 2026-04-10T23:28:17.460525
  session_id: mcp
  event: tool_invoked
  agent: mcp
  task_id: gsane_route
  duration_ms: 0
  trust_score: null
  details: "query=implement a new feature"
- timestamp: 2026-04-10T23:28:17.485067
  session_id: mcp
  event: tool_invoked
  agent: mcp
  task_id: gsane_trace_report
  duration_ms: 0
  trust_score: null
  details: ""
- timestamp: 2026-04-10T23:28:17.986648
  session_id: mcp
  event: tool_invoked
  agent: mcp
  task_id: gsane_memory_fetch
  duration_ms: 0
  trust_score: null
  details: "agent=master topic="
- timestamp: 2026-04-10T23:28:17.998149
  session_id: mcp
  event: tool_invoked
  agent: mcp
  task_id: gsane_memory_fetch
  duration_ms: 0
  trust_score: null
  details: "agent=agent_xyz_unknown_12345 topic="
- timestamp: 2026-04-10T23:28:18.008899
  session_id: mcp
  event: tool_invoked
  agent: mcp
  task_id: gsane_memory_fetch
  duration_ms: 0
  trust_score: null
  details: "agent=master topic=leçon"
- timestamp: 2026-04-10T23:28:18.020002
  session_id: mcp
  event: tool_invoked
  agent: mcp
  task_id: gsane_memory_fetch
  duration_ms: 0
  trust_score: null
  details: "agent=..\\master topic="
- timestamp: 2026-04-10T23:28:18.534818
  session_id: mcp
  event: tool_invoked
  agent: mcp
  task_id: gsane_search_memory
  duration_ms: 0
  trust_score: null
  details: "query=agent scope=all"
- timestamp: 2026-04-10T23:28:18.548551
  session_id: mcp
  event: tool_invoked
  agent: mcp
  task_id: gsane_search_memory
  duration_ms: 0
  trust_score: null
  details: "query=xyz_inexistant_99999 scope=all"
- timestamp: 2026-04-10T23:28:18.562458
  session_id: mcp
  event: tool_invoked
  agent: mcp
  task_id: gsane_search_memory
  duration_ms: 0
  trust_score: null
  details: "query=FM- scope=failures"
- timestamp: 2026-04-10T23:28:18.576167
  session_id: mcp
  event: tool_invoked
  agent: mcp
  task_id: gsane_search_memory
  duration_ms: 0
  trust_score: null
  details: "query=DL- scope=decisions"
- timestamp: 2026-04-10T23:28:18.589625
  session_id: mcp
  event: tool_invoked
  agent: mcp
  task_id: gsane_search_memory
  duration_ms: 0
  trust_score: null
  details: "query=Session scope=sessions"
- timestamp: 2026-04-10T23:28:18.603072
  session_id: mcp
  event: tool_invoked
  agent: mcp
  task_id: gsane_search_memory
  duration_ms: 0
  trust_score: null
  details: "query=a scope=all"
- timestamp: 2026-04-10T23:28:18.620029
  session_id: mcp
  event: tool_invoked
  agent: mcp
  task_id: gsane_emit_event
  duration_ms: 0
  trust_score: null
  details: "type=qa_gate_passed agent=Quinn"
- timestamp: 2026-04-10T23:28:18.621176
  session_id: mcp
  event: qa_gate_passed
  agent: Quinn
  task_id: custom_event
  duration_ms: 0
  trust_score: null
  details: "{\"tests\": 155}"
- timestamp: 2026-04-10T23:28:18.623236
  session_id: mcp
  event: tool_invoked
  agent: mcp
  task_id: gsane_emit_event
  duration_ms: 0
  trust_score: null
  details: "type=custom_weird_event agent=TestAgent"
- timestamp: 2026-04-10T23:28:18.624229
  session_id: mcp
  event: custom_weird_event
  agent: TestAgent
  task_id: custom_event
  duration_ms: 0
  trust_score: null
  details: "{\"foo\": \"bar\"}"
- timestamp: 2026-04-10T23:28:18.625700
  session_id: mcp
  event: tool_invoked
  agent: mcp
  task_id: gsane_emit_event
  duration_ms: 0
  trust_score: null
  details: "type=session_milestone agent=Langis"
- timestamp: 2026-04-10T23:28:18.626519
  session_id: mcp
  event: session_milestone
  agent: Langis
  task_id: P5-C-test
  duration_ms: 0
  trust_score: null
  details: "{\"milestone\": \"P5-test\"}"
- timestamp: 2026-04-10T23:28:19.128041
  session_id: mcp
  event: tool_invoked
  agent: mcp
  task_id: gsane_emit_event
  duration_ms: 0
  trust_score: null
  details: "type=delivery_contract_created agent=Langis"
- timestamp: 2026-04-10T23:28:19.128921
  session_id: mcp
  event: delivery_contract_created
  agent: Langis
  task_id: DC-TEST-001
  duration_ms: 0
  trust_score: null
  details: "{}"
- timestamp: 2026-04-10T23:28:19.130346
  session_id: mcp
  event: tool_invoked
  agent: mcp
  task_id: gsane_emit_event
  duration_ms: 0
  trust_score: null
  details: "type=qa_gate_passed agent=Quinn"
- timestamp: 2026-04-10T23:28:19.131226
  session_id: mcp
  event: qa_gate_passed
  agent: Quinn
  task_id: custom_event
  duration_ms: 0
  trust_score: null
  details: "{}"
- timestamp: 2026-04-10T23:28:19.132666
  session_id: mcp
  event: tool_invoked
  agent: mcp
  task_id: gsane_emit_event
  duration_ms: 0
  trust_score: null
  details: "type=delivery_contract_created agent=TestAgent"
- timestamp: 2026-04-10T23:28:19.133546
  session_id: mcp
  event: delivery_contract_created
  agent: TestAgent
  task_id: custom_event
  duration_ms: 0
  trust_score: null
  details: "{\"test\": true}"
- timestamp: 2026-04-10T23:28:19.134269
  session_id: mcp
  event: tool_invoked
  agent: mcp
  task_id: gsane_emit_event
  duration_ms: 0
  trust_score: null
  details: "type=delivery_contract_approved agent=TestAgent"
- timestamp: 2026-04-10T23:28:19.135219
  session_id: mcp
  event: delivery_contract_approved
  agent: TestAgent
  task_id: custom_event
  duration_ms: 0
  trust_score: null
  details: "{\"test\": true}"
- timestamp: 2026-04-10T23:28:19.135933
  session_id: mcp
  event: tool_invoked
  agent: mcp
  task_id: gsane_emit_event
  duration_ms: 0
  trust_score: null
  details: "type=qa_gate_passed agent=TestAgent"
- timestamp: 2026-04-10T23:28:19.136737
  session_id: mcp
  event: qa_gate_passed
  agent: TestAgent
  task_id: custom_event
  duration_ms: 0
  trust_score: null
  details: "{\"test\": true}"
- timestamp: 2026-04-10T23:28:19.137424
  session_id: mcp
  event: tool_invoked
  agent: mcp
  task_id: gsane_emit_event
  duration_ms: 0
  trust_score: null
  details: "type=qa_gate_failed agent=TestAgent"
- timestamp: 2026-04-10T23:28:19.138198
  session_id: mcp
  event: qa_gate_failed
  agent: TestAgent
  task_id: custom_event
  duration_ms: 0
  trust_score: null
  details: "{\"test\": true}"
- timestamp: 2026-04-10T23:28:19.138885
  session_id: mcp
  event: tool_invoked
  agent: mcp
  task_id: gsane_emit_event
  duration_ms: 0
  trust_score: null
  details: "type=handoff_initiated agent=TestAgent"
- timestamp: 2026-04-10T23:28:19.139671
  session_id: mcp
  event: handoff_initiated
  agent: TestAgent
  task_id: custom_event
  duration_ms: 0
  trust_score: null
  details: "{\"test\": true}"
- timestamp: 2026-04-10T23:28:19.140358
  session_id: mcp
  event: tool_invoked
  agent: mcp
  task_id: gsane_emit_event
  duration_ms: 0
  trust_score: null
  details: "type=session_milestone agent=TestAgent"
- timestamp: 2026-04-10T23:28:19.141131
  session_id: mcp
  event: session_milestone
  agent: TestAgent
  task_id: custom_event
  duration_ms: 0
  trust_score: null
  details: "{\"test\": true}"
- timestamp: 2026-04-10T23:28:19.141842
  session_id: mcp
  event: tool_invoked
  agent: mcp
  task_id: gsane_emit_event
  duration_ms: 0
  trust_score: null
  details: "type=challenge_issued agent=TestAgent"
- timestamp: 2026-04-10T23:28:19.142630
  session_id: mcp
  event: challenge_issued
  agent: TestAgent
  task_id: custom_event
  duration_ms: 0
  trust_score: null
  details: "{\"test\": true}"
- timestamp: 2026-04-10T23:28:19.143323
  session_id: mcp
  event: tool_invoked
  agent: mcp
  task_id: gsane_emit_event
  duration_ms: 0
  trust_score: null
  details: "type=challenge_resolved agent=TestAgent"
- timestamp: 2026-04-10T23:28:19.144102
  session_id: mcp
  event: challenge_resolved
  agent: TestAgent
  task_id: custom_event
  duration_ms: 0
  trust_score: null
  details: "{\"test\": true}"
- timestamp: 2026-04-10T23:28:19.144799
  session_id: mcp
  event: tool_invoked
  agent: mcp
  task_id: gsane_emit_event
  duration_ms: 0
  trust_score: null
  details: "type=challenge_overruled agent=TestAgent"
- timestamp: 2026-04-10T23:28:19.145589
  session_id: mcp
  event: challenge_overruled
  agent: TestAgent
  task_id: custom_event
  duration_ms: 0
  trust_score: null
  details: "{\"test\": true}"
- timestamp: 2026-04-10T23:28:19.146471
  session_id: mcp
  event: tool_invoked
  agent: mcp
  task_id: gsane_emit_event
  duration_ms: 0
  trust_score: null
  details: "type=challenge_accepted agent=TestAgent"
- timestamp: 2026-04-10T23:28:19.147710
  session_id: mcp
  event: challenge_accepted
  agent: TestAgent
  task_id: custom_event
  duration_ms: 0
  trust_score: null
  details: "{\"test\": true}"
- timestamp: 2026-04-10T23:28:19.213160
  session_id: mcp
  event: tool_invoked
  agent: mcp
  task_id: gsane_route
  duration_ms: 0
  trust_score: null
  details: "query=implement a new feature"
- timestamp: 2026-04-10T23:28:19.269951
  session_id: mcp
  event: tool_invoked
  agent: mcp
  task_id: gsane_fetch_compressed_memory
  duration_ms: 0
  trust_score: null
  details: "query=master"
- timestamp: 2026-04-10T23:28:19.287220
  session_id: mcp
  event: tool_invoked
  agent: mcp
  task_id: gsane_read_checkpoint
  duration_ms: 0
  trust_score: null
  details: "warm session read"
- timestamp: 2026-04-10T23:28:36.766069
  session_id: mcp
  event: tool_invoked
  agent: mcp
  task_id: gsane_read_canonical_brief
  duration_ms: 0
  trust_score: null
  details: "canonical human brief"
- timestamp: 2026-04-10T23:28:36.774832
  session_id: mcp
  event: tool_invoked
  agent: mcp
  task_id: gsane_read_active_delivery_contract
  duration_ms: 0
  trust_score: null
  details: "active delivery contract"
- timestamp: 2026-04-10T23:28:36.782927
  session_id: mcp
  event: tool_invoked
  agent: mcp
  task_id: gsane_read_project_snapshot
  duration_ms: 0
  trust_score: null
  details: "canonical project snapshot"
- timestamp: 2026-04-10T23:28:36.813170
  session_id: mcp
  event: tool_invoked
  agent: mcp
  task_id: gsane_fetch_compressed_memory
  duration_ms: 0
  trust_score: null
  details: "query=master"
- timestamp: 2026-04-10T23:28:36.826385
  session_id: mcp
  event: tool_invoked
  agent: mcp
  task_id: gsane_fetch_compressed_memory
  duration_ms: 0
  trust_score: null
  details: "query=xyzzy_query_that_does_not_exist_12345"
- timestamp: 2026-04-10T23:28:36.839601
  session_id: mcp
  event: tool_invoked
  agent: mcp
  task_id: gsane_fetch_compressed_memory
  duration_ms: 0
  trust_score: null
  details: "query=agent"
- timestamp: 2026-04-10T23:28:36.852847
  session_id: mcp
  event: tool_invoked
  agent: mcp
  task_id: gsane_write_session_checkpoint
  duration_ms: 0
  trust_score: null
  details: "exchange=999"
- timestamp: 2026-04-10T23:28:36.855846
  session_id: mcp
  event: tool_invoked
  agent: mcp
  task_id: gsane_write_session_checkpoint
  duration_ms: 0
  trust_score: null
  details: "exchange=998"
- timestamp: 2026-04-10T23:28:36.858012
  session_id: mcp
  event: tool_invoked
  agent: mcp
  task_id: gsane_read_checkpoint
  duration_ms: 0
  trust_score: null
  details: "warm session read"
- timestamp: 2026-04-10T23:28:36.860675
  session_id: mcp
  event: tool_invoked
  agent: mcp
  task_id: gsane_read_checkpoint
  duration_ms: 0
  trust_score: null
  details: "warm session read"
- timestamp: 2026-04-10T23:28:36.863183
  session_id: mcp
  event: tool_invoked
  agent: mcp
  task_id: gsane_route
  duration_ms: 0
  trust_score: null
  details: "query=implement a new feature"
- timestamp: 2026-04-10T23:28:36.887949
  session_id: mcp
  event: tool_invoked
  agent: mcp
  task_id: gsane_route
  duration_ms: 0
  trust_score: null
  details: "query=design a scalable architecture for the API"
- timestamp: 2026-04-10T23:28:36.912693
  session_id: mcp
  event: tool_invoked
  agent: mcp
  task_id: gsane_route
  duration_ms: 0
  trust_score: null
  details: "query=implement this with test-driven development"
- timestamp: 2026-04-10T23:28:36.937785
  session_id: mcp
  event: tool_invoked
  agent: mcp
  task_id: gsane_route
  duration_ms: 0
  trust_score: null
  details: "query=security hardening for auth tokens and filesystem access"
- timestamp: 2026-04-10T23:28:36.948462
  session_id: mcp
  event: tool_invoked
  agent: mcp
  task_id: gsane_route
  duration_ms: 0
  trust_score: null
  details: "query=security review for GSANE MCP sandbox guardrail policy"
- timestamp: 2026-04-10T23:28:36.962787
  session_id: mcp
  event: tool_invoked
  agent: mcp
  task_id: gsane_route
  duration_ms: 0
  trust_score: null
  details: "query=test query"
- timestamp: 2026-04-10T23:28:36.964445
  session_id: mcp
  event: tool_invoked
  agent: mcp
  task_id: gsane_route
  duration_ms: 0
  trust_score: null
  details: "query=test my architecture idea"
- timestamp: 2026-04-10T23:28:36.989323
  session_id: mcp
  event: tool_invoked
  agent: mcp
  task_id: gsane_route
  duration_ms: 0
  trust_score: null
  details: "query=code architecture is broken"
- timestamp: 2026-04-10T23:28:37.014078
  session_id: mcp
  event: tool_invoked
  agent: mcp
  task_id: gsane_route
  duration_ms: 0
  trust_score: null
  details: "query=bonjour, help me"
- timestamp: 2026-04-10T23:28:37.038567
  session_id: mcp
  event: tool_invoked
  agent: mcp
  task_id: gsane_route
  duration_ms: 0
  trust_score: null
  details: "query=implement a new feature"
- timestamp: 2026-04-10T23:28:37.062720
  session_id: mcp
  event: tool_invoked
  agent: mcp
  task_id: gsane_trace_report
  duration_ms: 0
  trust_score: null
  details: ""
- timestamp: 2026-04-10T23:28:37.582305
  session_id: mcp
  event: tool_invoked
  agent: mcp
  task_id: gsane_memory_fetch
  duration_ms: 0
  trust_score: null
  details: "agent=master topic="
- timestamp: 2026-04-10T23:28:37.593529
  session_id: mcp
  event: tool_invoked
  agent: mcp
  task_id: gsane_memory_fetch
  duration_ms: 0
  trust_score: null
  details: "agent=agent_xyz_unknown_12345 topic="
- timestamp: 2026-04-10T23:28:37.603968
  session_id: mcp
  event: tool_invoked
  agent: mcp
  task_id: gsane_memory_fetch
  duration_ms: 0
  trust_score: null
  details: "agent=master topic=leçon"
- timestamp: 2026-04-10T23:28:37.619874
  session_id: mcp
  event: tool_invoked
  agent: mcp
  task_id: gsane_memory_fetch
  duration_ms: 0
  trust_score: null
  details: "agent=..\\master topic="
- timestamp: 2026-04-10T23:28:38.152062
  session_id: mcp
  event: tool_invoked
  agent: mcp
  task_id: gsane_search_memory
  duration_ms: 0
  trust_score: null
  details: "query=agent scope=all"
- timestamp: 2026-04-10T23:28:38.165129
  session_id: mcp
  event: tool_invoked
  agent: mcp
  task_id: gsane_search_memory
  duration_ms: 0
  trust_score: null
  details: "query=xyz_inexistant_99999 scope=all"
- timestamp: 2026-04-10T23:28:38.178744
  session_id: mcp
  event: tool_invoked
  agent: mcp
  task_id: gsane_search_memory
  duration_ms: 0
  trust_score: null
  details: "query=FM- scope=failures"
- timestamp: 2026-04-10T23:28:38.192164
  session_id: mcp
  event: tool_invoked
  agent: mcp
  task_id: gsane_search_memory
  duration_ms: 0
  trust_score: null
  details: "query=DL- scope=decisions"
- timestamp: 2026-04-10T23:28:38.206240
  session_id: mcp
  event: tool_invoked
  agent: mcp
  task_id: gsane_search_memory
  duration_ms: 0
  trust_score: null
  details: "query=Session scope=sessions"
- timestamp: 2026-04-10T23:28:38.220045
  session_id: mcp
  event: tool_invoked
  agent: mcp
  task_id: gsane_search_memory
  duration_ms: 0
  trust_score: null
  details: "query=a scope=all"
- timestamp: 2026-04-10T23:28:38.233867
  session_id: mcp
  event: tool_invoked
  agent: mcp
  task_id: gsane_emit_event
  duration_ms: 0
  trust_score: null
  details: "type=qa_gate_passed agent=Quinn"
- timestamp: 2026-04-10T23:28:38.234833
  session_id: mcp
  event: qa_gate_passed
  agent: Quinn
  task_id: custom_event
  duration_ms: 0
  trust_score: null
  details: "{\"tests\": 155}"
- timestamp: 2026-04-10T23:28:38.236322
  session_id: mcp
  event: tool_invoked
  agent: mcp
  task_id: gsane_emit_event
  duration_ms: 0
  trust_score: null
  details: "type=custom_weird_event agent=TestAgent"
- timestamp: 2026-04-10T23:28:38.237166
  session_id: mcp
  event: custom_weird_event
  agent: TestAgent
  task_id: custom_event
  duration_ms: 0
  trust_score: null
  details: "{\"foo\": \"bar\"}"
- timestamp: 2026-04-10T23:28:38.238600
  session_id: mcp
  event: tool_invoked
  agent: mcp
  task_id: gsane_emit_event
  duration_ms: 0
  trust_score: null
  details: "type=session_milestone agent=Langis"
- timestamp: 2026-04-10T23:28:38.239571
  session_id: mcp
  event: session_milestone
  agent: Langis
  task_id: P5-C-test
  duration_ms: 0
  trust_score: null
  details: "{\"milestone\": \"P5-test\"}"
- timestamp: 2026-04-10T23:28:38.788722
  session_id: mcp
  event: tool_invoked
  agent: mcp
  task_id: gsane_emit_event
  duration_ms: 0
  trust_score: null
  details: "type=delivery_contract_created agent=Langis"
- timestamp: 2026-04-10T23:28:38.789690
  session_id: mcp
  event: delivery_contract_created
  agent: Langis
  task_id: DC-TEST-001
  duration_ms: 0
  trust_score: null
  details: "{}"
- timestamp: 2026-04-10T23:28:38.791150
  session_id: mcp
  event: tool_invoked
  agent: mcp
  task_id: gsane_emit_event
  duration_ms: 0
  trust_score: null
  details: "type=qa_gate_passed agent=Quinn"
- timestamp: 2026-04-10T23:28:38.792073
  session_id: mcp
  event: qa_gate_passed
  agent: Quinn
  task_id: custom_event
  duration_ms: 0
  trust_score: null
  details: "{}"
- timestamp: 2026-04-10T23:28:38.793638
  session_id: mcp
  event: tool_invoked
  agent: mcp
  task_id: gsane_emit_event
  duration_ms: 0
  trust_score: null
  details: "type=delivery_contract_created agent=TestAgent"
- timestamp: 2026-04-10T23:28:38.794508
  session_id: mcp
  event: delivery_contract_created
  agent: TestAgent
  task_id: custom_event
  duration_ms: 0
  trust_score: null
  details: "{\"test\": true}"
- timestamp: 2026-04-10T23:28:38.795252
  session_id: mcp
  event: tool_invoked
  agent: mcp
  task_id: gsane_emit_event
  duration_ms: 0
  trust_score: null
  details: "type=delivery_contract_approved agent=TestAgent"
- timestamp: 2026-04-10T23:28:38.796077
  session_id: mcp
  event: delivery_contract_approved
  agent: TestAgent
  task_id: custom_event
  duration_ms: 0
  trust_score: null
  details: "{\"test\": true}"
- timestamp: 2026-04-10T23:28:38.796812
  session_id: mcp
  event: tool_invoked
  agent: mcp
  task_id: gsane_emit_event
  duration_ms: 0
  trust_score: null
  details: "type=qa_gate_passed agent=TestAgent"
- timestamp: 2026-04-10T23:28:38.797627
  session_id: mcp
  event: qa_gate_passed
  agent: TestAgent
  task_id: custom_event
  duration_ms: 0
  trust_score: null
  details: "{\"test\": true}"
- timestamp: 2026-04-10T23:28:38.798334
  session_id: mcp
  event: tool_invoked
  agent: mcp
  task_id: gsane_emit_event
  duration_ms: 0
  trust_score: null
  details: "type=qa_gate_failed agent=TestAgent"
- timestamp: 2026-04-10T23:28:38.799245
  session_id: mcp
  event: qa_gate_failed
  agent: TestAgent
  task_id: custom_event
  duration_ms: 0
  trust_score: null
  details: "{\"test\": true}"
- timestamp: 2026-04-10T23:28:38.799988
  session_id: mcp
  event: tool_invoked
  agent: mcp
  task_id: gsane_emit_event
  duration_ms: 0
  trust_score: null
  details: "type=handoff_initiated agent=TestAgent"
- timestamp: 2026-04-10T23:28:38.800794
  session_id: mcp
  event: handoff_initiated
  agent: TestAgent
  task_id: custom_event
  duration_ms: 0
  trust_score: null
  details: "{\"test\": true}"
- timestamp: 2026-04-10T23:28:38.801522
  session_id: mcp
  event: tool_invoked
  agent: mcp
  task_id: gsane_emit_event
  duration_ms: 0
  trust_score: null
  details: "type=session_milestone agent=TestAgent"
- timestamp: 2026-04-10T23:28:38.802329
  session_id: mcp
  event: session_milestone
  agent: TestAgent
  task_id: custom_event
  duration_ms: 0
  trust_score: null
  details: "{\"test\": true}"
- timestamp: 2026-04-10T23:28:38.803026
  session_id: mcp
  event: tool_invoked
  agent: mcp
  task_id: gsane_emit_event
  duration_ms: 0
  trust_score: null
  details: "type=challenge_issued agent=TestAgent"
- timestamp: 2026-04-10T23:28:38.803885
  session_id: mcp
  event: challenge_issued
  agent: TestAgent
  task_id: custom_event
  duration_ms: 0
  trust_score: null
  details: "{\"test\": true}"
- timestamp: 2026-04-10T23:28:38.804597
  session_id: mcp
  event: tool_invoked
  agent: mcp
  task_id: gsane_emit_event
  duration_ms: 0
  trust_score: null
  details: "type=challenge_resolved agent=TestAgent"
- timestamp: 2026-04-10T23:28:38.805389
  session_id: mcp
  event: challenge_resolved
  agent: TestAgent
  task_id: custom_event
  duration_ms: 0
  trust_score: null
  details: "{\"test\": true}"
- timestamp: 2026-04-10T23:28:38.806079
  session_id: mcp
  event: tool_invoked
  agent: mcp
  task_id: gsane_emit_event
  duration_ms: 0
  trust_score: null
  details: "type=challenge_overruled agent=TestAgent"
- timestamp: 2026-04-10T23:28:38.806852
  session_id: mcp
  event: challenge_overruled
  agent: TestAgent
  task_id: custom_event
  duration_ms: 0
  trust_score: null
  details: "{\"test\": true}"
- timestamp: 2026-04-10T23:28:38.807546
  session_id: mcp
  event: tool_invoked
  agent: mcp
  task_id: gsane_emit_event
  duration_ms: 0
  trust_score: null
  details: "type=challenge_accepted agent=TestAgent"
- timestamp: 2026-04-10T23:28:38.808359
  session_id: mcp
  event: challenge_accepted
  agent: TestAgent
  task_id: custom_event
  duration_ms: 0
  trust_score: null
  details: "{\"test\": true}"
- timestamp: 2026-04-10T23:28:38.874834
  session_id: mcp
  event: tool_invoked
  agent: mcp
  task_id: gsane_route
  duration_ms: 0
  trust_score: null
  details: "query=implement a new feature"
- timestamp: 2026-04-10T23:28:38.934136
  session_id: mcp
  event: tool_invoked
  agent: mcp
  task_id: gsane_fetch_compressed_memory
  duration_ms: 0
  trust_score: null
  details: "query=master"
- timestamp: 2026-04-10T23:28:38.951307
  session_id: mcp
  event: tool_invoked
  agent: mcp
  task_id: gsane_read_checkpoint
  duration_ms: 0
  trust_score: null
  details: "warm session read"
- timestamp: 2026-04-10T23:28:58.732519
  session_id: mcp
  event: tool_invoked
  agent: mcp
  task_id: gsane_read_canonical_brief
  duration_ms: 0
  trust_score: null
  details: "canonical human brief"
- timestamp: 2026-04-10T23:28:58.740588
  session_id: mcp
  event: tool_invoked
  agent: mcp
  task_id: gsane_read_active_delivery_contract
  duration_ms: 0
  trust_score: null
  details: "active delivery contract"
- timestamp: 2026-04-10T23:28:58.749074
  session_id: mcp
  event: tool_invoked
  agent: mcp
  task_id: gsane_read_project_snapshot
  duration_ms: 0
  trust_score: null
  details: "canonical project snapshot"
- timestamp: 2026-04-10T23:28:58.779548
  session_id: mcp
  event: tool_invoked
  agent: mcp
  task_id: gsane_fetch_compressed_memory
  duration_ms: 0
  trust_score: null
  details: "query=master"
- timestamp: 2026-04-10T23:28:58.793414
  session_id: mcp
  event: tool_invoked
  agent: mcp
  task_id: gsane_fetch_compressed_memory
  duration_ms: 0
  trust_score: null
  details: "query=xyzzy_query_that_does_not_exist_12345"
- timestamp: 2026-04-10T23:28:58.806832
  session_id: mcp
  event: tool_invoked
  agent: mcp
  task_id: gsane_fetch_compressed_memory
  duration_ms: 0
  trust_score: null
  details: "query=agent"
- timestamp: 2026-04-10T23:28:58.820711
  session_id: mcp
  event: tool_invoked
  agent: mcp
  task_id: gsane_write_session_checkpoint
  duration_ms: 0
  trust_score: null
  details: "exchange=999"
- timestamp: 2026-04-10T23:28:58.823512
  session_id: mcp
  event: tool_invoked
  agent: mcp
  task_id: gsane_write_session_checkpoint
  duration_ms: 0
  trust_score: null
  details: "exchange=998"
- timestamp: 2026-04-10T23:28:58.825636
  session_id: mcp
  event: tool_invoked
  agent: mcp
  task_id: gsane_read_checkpoint
  duration_ms: 0
  trust_score: null
  details: "warm session read"
- timestamp: 2026-04-10T23:28:58.827924
  session_id: mcp
  event: tool_invoked
  agent: mcp
  task_id: gsane_read_checkpoint
  duration_ms: 0
  trust_score: null
  details: "warm session read"
- timestamp: 2026-04-10T23:28:58.830334
  session_id: mcp
  event: tool_invoked
  agent: mcp
  task_id: gsane_route
  duration_ms: 0
  trust_score: null
  details: "query=implement a new feature"
- timestamp: 2026-04-10T23:28:58.855812
  session_id: mcp
  event: tool_invoked
  agent: mcp
  task_id: gsane_route
  duration_ms: 0
  trust_score: null
  details: "query=design a scalable architecture for the API"
- timestamp: 2026-04-10T23:28:58.880966
  session_id: mcp
  event: tool_invoked
  agent: mcp
  task_id: gsane_route
  duration_ms: 0
  trust_score: null
  details: "query=implement this with test-driven development"
- timestamp: 2026-04-10T23:28:58.905463
  session_id: mcp
  event: tool_invoked
  agent: mcp
  task_id: gsane_route
  duration_ms: 0
  trust_score: null
  details: "query=security hardening for auth tokens and filesystem access"
- timestamp: 2026-04-10T23:28:58.915960
  session_id: mcp
  event: tool_invoked
  agent: mcp
  task_id: gsane_route
  duration_ms: 0
  trust_score: null
  details: "query=security review for GSANE MCP sandbox guardrail policy"
- timestamp: 2026-04-10T23:28:58.930189
  session_id: mcp
  event: tool_invoked
  agent: mcp
  task_id: gsane_route
  duration_ms: 0
  trust_score: null
  details: "query=test query"
- timestamp: 2026-04-10T23:28:58.931850
  session_id: mcp
  event: tool_invoked
  agent: mcp
  task_id: gsane_route
  duration_ms: 0
  trust_score: null
  details: "query=test my architecture idea"
- timestamp: 2026-04-10T23:28:58.960480
  session_id: mcp
  event: tool_invoked
  agent: mcp
  task_id: gsane_route
  duration_ms: 0
  trust_score: null
  details: "query=code architecture is broken"
- timestamp: 2026-04-10T23:28:58.985080
  session_id: mcp
  event: tool_invoked
  agent: mcp
  task_id: gsane_route
  duration_ms: 0
  trust_score: null
  details: "query=bonjour, help me"
- timestamp: 2026-04-10T23:28:59.009208
  session_id: mcp
  event: tool_invoked
  agent: mcp
  task_id: gsane_route
  duration_ms: 0
  trust_score: null
  details: "query=implement a new feature"
- timestamp: 2026-04-10T23:28:59.034014
  session_id: mcp
  event: tool_invoked
  agent: mcp
  task_id: gsane_trace_report
  duration_ms: 0
  trust_score: null
  details: ""
- timestamp: 2026-04-10T23:28:59.573403
  session_id: mcp
  event: tool_invoked
  agent: mcp
  task_id: gsane_memory_fetch
  duration_ms: 0
  trust_score: null
  details: "agent=master topic="
- timestamp: 2026-04-10T23:28:59.584584
  session_id: mcp
  event: tool_invoked
  agent: mcp
  task_id: gsane_memory_fetch
  duration_ms: 0
  trust_score: null
  details: "agent=agent_xyz_unknown_12345 topic="
- timestamp: 2026-04-10T23:28:59.595045
  session_id: mcp
  event: tool_invoked
  agent: mcp
  task_id: gsane_memory_fetch
  duration_ms: 0
  trust_score: null
  details: "agent=master topic=leçon"
- timestamp: 2026-04-10T23:28:59.606101
  session_id: mcp
  event: tool_invoked
  agent: mcp
  task_id: gsane_memory_fetch
  duration_ms: 0
  trust_score: null
  details: "agent=..\\master topic="
- timestamp: 2026-04-10T23:29:00.169824
  session_id: mcp
  event: tool_invoked
  agent: mcp
  task_id: gsane_search_memory
  duration_ms: 0
  trust_score: null
  details: "query=agent scope=all"
- timestamp: 2026-04-10T23:29:00.182896
  session_id: mcp
  event: tool_invoked
  agent: mcp
  task_id: gsane_search_memory
  duration_ms: 0
  trust_score: null
  details: "query=xyz_inexistant_99999 scope=all"
- timestamp: 2026-04-10T23:29:00.195897
  session_id: mcp
  event: tool_invoked
  agent: mcp
  task_id: gsane_search_memory
  duration_ms: 0
  trust_score: null
  details: "query=FM- scope=failures"
- timestamp: 2026-04-10T23:29:00.209072
  session_id: mcp
  event: tool_invoked
  agent: mcp
  task_id: gsane_search_memory
  duration_ms: 0
  trust_score: null
  details: "query=DL- scope=decisions"
- timestamp: 2026-04-10T23:29:00.222127
  session_id: mcp
  event: tool_invoked
  agent: mcp
  task_id: gsane_search_memory
  duration_ms: 0
  trust_score: null
  details: "query=Session scope=sessions"
- timestamp: 2026-04-10T23:29:00.235191
  session_id: mcp
  event: tool_invoked
  agent: mcp
  task_id: gsane_search_memory
  duration_ms: 0
  trust_score: null
  details: "query=a scope=all"
- timestamp: 2026-04-10T23:29:00.248482
  session_id: mcp
  event: tool_invoked
  agent: mcp
  task_id: gsane_emit_event
  duration_ms: 0
  trust_score: null
  details: "type=qa_gate_passed agent=Quinn"
- timestamp: 2026-04-10T23:29:00.249319
  session_id: mcp
  event: qa_gate_passed
  agent: Quinn
  task_id: custom_event
  duration_ms: 0
  trust_score: null
  details: "{\"tests\": 155}"
- timestamp: 2026-04-10T23:29:00.250772
  session_id: mcp
  event: tool_invoked
  agent: mcp
  task_id: gsane_emit_event
  duration_ms: 0
  trust_score: null
  details: "type=custom_weird_event agent=TestAgent"
- timestamp: 2026-04-10T23:29:00.251599
  session_id: mcp
  event: custom_weird_event
  agent: TestAgent
  task_id: custom_event
  duration_ms: 0
  trust_score: null
  details: "{\"foo\": \"bar\"}"
- timestamp: 2026-04-10T23:29:00.252987
  session_id: mcp
  event: tool_invoked
  agent: mcp
  task_id: gsane_emit_event
  duration_ms: 0
  trust_score: null
  details: "type=session_milestone agent=Langis"
- timestamp: 2026-04-10T23:29:00.253852
  session_id: mcp
  event: session_milestone
  agent: Langis
  task_id: P5-C-test
  duration_ms: 0
  trust_score: null
  details: "{\"milestone\": \"P5-test\"}"
- timestamp: 2026-04-10T23:29:00.813871
  session_id: mcp
  event: tool_invoked
  agent: mcp
  task_id: gsane_emit_event
  duration_ms: 0
  trust_score: null
  details: "type=delivery_contract_created agent=Langis"
- timestamp: 2026-04-10T23:29:00.814695
  session_id: mcp
  event: delivery_contract_created
  agent: Langis
  task_id: DC-TEST-001
  duration_ms: 0
  trust_score: null
  details: "{}"
- timestamp: 2026-04-10T23:29:00.816076
  session_id: mcp
  event: tool_invoked
  agent: mcp
  task_id: gsane_emit_event
  duration_ms: 0
  trust_score: null
  details: "type=qa_gate_passed agent=Quinn"
- timestamp: 2026-04-10T23:29:00.816956
  session_id: mcp
  event: qa_gate_passed
  agent: Quinn
  task_id: custom_event
  duration_ms: 0
  trust_score: null
  details: "{}"
- timestamp: 2026-04-10T23:29:00.818424
  session_id: mcp
  event: tool_invoked
  agent: mcp
  task_id: gsane_emit_event
  duration_ms: 0
  trust_score: null
  details: "type=delivery_contract_created agent=TestAgent"
- timestamp: 2026-04-10T23:29:00.819368
  session_id: mcp
  event: delivery_contract_created
  agent: TestAgent
  task_id: custom_event
  duration_ms: 0
  trust_score: null
  details: "{\"test\": true}"
- timestamp: 2026-04-10T23:29:00.820097
  session_id: mcp
  event: tool_invoked
  agent: mcp
  task_id: gsane_emit_event
  duration_ms: 0
  trust_score: null
  details: "type=delivery_contract_approved agent=TestAgent"
- timestamp: 2026-04-10T23:29:00.821018
  session_id: mcp
  event: delivery_contract_approved
  agent: TestAgent
  task_id: custom_event
  duration_ms: 0
  trust_score: null
  details: "{\"test\": true}"
- timestamp: 2026-04-10T23:29:00.821743
  session_id: mcp
  event: tool_invoked
  agent: mcp
  task_id: gsane_emit_event
  duration_ms: 0
  trust_score: null
  details: "type=qa_gate_passed agent=TestAgent"
- timestamp: 2026-04-10T23:29:00.822586
  session_id: mcp
  event: qa_gate_passed
  agent: TestAgent
  task_id: custom_event
  duration_ms: 0
  trust_score: null
  details: "{\"test\": true}"
- timestamp: 2026-04-10T23:29:00.823318
  session_id: mcp
  event: tool_invoked
  agent: mcp
  task_id: gsane_emit_event
  duration_ms: 0
  trust_score: null
  details: "type=qa_gate_failed agent=TestAgent"
- timestamp: 2026-04-10T23:29:00.824131
  session_id: mcp
  event: qa_gate_failed
  agent: TestAgent
  task_id: custom_event
  duration_ms: 0
  trust_score: null
  details: "{\"test\": true}"
- timestamp: 2026-04-10T23:29:00.825131
  session_id: mcp
  event: tool_invoked
  agent: mcp
  task_id: gsane_emit_event
  duration_ms: 0
  trust_score: null
  details: "type=handoff_initiated agent=TestAgent"
- timestamp: 2026-04-10T23:29:00.826035
  session_id: mcp
  event: handoff_initiated
  agent: TestAgent
  task_id: custom_event
  duration_ms: 0
  trust_score: null
  details: "{\"test\": true}"
- timestamp: 2026-04-10T23:29:00.826793
  session_id: mcp
  event: tool_invoked
  agent: mcp
  task_id: gsane_emit_event
  duration_ms: 0
  trust_score: null
  details: "type=session_milestone agent=TestAgent"
- timestamp: 2026-04-10T23:29:00.827616
  session_id: mcp
  event: session_milestone
  agent: TestAgent
  task_id: custom_event
  duration_ms: 0
  trust_score: null
  details: "{\"test\": true}"
- timestamp: 2026-04-10T23:29:00.828333
  session_id: mcp
  event: tool_invoked
  agent: mcp
  task_id: gsane_emit_event
  duration_ms: 0
  trust_score: null
  details: "type=challenge_issued agent=TestAgent"
- timestamp: 2026-04-10T23:29:00.829165
  session_id: mcp
  event: challenge_issued
  agent: TestAgent
  task_id: custom_event
  duration_ms: 0
  trust_score: null
  details: "{\"test\": true}"
- timestamp: 2026-04-10T23:29:00.829912
  session_id: mcp
  event: tool_invoked
  agent: mcp
  task_id: gsane_emit_event
  duration_ms: 0
  trust_score: null
  details: "type=challenge_resolved agent=TestAgent"
- timestamp: 2026-04-10T23:29:00.830770
  session_id: mcp
  event: challenge_resolved
  agent: TestAgent
  task_id: custom_event
  duration_ms: 0
  trust_score: null
  details: "{\"test\": true}"
- timestamp: 2026-04-10T23:29:00.831604
  session_id: mcp
  event: tool_invoked
  agent: mcp
  task_id: gsane_emit_event
  duration_ms: 0
  trust_score: null
  details: "type=challenge_overruled agent=TestAgent"
- timestamp: 2026-04-10T23:29:00.832419
  session_id: mcp
  event: challenge_overruled
  agent: TestAgent
  task_id: custom_event
  duration_ms: 0
  trust_score: null
  details: "{\"test\": true}"
- timestamp: 2026-04-10T23:29:00.833160
  session_id: mcp
  event: tool_invoked
  agent: mcp
  task_id: gsane_emit_event
  duration_ms: 0
  trust_score: null
  details: "type=challenge_accepted agent=TestAgent"
- timestamp: 2026-04-10T23:29:00.833993
  session_id: mcp
  event: challenge_accepted
  agent: TestAgent
  task_id: custom_event
  duration_ms: 0
  trust_score: null
  details: "{\"test\": true}"
- timestamp: 2026-04-10T23:29:00.900352
  session_id: mcp
  event: tool_invoked
  agent: mcp
  task_id: gsane_route
  duration_ms: 0
  trust_score: null
  details: "query=implement a new feature"
- timestamp: 2026-04-10T23:29:00.960003
  session_id: mcp
  event: tool_invoked
  agent: mcp
  task_id: gsane_fetch_compressed_memory
  duration_ms: 0
  trust_score: null
  details: "query=master"
- timestamp: 2026-04-10T23:29:00.978075
  session_id: mcp
  event: tool_invoked
  agent: mcp
  task_id: gsane_read_checkpoint
  duration_ms: 0
  trust_score: null
  details: "warm session read"
- timestamp: 2026-04-10T23:51:09.295903
  session_id: mcp
  event: tool_invoked
  agent: mcp
  task_id: gsane_read_canonical_brief
  duration_ms: 0
  trust_score: null
  details: "canonical human brief"
- timestamp: 2026-04-10T23:51:09.303704
  session_id: mcp
  event: tool_invoked
  agent: mcp
  task_id: gsane_read_active_delivery_contract
  duration_ms: 0
  trust_score: null
  details: "active delivery contract"
- timestamp: 2026-04-10T23:51:09.313678
  session_id: mcp
  event: tool_invoked
  agent: mcp
  task_id: gsane_read_project_snapshot
  duration_ms: 0
  trust_score: null
  details: "canonical project snapshot"
- timestamp: 2026-04-10T23:51:09.343318
  session_id: mcp
  event: tool_invoked
  agent: mcp
  task_id: gsane_fetch_compressed_memory
  duration_ms: 0
  trust_score: null
  details: "query=master"
- timestamp: 2026-04-10T23:51:09.356445
  session_id: mcp
  event: tool_invoked
  agent: mcp
  task_id: gsane_fetch_compressed_memory
  duration_ms: 0
  trust_score: null
  details: "query=xyzzy_query_that_does_not_exist_12345"
- timestamp: 2026-04-10T23:51:09.370722
  session_id: mcp
  event: tool_invoked
  agent: mcp
  task_id: gsane_fetch_compressed_memory
  duration_ms: 0
  trust_score: null
  details: "query=agent"
- timestamp: 2026-04-10T23:51:09.384641
  session_id: mcp
  event: tool_invoked
  agent: mcp
  task_id: gsane_write_session_checkpoint
  duration_ms: 0
  trust_score: null
  details: "exchange=999"
- timestamp: 2026-04-10T23:51:09.387464
  session_id: mcp
  event: tool_invoked
  agent: mcp
  task_id: gsane_write_session_checkpoint
  duration_ms: 0
  trust_score: null
  details: "exchange=998"
- timestamp: 2026-04-10T23:51:09.389689
  session_id: mcp
  event: tool_invoked
  agent: mcp
  task_id: gsane_read_checkpoint
  duration_ms: 0
  trust_score: null
  details: "warm session read"
- timestamp: 2026-04-10T23:51:09.392188
  session_id: mcp
  event: tool_invoked
  agent: mcp
  task_id: gsane_read_checkpoint
  duration_ms: 0
  trust_score: null
  details: "warm session read"
- timestamp: 2026-04-10T23:51:09.394512
  session_id: mcp
  event: tool_invoked
  agent: mcp
  task_id: gsane_route
  duration_ms: 0
  trust_score: null
  details: "query=implement a new feature"
- timestamp: 2026-04-10T23:51:09.419222
  session_id: mcp
  event: tool_invoked
  agent: mcp
  task_id: gsane_route
  duration_ms: 0
  trust_score: null
  details: "query=design a scalable architecture for the API"
- timestamp: 2026-04-10T23:51:09.443670
  session_id: mcp
  event: tool_invoked
  agent: mcp
  task_id: gsane_route
  duration_ms: 0
  trust_score: null
  details: "query=implement this with test-driven development"
- timestamp: 2026-04-10T23:51:09.468243
  session_id: mcp
  event: tool_invoked
  agent: mcp
  task_id: gsane_route
  duration_ms: 0
  trust_score: null
  details: "query=security hardening for auth tokens and filesystem access"
- timestamp: 2026-04-10T23:51:09.478944
  session_id: mcp
  event: tool_invoked
  agent: mcp
  task_id: gsane_route
  duration_ms: 0
  trust_score: null
  details: "query=security review for GSANE MCP sandbox guardrail policy"
- timestamp: 2026-04-10T23:51:09.493296
  session_id: mcp
  event: tool_invoked
  agent: mcp
  task_id: gsane_route
  duration_ms: 0
  trust_score: null
  details: "query=test query"
- timestamp: 2026-04-10T23:51:09.495028
  session_id: mcp
  event: tool_invoked
  agent: mcp
  task_id: gsane_route
  duration_ms: 0
  trust_score: null
  details: "query=test my architecture idea"
- timestamp: 2026-04-10T23:51:09.519636
  session_id: mcp
  event: tool_invoked
  agent: mcp
  task_id: gsane_route
  duration_ms: 0
  trust_score: null
  details: "query=code architecture is broken"
- timestamp: 2026-04-10T23:51:09.544077
  session_id: mcp
  event: tool_invoked
  agent: mcp
  task_id: gsane_route
  duration_ms: 0
  trust_score: null
  details: "query=bonjour, help me"
- timestamp: 2026-04-10T23:51:09.568420
  session_id: mcp
  event: tool_invoked
  agent: mcp
  task_id: gsane_route
  duration_ms: 0
  trust_score: null
  details: "query=implement a new feature"
- timestamp: 2026-04-10T23:51:09.594619
  session_id: mcp
  event: tool_invoked
  agent: mcp
  task_id: gsane_trace_report
  duration_ms: 0
  trust_score: null
  details: ""
- timestamp: 2026-04-10T23:51:10.162013
  session_id: mcp
  event: tool_invoked
  agent: mcp
  task_id: gsane_memory_fetch
  duration_ms: 0
  trust_score: null
  details: "agent=master topic="
- timestamp: 2026-04-10T23:51:10.172752
  session_id: mcp
  event: tool_invoked
  agent: mcp
  task_id: gsane_memory_fetch
  duration_ms: 0
  trust_score: null
  details: "agent=agent_xyz_unknown_12345 topic="
- timestamp: 2026-04-10T23:51:10.182878
  session_id: mcp
  event: tool_invoked
  agent: mcp
  task_id: gsane_memory_fetch
  duration_ms: 0
  trust_score: null
  details: "agent=master topic=leçon"
- timestamp: 2026-04-10T23:51:10.193908
  session_id: mcp
  event: tool_invoked
  agent: mcp
  task_id: gsane_memory_fetch
  duration_ms: 0
  trust_score: null
  details: "agent=..\\master topic="
- timestamp: 2026-04-10T23:51:10.780665
  session_id: mcp
  event: tool_invoked
  agent: mcp
  task_id: gsane_search_memory
  duration_ms: 0
  trust_score: null
  details: "query=agent scope=all"
- timestamp: 2026-04-10T23:51:10.794241
  session_id: mcp
  event: tool_invoked
  agent: mcp
  task_id: gsane_search_memory
  duration_ms: 0
  trust_score: null
  details: "query=xyz_inexistant_99999 scope=all"
- timestamp: 2026-04-10T23:51:10.807743
  session_id: mcp
  event: tool_invoked
  agent: mcp
  task_id: gsane_search_memory
  duration_ms: 0
  trust_score: null
  details: "query=FM- scope=failures"
- timestamp: 2026-04-10T23:51:10.821026
  session_id: mcp
  event: tool_invoked
  agent: mcp
  task_id: gsane_search_memory
  duration_ms: 0
  trust_score: null
  details: "query=DL- scope=decisions"
- timestamp: 2026-04-10T23:51:10.834541
  session_id: mcp
  event: tool_invoked
  agent: mcp
  task_id: gsane_search_memory
  duration_ms: 0
  trust_score: null
  details: "query=Session scope=sessions"
- timestamp: 2026-04-10T23:51:10.848366
  session_id: mcp
  event: tool_invoked
  agent: mcp
  task_id: gsane_search_memory
  duration_ms: 0
  trust_score: null
  details: "query=a scope=all"
- timestamp: 2026-04-10T23:51:10.862175
  session_id: mcp
  event: tool_invoked
  agent: mcp
  task_id: gsane_emit_event
  duration_ms: 0
  trust_score: null
  details: "type=qa_gate_passed agent=Quinn"
- timestamp: 2026-04-10T23:51:10.863029
  session_id: mcp
  event: qa_gate_passed
  agent: Quinn
  task_id: custom_event
  duration_ms: 0
  trust_score: null
  details: "{\"tests\": 155}"
- timestamp: 2026-04-10T23:51:10.864447
  session_id: mcp
  event: tool_invoked
  agent: mcp
  task_id: gsane_emit_event
  duration_ms: 0
  trust_score: null
  details: "type=custom_weird_event agent=TestAgent"
- timestamp: 2026-04-10T23:51:10.865263
  session_id: mcp
  event: custom_weird_event
  agent: TestAgent
  task_id: custom_event
  duration_ms: 0
  trust_score: null
  details: "{\"foo\": \"bar\"}"
- timestamp: 2026-04-10T23:51:10.866661
  session_id: mcp
  event: tool_invoked
  agent: mcp
  task_id: gsane_emit_event
  duration_ms: 0
  trust_score: null
  details: "type=session_milestone agent=Langis"
- timestamp: 2026-04-10T23:51:10.867577
  session_id: mcp
  event: session_milestone
  agent: Langis
  task_id: P5-C-test
  duration_ms: 0
  trust_score: null
  details: "{\"milestone\": \"P5-test\"}"
- timestamp: 2026-04-10T23:51:11.434197
  session_id: mcp
  event: tool_invoked
  agent: mcp
  task_id: gsane_emit_event
  duration_ms: 0
  trust_score: null
  details: "type=delivery_contract_created agent=Langis"
- timestamp: 2026-04-10T23:51:11.435049
  session_id: mcp
  event: delivery_contract_created
  agent: Langis
  task_id: DC-TEST-001
  duration_ms: 0
  trust_score: null
  details: "{}"
- timestamp: 2026-04-10T23:51:11.436509
  session_id: mcp
  event: tool_invoked
  agent: mcp
  task_id: gsane_emit_event
  duration_ms: 0
  trust_score: null
  details: "type=qa_gate_passed agent=Quinn"
- timestamp: 2026-04-10T23:51:11.437441
  session_id: mcp
  event: qa_gate_passed
  agent: Quinn
  task_id: custom_event
  duration_ms: 0
  trust_score: null
  details: "{}"
- timestamp: 2026-04-10T23:51:11.438912
  session_id: mcp
  event: tool_invoked
  agent: mcp
  task_id: gsane_emit_event
  duration_ms: 0
  trust_score: null
  details: "type=delivery_contract_created agent=TestAgent"
- timestamp: 2026-04-10T23:51:11.439907
  session_id: mcp
  event: delivery_contract_created
  agent: TestAgent
  task_id: custom_event
  duration_ms: 0
  trust_score: null
  details: "{\"test\": true}"
- timestamp: 2026-04-10T23:51:11.440629
  session_id: mcp
  event: tool_invoked
  agent: mcp
  task_id: gsane_emit_event
  duration_ms: 0
  trust_score: null
  details: "type=delivery_contract_approved agent=TestAgent"
- timestamp: 2026-04-10T23:51:11.441449
  session_id: mcp
  event: delivery_contract_approved
  agent: TestAgent
  task_id: custom_event
  duration_ms: 0
  trust_score: null
  details: "{\"test\": true}"
- timestamp: 2026-04-10T23:51:11.442179
  session_id: mcp
  event: tool_invoked
  agent: mcp
  task_id: gsane_emit_event
  duration_ms: 0
  trust_score: null
  details: "type=qa_gate_passed agent=TestAgent"
- timestamp: 2026-04-10T23:51:11.443002
  session_id: mcp
  event: qa_gate_passed
  agent: TestAgent
  task_id: custom_event
  duration_ms: 0
  trust_score: null
  details: "{\"test\": true}"
- timestamp: 2026-04-10T23:51:11.443709
  session_id: mcp
  event: tool_invoked
  agent: mcp
  task_id: gsane_emit_event
  duration_ms: 0
  trust_score: null
  details: "type=qa_gate_failed agent=TestAgent"
- timestamp: 2026-04-10T23:51:11.444512
  session_id: mcp
  event: qa_gate_failed
  agent: TestAgent
  task_id: custom_event
  duration_ms: 0
  trust_score: null
  details: "{\"test\": true}"
- timestamp: 2026-04-10T23:51:11.445236
  session_id: mcp
  event: tool_invoked
  agent: mcp
  task_id: gsane_emit_event
  duration_ms: 0
  trust_score: null
  details: "type=handoff_initiated agent=TestAgent"
- timestamp: 2026-04-10T23:51:11.446070
  session_id: mcp
  event: handoff_initiated
  agent: TestAgent
  task_id: custom_event
  duration_ms: 0
  trust_score: null
  details: "{\"test\": true}"
- timestamp: 2026-04-10T23:51:11.446778
  session_id: mcp
  event: tool_invoked
  agent: mcp
  task_id: gsane_emit_event
  duration_ms: 0
  trust_score: null
  details: "type=session_milestone agent=TestAgent"
- timestamp: 2026-04-10T23:51:11.447721
  session_id: mcp
  event: session_milestone
  agent: TestAgent
  task_id: custom_event
  duration_ms: 0
  trust_score: null
  details: "{\"test\": true}"
- timestamp: 2026-04-10T23:51:11.448449
  session_id: mcp
  event: tool_invoked
  agent: mcp
  task_id: gsane_emit_event
  duration_ms: 0
  trust_score: null
  details: "type=challenge_issued agent=TestAgent"
- timestamp: 2026-04-10T23:51:11.449237
  session_id: mcp
  event: challenge_issued
  agent: TestAgent
  task_id: custom_event
  duration_ms: 0
  trust_score: null
  details: "{\"test\": true}"
- timestamp: 2026-04-10T23:51:11.449980
  session_id: mcp
  event: tool_invoked
  agent: mcp
  task_id: gsane_emit_event
  duration_ms: 0
  trust_score: null
  details: "type=challenge_resolved agent=TestAgent"
- timestamp: 2026-04-10T23:51:11.450770
  session_id: mcp
  event: challenge_resolved
  agent: TestAgent
  task_id: custom_event
  duration_ms: 0
  trust_score: null
  details: "{\"test\": true}"
- timestamp: 2026-04-10T23:51:11.451482
  session_id: mcp
  event: tool_invoked
  agent: mcp
  task_id: gsane_emit_event
  duration_ms: 0
  trust_score: null
  details: "type=challenge_overruled agent=TestAgent"
- timestamp: 2026-04-10T23:51:11.452261
  session_id: mcp
  event: challenge_overruled
  agent: TestAgent
  task_id: custom_event
  duration_ms: 0
  trust_score: null
  details: "{\"test\": true}"
- timestamp: 2026-04-10T23:51:11.452990
  session_id: mcp
  event: tool_invoked
  agent: mcp
  task_id: gsane_emit_event
  duration_ms: 0
  trust_score: null
  details: "type=challenge_accepted agent=TestAgent"
- timestamp: 2026-04-10T23:51:11.453783
  session_id: mcp
  event: challenge_accepted
  agent: TestAgent
  task_id: custom_event
  duration_ms: 0
  trust_score: null
  details: "{\"test\": true}"
- timestamp: 2026-04-10T23:51:11.519401
  session_id: mcp
  event: tool_invoked
  agent: mcp
  task_id: gsane_route
  duration_ms: 0
  trust_score: null
  details: "query=implement a new feature"
- timestamp: 2026-04-10T23:51:11.575073
  session_id: mcp
  event: tool_invoked
  agent: mcp
  task_id: gsane_fetch_compressed_memory
  duration_ms: 0
  trust_score: null
  details: "query=master"
- timestamp: 2026-04-10T23:51:11.592712
  session_id: mcp
  event: tool_invoked
  agent: mcp
  task_id: gsane_read_checkpoint
  duration_ms: 0
  trust_score: null
  details: "warm session read"
- timestamp: 2026-04-10T23:51:30.103731
  session_id: mcp
  event: tool_invoked
  agent: mcp
  task_id: gsane_read_canonical_brief
  duration_ms: 0
  trust_score: null
  details: "canonical human brief"
- timestamp: 2026-04-10T23:51:30.111660
  session_id: mcp
  event: tool_invoked
  agent: mcp
  task_id: gsane_read_active_delivery_contract
  duration_ms: 0
  trust_score: null
  details: "active delivery contract"
- timestamp: 2026-04-10T23:51:30.121885
  session_id: mcp
  event: tool_invoked
  agent: mcp
  task_id: gsane_read_project_snapshot
  duration_ms: 0
  trust_score: null
  details: "canonical project snapshot"
- timestamp: 2026-04-10T23:51:30.151434
  session_id: mcp
  event: tool_invoked
  agent: mcp
  task_id: gsane_fetch_compressed_memory
  duration_ms: 0
  trust_score: null
  details: "query=master"
- timestamp: 2026-04-10T23:51:30.164767
  session_id: mcp
  event: tool_invoked
  agent: mcp
  task_id: gsane_fetch_compressed_memory
  duration_ms: 0
  trust_score: null
  details: "query=xyzzy_query_that_does_not_exist_12345"
- timestamp: 2026-04-10T23:51:30.177723
  session_id: mcp
  event: tool_invoked
  agent: mcp
  task_id: gsane_fetch_compressed_memory
  duration_ms: 0
  trust_score: null
  details: "query=agent"
- timestamp: 2026-04-10T23:51:30.190883
  session_id: mcp
  event: tool_invoked
  agent: mcp
  task_id: gsane_write_session_checkpoint
  duration_ms: 0
  trust_score: null
  details: "exchange=999"
- timestamp: 2026-04-10T23:51:30.193671
  session_id: mcp
  event: tool_invoked
  agent: mcp
  task_id: gsane_write_session_checkpoint
  duration_ms: 0
  trust_score: null
  details: "exchange=998"
- timestamp: 2026-04-10T23:51:30.195758
  session_id: mcp
  event: tool_invoked
  agent: mcp
  task_id: gsane_read_checkpoint
  duration_ms: 0
  trust_score: null
  details: "warm session read"
- timestamp: 2026-04-10T23:51:30.198071
  session_id: mcp
  event: tool_invoked
  agent: mcp
  task_id: gsane_read_checkpoint
  duration_ms: 0
  trust_score: null
  details: "warm session read"
- timestamp: 2026-04-10T23:51:30.200421
  session_id: mcp
  event: tool_invoked
  agent: mcp
  task_id: gsane_route
  duration_ms: 0
  trust_score: null
  details: "query=implement a new feature"
- timestamp: 2026-04-10T23:51:30.224478
  session_id: mcp
  event: tool_invoked
  agent: mcp
  task_id: gsane_route
  duration_ms: 0
  trust_score: null
  details: "query=design a scalable architecture for the API"
- timestamp: 2026-04-10T23:51:30.248430
  session_id: mcp
  event: tool_invoked
  agent: mcp
  task_id: gsane_route
  duration_ms: 0
  trust_score: null
  details: "query=implement this with test-driven development"
- timestamp: 2026-04-10T23:51:30.273636
  session_id: mcp
  event: tool_invoked
  agent: mcp
  task_id: gsane_route
  duration_ms: 0
  trust_score: null
  details: "query=security hardening for auth tokens and filesystem access"
- timestamp: 2026-04-10T23:51:30.284008
  session_id: mcp
  event: tool_invoked
  agent: mcp
  task_id: gsane_route
  duration_ms: 0
  trust_score: null
  details: "query=security review for GSANE MCP sandbox guardrail policy"
- timestamp: 2026-04-10T23:51:30.297391
  session_id: mcp
  event: tool_invoked
  agent: mcp
  task_id: gsane_route
  duration_ms: 0
  trust_score: null
  details: "query=test query"
- timestamp: 2026-04-10T23:51:30.299150
  session_id: mcp
  event: tool_invoked
  agent: mcp
  task_id: gsane_route
  duration_ms: 0
  trust_score: null
  details: "query=test my architecture idea"
- timestamp: 2026-04-10T23:51:30.323214
  session_id: mcp
  event: tool_invoked
  agent: mcp
  task_id: gsane_route
  duration_ms: 0
  trust_score: null
  details: "query=code architecture is broken"
- timestamp: 2026-04-10T23:51:30.347197
  session_id: mcp
  event: tool_invoked
  agent: mcp
  task_id: gsane_route
  duration_ms: 0
  trust_score: null
  details: "query=bonjour, help me"
- timestamp: 2026-04-10T23:51:30.375948
  session_id: mcp
  event: tool_invoked
  agent: mcp
  task_id: gsane_route
  duration_ms: 0
  trust_score: null
  details: "query=implement a new feature"
- timestamp: 2026-04-10T23:51:30.402527
  session_id: mcp
  event: tool_invoked
  agent: mcp
  task_id: gsane_trace_report
  duration_ms: 0
  trust_score: null
  details: ""
- timestamp: 2026-04-10T23:51:31.017461
  session_id: mcp
  event: tool_invoked
  agent: mcp
  task_id: gsane_memory_fetch
  duration_ms: 0
  trust_score: null
  details: "agent=master topic="
- timestamp: 2026-04-10T23:51:31.028105
  session_id: mcp
  event: tool_invoked
  agent: mcp
  task_id: gsane_memory_fetch
  duration_ms: 0
  trust_score: null
  details: "agent=agent_xyz_unknown_12345 topic="
- timestamp: 2026-04-10T23:51:31.038439
  session_id: mcp
  event: tool_invoked
  agent: mcp
  task_id: gsane_memory_fetch
  duration_ms: 0
  trust_score: null
  details: "agent=master topic=leçon"
- timestamp: 2026-04-10T23:51:31.049535
  session_id: mcp
  event: tool_invoked
  agent: mcp
  task_id: gsane_memory_fetch
  duration_ms: 0
  trust_score: null
  details: "agent=..\\master topic="
- timestamp: 2026-04-10T23:51:31.648916
  session_id: mcp
  event: tool_invoked
  agent: mcp
  task_id: gsane_search_memory
  duration_ms: 0
  trust_score: null
  details: "query=agent scope=all"
- timestamp: 2026-04-10T23:51:31.661822
  session_id: mcp
  event: tool_invoked
  agent: mcp
  task_id: gsane_search_memory
  duration_ms: 0
  trust_score: null
  details: "query=xyz_inexistant_99999 scope=all"
- timestamp: 2026-04-10T23:51:31.674883
  session_id: mcp
  event: tool_invoked
  agent: mcp
  task_id: gsane_search_memory
  duration_ms: 0
  trust_score: null
  details: "query=FM- scope=failures"
- timestamp: 2026-04-10T23:51:31.687517
  session_id: mcp
  event: tool_invoked
  agent: mcp
  task_id: gsane_search_memory
  duration_ms: 0
  trust_score: null
  details: "query=DL- scope=decisions"
- timestamp: 2026-04-10T23:51:31.700939
  session_id: mcp
  event: tool_invoked
  agent: mcp
  task_id: gsane_search_memory
  duration_ms: 0
  trust_score: null
  details: "query=Session scope=sessions"
- timestamp: 2026-04-10T23:51:31.714896
  session_id: mcp
  event: tool_invoked
  agent: mcp
  task_id: gsane_search_memory
  duration_ms: 0
  trust_score: null
  details: "query=a scope=all"
- timestamp: 2026-04-10T23:51:31.728038
  session_id: mcp
  event: tool_invoked
  agent: mcp
  task_id: gsane_emit_event
  duration_ms: 0
  trust_score: null
  details: "type=qa_gate_passed agent=Quinn"
- timestamp: 2026-04-10T23:51:31.728854
  session_id: mcp
  event: qa_gate_passed
  agent: Quinn
  task_id: custom_event
  duration_ms: 0
  trust_score: null
  details: "{\"tests\": 155}"
- timestamp: 2026-04-10T23:51:31.730221
  session_id: mcp
  event: tool_invoked
  agent: mcp
  task_id: gsane_emit_event
  duration_ms: 0
  trust_score: null
  details: "type=custom_weird_event agent=TestAgent"
- timestamp: 2026-04-10T23:51:31.731065
  session_id: mcp
  event: custom_weird_event
  agent: TestAgent
  task_id: custom_event
  duration_ms: 0
  trust_score: null
  details: "{\"foo\": \"bar\"}"
- timestamp: 2026-04-10T23:51:31.732652
  session_id: mcp
  event: tool_invoked
  agent: mcp
  task_id: gsane_emit_event
  duration_ms: 0
  trust_score: null
  details: "type=session_milestone agent=Langis"
- timestamp: 2026-04-10T23:51:31.733701
  session_id: mcp
  event: session_milestone
  agent: Langis
  task_id: P5-C-test
  duration_ms: 0
  trust_score: null
  details: "{\"milestone\": \"P5-test\"}"
- timestamp: 2026-04-10T23:51:32.349002
  session_id: mcp
  event: tool_invoked
  agent: mcp
  task_id: gsane_emit_event
  duration_ms: 0
  trust_score: null
  details: "type=delivery_contract_created agent=Langis"
- timestamp: 2026-04-10T23:51:32.349852
  session_id: mcp
  event: delivery_contract_created
  agent: Langis
  task_id: DC-TEST-001
  duration_ms: 0
  trust_score: null
  details: "{}"
- timestamp: 2026-04-10T23:51:32.351204
  session_id: mcp
  event: tool_invoked
  agent: mcp
  task_id: gsane_emit_event
  duration_ms: 0
  trust_score: null
  details: "type=qa_gate_passed agent=Quinn"
- timestamp: 2026-04-10T23:51:32.352011
  session_id: mcp
  event: qa_gate_passed
  agent: Quinn
  task_id: custom_event
  duration_ms: 0
  trust_score: null
  details: "{}"
- timestamp: 2026-04-10T23:51:32.353363
  session_id: mcp
  event: tool_invoked
  agent: mcp
  task_id: gsane_emit_event
  duration_ms: 0
  trust_score: null
  details: "type=delivery_contract_created agent=TestAgent"
- timestamp: 2026-04-10T23:51:32.354304
  session_id: mcp
  event: delivery_contract_created
  agent: TestAgent
  task_id: custom_event
  duration_ms: 0
  trust_score: null
  details: "{\"test\": true}"
- timestamp: 2026-04-10T23:51:32.355049
  session_id: mcp
  event: tool_invoked
  agent: mcp
  task_id: gsane_emit_event
  duration_ms: 0
  trust_score: null
  details: "type=delivery_contract_approved agent=TestAgent"
- timestamp: 2026-04-10T23:51:32.355899
  session_id: mcp
  event: delivery_contract_approved
  agent: TestAgent
  task_id: custom_event
  duration_ms: 0
  trust_score: null
  details: "{\"test\": true}"
- timestamp: 2026-04-10T23:51:32.356608
  session_id: mcp
  event: tool_invoked
  agent: mcp
  task_id: gsane_emit_event
  duration_ms: 0
  trust_score: null
  details: "type=qa_gate_passed agent=TestAgent"
- timestamp: 2026-04-10T23:51:32.357416
  session_id: mcp
  event: qa_gate_passed
  agent: TestAgent
  task_id: custom_event
  duration_ms: 0
  trust_score: null
  details: "{\"test\": true}"
- timestamp: 2026-04-10T23:51:32.358123
  session_id: mcp
  event: tool_invoked
  agent: mcp
  task_id: gsane_emit_event
  duration_ms: 0
  trust_score: null
  details: "type=qa_gate_failed agent=TestAgent"
- timestamp: 2026-04-10T23:51:32.359047
  session_id: mcp
  event: qa_gate_failed
  agent: TestAgent
  task_id: custom_event
  duration_ms: 0
  trust_score: null
  details: "{\"test\": true}"
- timestamp: 2026-04-10T23:51:32.359774
  session_id: mcp
  event: tool_invoked
  agent: mcp
  task_id: gsane_emit_event
  duration_ms: 0
  trust_score: null
  details: "type=handoff_initiated agent=TestAgent"
- timestamp: 2026-04-10T23:51:32.361121
  session_id: mcp
  event: handoff_initiated
  agent: TestAgent
  task_id: custom_event
  duration_ms: 0
  trust_score: null
  details: "{\"test\": true}"
- timestamp: 2026-04-10T23:51:32.361940
  session_id: mcp
  event: tool_invoked
  agent: mcp
  task_id: gsane_emit_event
  duration_ms: 0
  trust_score: null
  details: "type=session_milestone agent=TestAgent"
- timestamp: 2026-04-10T23:51:32.362805
  session_id: mcp
  event: session_milestone
  agent: TestAgent
  task_id: custom_event
  duration_ms: 0
  trust_score: null
  details: "{\"test\": true}"
- timestamp: 2026-04-10T23:51:32.363603
  session_id: mcp
  event: tool_invoked
  agent: mcp
  task_id: gsane_emit_event
  duration_ms: 0
  trust_score: null
  details: "type=challenge_issued agent=TestAgent"
- timestamp: 2026-04-10T23:51:32.364707
  session_id: mcp
  event: challenge_issued
  agent: TestAgent
  task_id: custom_event
  duration_ms: 0
  trust_score: null
  details: "{\"test\": true}"
- timestamp: 2026-04-10T23:51:32.365428
  session_id: mcp
  event: tool_invoked
  agent: mcp
  task_id: gsane_emit_event
  duration_ms: 0
  trust_score: null
  details: "type=challenge_resolved agent=TestAgent"
- timestamp: 2026-04-10T23:51:32.366219
  session_id: mcp
  event: challenge_resolved
  agent: TestAgent
  task_id: custom_event
  duration_ms: 0
  trust_score: null
  details: "{\"test\": true}"
- timestamp: 2026-04-10T23:51:32.367110
  session_id: mcp
  event: tool_invoked
  agent: mcp
  task_id: gsane_emit_event
  duration_ms: 0
  trust_score: null
  details: "type=challenge_overruled agent=TestAgent"
- timestamp: 2026-04-10T23:51:32.367975
  session_id: mcp
  event: challenge_overruled
  agent: TestAgent
  task_id: custom_event
  duration_ms: 0
  trust_score: null
  details: "{\"test\": true}"
- timestamp: 2026-04-10T23:51:32.368724
  session_id: mcp
  event: tool_invoked
  agent: mcp
  task_id: gsane_emit_event
  duration_ms: 0
  trust_score: null
  details: "type=challenge_accepted agent=TestAgent"
- timestamp: 2026-04-10T23:51:32.369528
  session_id: mcp
  event: challenge_accepted
  agent: TestAgent
  task_id: custom_event
  duration_ms: 0
  trust_score: null
  details: "{\"test\": true}"
- timestamp: 2026-04-10T23:51:32.433679
  session_id: mcp
  event: tool_invoked
  agent: mcp
  task_id: gsane_route
  duration_ms: 0
  trust_score: null
  details: "query=implement a new feature"
- timestamp: 2026-04-10T23:51:32.490066
  session_id: mcp
  event: tool_invoked
  agent: mcp
  task_id: gsane_fetch_compressed_memory
  duration_ms: 0
  trust_score: null
  details: "query=master"
- timestamp: 2026-04-10T23:51:32.507694
  session_id: mcp
  event: tool_invoked
  agent: mcp
  task_id: gsane_read_checkpoint
  duration_ms: 0
  trust_score: null
  details: "warm session read"
- timestamp: 2026-04-11T00:03:19.906221
  session_id: mcp
  event: tool_invoked
  agent: mcp
  task_id: gsane_read_canonical_brief
  duration_ms: 0
  trust_score: null
  details: "canonical human brief"
- timestamp: 2026-04-11T00:03:19.914028
  session_id: mcp
  event: tool_invoked
  agent: mcp
  task_id: gsane_read_active_delivery_contract
  duration_ms: 0
  trust_score: null
  details: "active delivery contract"
- timestamp: 2026-04-11T00:03:19.921326
  session_id: mcp
  event: tool_invoked
  agent: mcp
  task_id: gsane_read_project_snapshot
  duration_ms: 0
  trust_score: null
  details: "canonical project snapshot"
- timestamp: 2026-04-11T00:03:19.949155
  session_id: mcp
  event: tool_invoked
  agent: mcp
  task_id: gsane_fetch_compressed_memory
  duration_ms: 0
  trust_score: null
  details: "query=master"
- timestamp: 2026-04-11T00:03:19.962408
  session_id: mcp
  event: tool_invoked
  agent: mcp
  task_id: gsane_fetch_compressed_memory
  duration_ms: 0
  trust_score: null
  details: "query=xyzzy_query_that_does_not_exist_12345"
- timestamp: 2026-04-11T00:03:19.975532
  session_id: mcp
  event: tool_invoked
  agent: mcp
  task_id: gsane_fetch_compressed_memory
  duration_ms: 0
  trust_score: null
  details: "query=agent"
- timestamp: 2026-04-11T00:03:19.989111
  session_id: mcp
  event: tool_invoked
  agent: mcp
  task_id: gsane_write_session_checkpoint
  duration_ms: 0
  trust_score: null
  details: "exchange=999"
- timestamp: 2026-04-11T00:03:19.991955
  session_id: mcp
  event: tool_invoked
  agent: mcp
  task_id: gsane_write_session_checkpoint
  duration_ms: 0
  trust_score: null
  details: "exchange=998"
- timestamp: 2026-04-11T00:03:19.994062
  session_id: mcp
  event: tool_invoked
  agent: mcp
  task_id: gsane_read_checkpoint
  duration_ms: 0
  trust_score: null
  details: "warm session read"
- timestamp: 2026-04-11T00:03:19.996305
  session_id: mcp
  event: tool_invoked
  agent: mcp
  task_id: gsane_read_checkpoint
  duration_ms: 0
  trust_score: null
  details: "warm session read"
- timestamp: 2026-04-11T00:03:19.998771
  session_id: mcp
  event: tool_invoked
  agent: mcp
  task_id: gsane_route
  duration_ms: 0
  trust_score: null
  details: "query=implement a new feature"
- timestamp: 2026-04-11T00:03:20.019852
  session_id: mcp
  event: tool_invoked
  agent: mcp
  task_id: gsane_route
  duration_ms: 0
  trust_score: null
  details: "query=design a scalable architecture for the API"
- timestamp: 2026-04-11T00:03:20.040562
  session_id: mcp
  event: tool_invoked
  agent: mcp
  task_id: gsane_route
  duration_ms: 0
  trust_score: null
  details: "query=implement this with test-driven development"
- timestamp: 2026-04-11T00:03:20.061420
  session_id: mcp
  event: tool_invoked
  agent: mcp
  task_id: gsane_route
  duration_ms: 0
  trust_score: null
  details: "query=security hardening for auth tokens and filesystem access"
- timestamp: 2026-04-11T00:03:20.070771
  session_id: mcp
  event: tool_invoked
  agent: mcp
  task_id: gsane_route
  duration_ms: 0
  trust_score: null
  details: "query=security review for GSANE MCP sandbox guardrail policy"
- timestamp: 2026-04-11T00:03:20.083738
  session_id: mcp
  event: tool_invoked
  agent: mcp
  task_id: gsane_route
  duration_ms: 0
  trust_score: null
  details: "query=test query"
- timestamp: 2026-04-11T00:03:20.085346
  session_id: mcp
  event: tool_invoked
  agent: mcp
  task_id: gsane_route
  duration_ms: 0
  trust_score: null
  details: "query=test my architecture idea"
- timestamp: 2026-04-11T00:03:20.105797
  session_id: mcp
  event: tool_invoked
  agent: mcp
  task_id: gsane_route
  duration_ms: 0
  trust_score: null
  details: "query=code architecture is broken"
- timestamp: 2026-04-11T00:03:20.126255
  session_id: mcp
  event: tool_invoked
  agent: mcp
  task_id: gsane_route
  duration_ms: 0
  trust_score: null
  details: "query=bonjour, help me"
- timestamp: 2026-04-11T00:03:20.146560
  session_id: mcp
  event: tool_invoked
  agent: mcp
  task_id: gsane_route
  duration_ms: 0
  trust_score: null
  details: "query=implement a new feature"
- timestamp: 2026-04-11T00:03:20.167272
  session_id: mcp
  event: tool_invoked
  agent: mcp
  task_id: gsane_trace_report
  duration_ms: 0
  trust_score: null
  details: ""
- timestamp: 2026-04-11T00:03:20.783943
  session_id: mcp
  event: tool_invoked
  agent: mcp
  task_id: gsane_memory_fetch
  duration_ms: 0
  trust_score: null
  details: "agent=master topic="
- timestamp: 2026-04-11T00:03:20.794658
  session_id: mcp
  event: tool_invoked
  agent: mcp
  task_id: gsane_memory_fetch
  duration_ms: 0
  trust_score: null
  details: "agent=agent_xyz_unknown_12345 topic="
- timestamp: 2026-04-11T00:03:20.803538
  session_id: mcp
  event: tool_invoked
  agent: mcp
  task_id: gsane_memory_fetch
  duration_ms: 0
  trust_score: null
  details: "agent=master topic=leçon"
- timestamp: 2026-04-11T00:03:20.813201
  session_id: mcp
  event: tool_invoked
  agent: mcp
  task_id: gsane_memory_fetch
  duration_ms: 0
  trust_score: null
  details: "agent=..\\master topic="
- timestamp: 2026-04-11T00:03:21.443179
  session_id: mcp
  event: tool_invoked
  agent: mcp
  task_id: gsane_search_memory
  duration_ms: 0
  trust_score: null
  details: "query=agent scope=all"
- timestamp: 2026-04-11T00:03:21.456278
  session_id: mcp
  event: tool_invoked
  agent: mcp
  task_id: gsane_search_memory
  duration_ms: 0
  trust_score: null
  details: "query=xyz_inexistant_99999 scope=all"
- timestamp: 2026-04-11T00:03:21.469212
  session_id: mcp
  event: tool_invoked
  agent: mcp
  task_id: gsane_search_memory
  duration_ms: 0
  trust_score: null
  details: "query=FM- scope=failures"
- timestamp: 2026-04-11T00:03:21.482264
  session_id: mcp
  event: tool_invoked
  agent: mcp
  task_id: gsane_search_memory
  duration_ms: 0
  trust_score: null
  details: "query=DL- scope=decisions"
- timestamp: 2026-04-11T00:03:21.495078
  session_id: mcp
  event: tool_invoked
  agent: mcp
  task_id: gsane_search_memory
  duration_ms: 0
  trust_score: null
  details: "query=Session scope=sessions"
- timestamp: 2026-04-11T00:03:21.508350
  session_id: mcp
  event: tool_invoked
  agent: mcp
  task_id: gsane_search_memory
  duration_ms: 0
  trust_score: null
  details: "query=a scope=all"
- timestamp: 2026-04-11T00:03:21.521778
  session_id: mcp
  event: tool_invoked
  agent: mcp
  task_id: gsane_emit_event
  duration_ms: 0
  trust_score: null
  details: "type=qa_gate_passed agent=Quinn"
- timestamp: 2026-04-11T00:03:21.522659
  session_id: mcp
  event: qa_gate_passed
  agent: Quinn
  task_id: custom_event
  duration_ms: 0
  trust_score: null
  details: "{\"tests\": 155}"
- timestamp: 2026-04-11T00:03:21.524114
  session_id: mcp
  event: tool_invoked
  agent: mcp
  task_id: gsane_emit_event
  duration_ms: 0
  trust_score: null
  details: "type=custom_weird_event agent=TestAgent"
- timestamp: 2026-04-11T00:03:21.524935
  session_id: mcp
  event: custom_weird_event
  agent: TestAgent
  task_id: custom_event
  duration_ms: 0
  trust_score: null
  details: "{\"foo\": \"bar\"}"
- timestamp: 2026-04-11T00:03:21.526357
  session_id: mcp
  event: tool_invoked
  agent: mcp
  task_id: gsane_emit_event
  duration_ms: 0
  trust_score: null
  details: "type=session_milestone agent=Langis"
- timestamp: 2026-04-11T00:03:21.527159
  session_id: mcp
  event: session_milestone
  agent: Langis
  task_id: P5-C-test
  duration_ms: 0
  trust_score: null
  details: "{\"milestone\": \"P5-test\"}"
- timestamp: 2026-04-11T00:03:22.143057
  session_id: mcp
  event: tool_invoked
  agent: mcp
  task_id: gsane_emit_event
  duration_ms: 0
  trust_score: null
  details: "type=delivery_contract_created agent=Langis"
- timestamp: 2026-04-11T00:03:22.143957
  session_id: mcp
  event: delivery_contract_created
  agent: Langis
  task_id: DC-TEST-001
  duration_ms: 0
  trust_score: null
  details: "{}"
- timestamp: 2026-04-11T00:03:22.145560
  session_id: mcp
  event: tool_invoked
  agent: mcp
  task_id: gsane_emit_event
  duration_ms: 0
  trust_score: null
  details: "type=qa_gate_passed agent=Quinn"
- timestamp: 2026-04-11T00:03:22.146458
  session_id: mcp
  event: qa_gate_passed
  agent: Quinn
  task_id: custom_event
  duration_ms: 0
  trust_score: null
  details: "{}"
- timestamp: 2026-04-11T00:03:22.147874
  session_id: mcp
  event: tool_invoked
  agent: mcp
  task_id: gsane_emit_event
  duration_ms: 0
  trust_score: null
  details: "type=delivery_contract_created agent=TestAgent"
- timestamp: 2026-04-11T00:03:22.148757
  session_id: mcp
  event: delivery_contract_created
  agent: TestAgent
  task_id: custom_event
  duration_ms: 0
  trust_score: null
  details: "{\"test\": true}"
- timestamp: 2026-04-11T00:03:22.149488
  session_id: mcp
  event: tool_invoked
  agent: mcp
  task_id: gsane_emit_event
  duration_ms: 0
  trust_score: null
  details: "type=delivery_contract_approved agent=TestAgent"
- timestamp: 2026-04-11T00:03:22.150392
  session_id: mcp
  event: delivery_contract_approved
  agent: TestAgent
  task_id: custom_event
  duration_ms: 0
  trust_score: null
  details: "{\"test\": true}"
- timestamp: 2026-04-11T00:03:22.151135
  session_id: mcp
  event: tool_invoked
  agent: mcp
  task_id: gsane_emit_event
  duration_ms: 0
  trust_score: null
  details: "type=qa_gate_passed agent=TestAgent"
- timestamp: 2026-04-11T00:03:22.151954
  session_id: mcp
  event: qa_gate_passed
  agent: TestAgent
  task_id: custom_event
  duration_ms: 0
  trust_score: null
  details: "{\"test\": true}"
- timestamp: 2026-04-11T00:03:22.152662
  session_id: mcp
  event: tool_invoked
  agent: mcp
  task_id: gsane_emit_event
  duration_ms: 0
  trust_score: null
  details: "type=qa_gate_failed agent=TestAgent"
- timestamp: 2026-04-11T00:03:22.153492
  session_id: mcp
  event: qa_gate_failed
  agent: TestAgent
  task_id: custom_event
  duration_ms: 0
  trust_score: null
  details: "{\"test\": true}"
- timestamp: 2026-04-11T00:03:22.154217
  session_id: mcp
  event: tool_invoked
  agent: mcp
  task_id: gsane_emit_event
  duration_ms: 0
  trust_score: null
  details: "type=handoff_initiated agent=TestAgent"
- timestamp: 2026-04-11T00:03:22.155021
  session_id: mcp
  event: handoff_initiated
  agent: TestAgent
  task_id: custom_event
  duration_ms: 0
  trust_score: null
  details: "{\"test\": true}"
- timestamp: 2026-04-11T00:03:22.155749
  session_id: mcp
  event: tool_invoked
  agent: mcp
  task_id: gsane_emit_event
  duration_ms: 0
  trust_score: null
  details: "type=session_milestone agent=TestAgent"
- timestamp: 2026-04-11T00:03:22.156559
  session_id: mcp
  event: session_milestone
  agent: TestAgent
  task_id: custom_event
  duration_ms: 0
  trust_score: null
  details: "{\"test\": true}"
- timestamp: 2026-04-11T00:03:22.157267
  session_id: mcp
  event: tool_invoked
  agent: mcp
  task_id: gsane_emit_event
  duration_ms: 0
  trust_score: null
  details: "type=challenge_issued agent=TestAgent"
- timestamp: 2026-04-11T00:03:22.158073
  session_id: mcp
  event: challenge_issued
  agent: TestAgent
  task_id: custom_event
  duration_ms: 0
  trust_score: null
  details: "{\"test\": true}"
- timestamp: 2026-04-11T00:03:22.158822
  session_id: mcp
  event: tool_invoked
  agent: mcp
  task_id: gsane_emit_event
  duration_ms: 0
  trust_score: null
  details: "type=challenge_resolved agent=TestAgent"
- timestamp: 2026-04-11T00:03:22.159992
  session_id: mcp
  event: challenge_resolved
  agent: TestAgent
  task_id: custom_event
  duration_ms: 0
  trust_score: null
  details: "{\"test\": true}"
- timestamp: 2026-04-11T00:03:22.160887
  session_id: mcp
  event: tool_invoked
  agent: mcp
  task_id: gsane_emit_event
  duration_ms: 0
  trust_score: null
  details: "type=challenge_overruled agent=TestAgent"
- timestamp: 2026-04-11T00:03:22.161712
  session_id: mcp
  event: challenge_overruled
  agent: TestAgent
  task_id: custom_event
  duration_ms: 0
  trust_score: null
  details: "{\"test\": true}"
- timestamp: 2026-04-11T00:03:22.162434
  session_id: mcp
  event: tool_invoked
  agent: mcp
  task_id: gsane_emit_event
  duration_ms: 0
  trust_score: null
  details: "type=challenge_accepted agent=TestAgent"
- timestamp: 2026-04-11T00:03:22.163239
  session_id: mcp
  event: challenge_accepted
  agent: TestAgent
  task_id: custom_event
  duration_ms: 0
  trust_score: null
  details: "{\"test\": true}"
- timestamp: 2026-04-11T00:03:22.227574
  session_id: mcp
  event: tool_invoked
  agent: mcp
  task_id: gsane_route
  duration_ms: 0
  trust_score: null
  details: "query=implement a new feature"
- timestamp: 2026-04-11T00:03:22.277908
  session_id: mcp
  event: tool_invoked
  agent: mcp
  task_id: gsane_fetch_compressed_memory
  duration_ms: 0
  trust_score: null
  details: "query=master"
- timestamp: 2026-04-11T00:03:22.295102
  session_id: mcp
  event: tool_invoked
  agent: mcp
  task_id: gsane_read_checkpoint
  duration_ms: 0
  trust_score: null
  details: "warm session read"
- timestamp: 2026-04-11T00:04:03.492461
  session_id: mcp
  event: tool_invoked
  agent: mcp
  task_id: gsane_read_canonical_brief
  duration_ms: 0
  trust_score: null
  details: "canonical human brief"
- timestamp: 2026-04-11T00:04:03.500118
  session_id: mcp
  event: tool_invoked
  agent: mcp
  task_id: gsane_read_active_delivery_contract
  duration_ms: 0
  trust_score: null
  details: "active delivery contract"
- timestamp: 2026-04-11T00:04:03.507248
  session_id: mcp
  event: tool_invoked
  agent: mcp
  task_id: gsane_read_project_snapshot
  duration_ms: 0
  trust_score: null
  details: "canonical project snapshot"
- timestamp: 2026-04-11T00:04:03.535753
  session_id: mcp
  event: tool_invoked
  agent: mcp
  task_id: gsane_fetch_compressed_memory
  duration_ms: 0
  trust_score: null
  details: "query=master"
- timestamp: 2026-04-11T00:04:03.549507
  session_id: mcp
  event: tool_invoked
  agent: mcp
  task_id: gsane_fetch_compressed_memory
  duration_ms: 0
  trust_score: null
  details: "query=xyzzy_query_that_does_not_exist_12345"
- timestamp: 2026-04-11T00:04:03.562471
  session_id: mcp
  event: tool_invoked
  agent: mcp
  task_id: gsane_fetch_compressed_memory
  duration_ms: 0
  trust_score: null
  details: "query=agent"
- timestamp: 2026-04-11T00:04:03.575841
  session_id: mcp
  event: tool_invoked
  agent: mcp
  task_id: gsane_write_session_checkpoint
  duration_ms: 0
  trust_score: null
  details: "exchange=999"
- timestamp: 2026-04-11T00:04:03.578607
  session_id: mcp
  event: tool_invoked
  agent: mcp
  task_id: gsane_write_session_checkpoint
  duration_ms: 0
  trust_score: null
  details: "exchange=998"
- timestamp: 2026-04-11T00:04:03.580744
  session_id: mcp
  event: tool_invoked
  agent: mcp
  task_id: gsane_read_checkpoint
  duration_ms: 0
  trust_score: null
  details: "warm session read"
- timestamp: 2026-04-11T00:04:03.583012
  session_id: mcp
  event: tool_invoked
  agent: mcp
  task_id: gsane_read_checkpoint
  duration_ms: 0
  trust_score: null
  details: "warm session read"
- timestamp: 2026-04-11T00:04:03.585188
  session_id: mcp
  event: tool_invoked
  agent: mcp
  task_id: gsane_route
  duration_ms: 0
  trust_score: null
  details: "query=implement a new feature"
- timestamp: 2026-04-11T00:04:03.605593
  session_id: mcp
  event: tool_invoked
  agent: mcp
  task_id: gsane_route
  duration_ms: 0
  trust_score: null
  details: "query=design a scalable architecture for the API"
- timestamp: 2026-04-11T00:04:03.626323
  session_id: mcp
  event: tool_invoked
  agent: mcp
  task_id: gsane_route
  duration_ms: 0
  trust_score: null
  details: "query=implement this with test-driven development"
- timestamp: 2026-04-11T00:04:03.646915
  session_id: mcp
  event: tool_invoked
  agent: mcp
  task_id: gsane_route
  duration_ms: 0
  trust_score: null
  details: "query=security hardening for auth tokens and filesystem access"
- timestamp: 2026-04-11T00:04:03.656461
  session_id: mcp
  event: tool_invoked
  agent: mcp
  task_id: gsane_route
  duration_ms: 0
  trust_score: null
  details: "query=security review for GSANE MCP sandbox guardrail policy"
- timestamp: 2026-04-11T00:04:03.669111
  session_id: mcp
  event: tool_invoked
  agent: mcp
  task_id: gsane_route
  duration_ms: 0
  trust_score: null
  details: "query=test query"
- timestamp: 2026-04-11T00:04:03.670712
  session_id: mcp
  event: tool_invoked
  agent: mcp
  task_id: gsane_route
  duration_ms: 0
  trust_score: null
  details: "query=test my architecture idea"
- timestamp: 2026-04-11T00:04:03.696579
  session_id: mcp
  event: tool_invoked
  agent: mcp
  task_id: gsane_route
  duration_ms: 0
  trust_score: null
  details: "query=code architecture is broken"
- timestamp: 2026-04-11T00:04:03.742982
  session_id: mcp
  event: tool_invoked
  agent: mcp
  task_id: gsane_route
  duration_ms: 0
  trust_score: null
  details: "query=bonjour, help me"
- timestamp: 2026-04-11T00:04:03.767684
  session_id: mcp
  event: tool_invoked
  agent: mcp
  task_id: gsane_route
  duration_ms: 0
  trust_score: null
  details: "query=implement a new feature"
- timestamp: 2026-04-11T00:04:03.787940
  session_id: mcp
  event: tool_invoked
  agent: mcp
  task_id: gsane_trace_report
  duration_ms: 0
  trust_score: null
  details: ""
- timestamp: 2026-04-11T00:04:04.424336
  session_id: mcp
  event: tool_invoked
  agent: mcp
  task_id: gsane_memory_fetch
  duration_ms: 0
  trust_score: null
  details: "agent=master topic="
- timestamp: 2026-04-11T00:04:04.434159
  session_id: mcp
  event: tool_invoked
  agent: mcp
  task_id: gsane_memory_fetch
  duration_ms: 0
  trust_score: null
  details: "agent=agent_xyz_unknown_12345 topic="
- timestamp: 2026-04-11T00:04:04.443414
  session_id: mcp
  event: tool_invoked
  agent: mcp
  task_id: gsane_memory_fetch
  duration_ms: 0
  trust_score: null
  details: "agent=master topic=leçon"
- timestamp: 2026-04-11T00:04:04.453314
  session_id: mcp
  event: tool_invoked
  agent: mcp
  task_id: gsane_memory_fetch
  duration_ms: 0
  trust_score: null
  details: "agent=..\\master topic="
- timestamp: 2026-04-11T00:04:05.170371
  session_id: mcp
  event: tool_invoked
  agent: mcp
  task_id: gsane_search_memory
  duration_ms: 0
  trust_score: null
  details: "query=agent scope=all"
- timestamp: 2026-04-11T00:04:05.183947
  session_id: mcp
  event: tool_invoked
  agent: mcp
  task_id: gsane_search_memory
  duration_ms: 0
  trust_score: null
  details: "query=xyz_inexistant_99999 scope=all"
- timestamp: 2026-04-11T00:04:05.198224
  session_id: mcp
  event: tool_invoked
  agent: mcp
  task_id: gsane_search_memory
  duration_ms: 0
  trust_score: null
  details: "query=FM- scope=failures"
- timestamp: 2026-04-11T00:04:05.211999
  session_id: mcp
  event: tool_invoked
  agent: mcp
  task_id: gsane_search_memory
  duration_ms: 0
  trust_score: null
  details: "query=DL- scope=decisions"
- timestamp: 2026-04-11T00:04:05.225594
  session_id: mcp
  event: tool_invoked
  agent: mcp
  task_id: gsane_search_memory
  duration_ms: 0
  trust_score: null
  details: "query=Session scope=sessions"
- timestamp: 2026-04-11T00:04:05.239328
  session_id: mcp
  event: tool_invoked
  agent: mcp
  task_id: gsane_search_memory
  duration_ms: 0
  trust_score: null
  details: "query=a scope=all"
- timestamp: 2026-04-11T00:04:05.252783
  session_id: mcp
  event: tool_invoked
  agent: mcp
  task_id: gsane_emit_event
  duration_ms: 0
  trust_score: null
  details: "type=qa_gate_passed agent=Quinn"
- timestamp: 2026-04-11T00:04:05.253727
  session_id: mcp
  event: qa_gate_passed
  agent: Quinn
  task_id: custom_event
  duration_ms: 0
  trust_score: null
  details: "{\"tests\": 155}"
- timestamp: 2026-04-11T00:04:05.255156
  session_id: mcp
  event: tool_invoked
  agent: mcp
  task_id: gsane_emit_event
  duration_ms: 0
  trust_score: null
  details: "type=custom_weird_event agent=TestAgent"
- timestamp: 2026-04-11T00:04:05.255985
  session_id: mcp
  event: custom_weird_event
  agent: TestAgent
  task_id: custom_event
  duration_ms: 0
  trust_score: null
  details: "{\"foo\": \"bar\"}"
- timestamp: 2026-04-11T00:04:05.257374
  session_id: mcp
  event: tool_invoked
  agent: mcp
  task_id: gsane_emit_event
  duration_ms: 0
  trust_score: null
  details: "type=session_milestone agent=Langis"
- timestamp: 2026-04-11T00:04:05.258243
  session_id: mcp
  event: session_milestone
  agent: Langis
  task_id: P5-C-test
  duration_ms: 0
  trust_score: null
  details: "{\"milestone\": \"P5-test\"}"
- timestamp: 2026-04-11T00:04:05.888127
  session_id: mcp
  event: tool_invoked
  agent: mcp
  task_id: gsane_emit_event
  duration_ms: 0
  trust_score: null
  details: "type=delivery_contract_created agent=Langis"
- timestamp: 2026-04-11T00:04:05.889048
  session_id: mcp
  event: delivery_contract_created
  agent: Langis
  task_id: DC-TEST-001
  duration_ms: 0
  trust_score: null
  details: "{}"
- timestamp: 2026-04-11T00:04:05.890701
  session_id: mcp
  event: tool_invoked
  agent: mcp
  task_id: gsane_emit_event
  duration_ms: 0
  trust_score: null
  details: "type=qa_gate_passed agent=Quinn"
- timestamp: 2026-04-11T00:04:05.891672
  session_id: mcp
  event: qa_gate_passed
  agent: Quinn
  task_id: custom_event
  duration_ms: 0
  trust_score: null
  details: "{}"
- timestamp: 2026-04-11T00:04:05.893226
  session_id: mcp
  event: tool_invoked
  agent: mcp
  task_id: gsane_emit_event
  duration_ms: 0
  trust_score: null
  details: "type=delivery_contract_created agent=TestAgent"
- timestamp: 2026-04-11T00:04:05.894104
  session_id: mcp
  event: delivery_contract_created
  agent: TestAgent
  task_id: custom_event
  duration_ms: 0
  trust_score: null
  details: "{\"test\": true}"
- timestamp: 2026-04-11T00:04:05.894836
  session_id: mcp
  event: tool_invoked
  agent: mcp
  task_id: gsane_emit_event
  duration_ms: 0
  trust_score: null
  details: "type=delivery_contract_approved agent=TestAgent"
- timestamp: 2026-04-11T00:04:05.895651
  session_id: mcp
  event: delivery_contract_approved
  agent: TestAgent
  task_id: custom_event
  duration_ms: 0
  trust_score: null
  details: "{\"test\": true}"
- timestamp: 2026-04-11T00:04:05.896383
  session_id: mcp
  event: tool_invoked
  agent: mcp
  task_id: gsane_emit_event
  duration_ms: 0
  trust_score: null
  details: "type=qa_gate_passed agent=TestAgent"
- timestamp: 2026-04-11T00:04:05.897215
  session_id: mcp
  event: qa_gate_passed
  agent: TestAgent
  task_id: custom_event
  duration_ms: 0
  trust_score: null
  details: "{\"test\": true}"
- timestamp: 2026-04-11T00:04:05.897932
  session_id: mcp
  event: tool_invoked
  agent: mcp
  task_id: gsane_emit_event
  duration_ms: 0
  trust_score: null
  details: "type=qa_gate_failed agent=TestAgent"
- timestamp: 2026-04-11T00:04:05.898767
  session_id: mcp
  event: qa_gate_failed
  agent: TestAgent
  task_id: custom_event
  duration_ms: 0
  trust_score: null
  details: "{\"test\": true}"
- timestamp: 2026-04-11T00:04:05.899475
  session_id: mcp
  event: tool_invoked
  agent: mcp
  task_id: gsane_emit_event
  duration_ms: 0
  trust_score: null
  details: "type=handoff_initiated agent=TestAgent"
- timestamp: 2026-04-11T00:04:05.900297
  session_id: mcp
  event: handoff_initiated
  agent: TestAgent
  task_id: custom_event
  duration_ms: 0
  trust_score: null
  details: "{\"test\": true}"
- timestamp: 2026-04-11T00:04:05.901066
  session_id: mcp
  event: tool_invoked
  agent: mcp
  task_id: gsane_emit_event
  duration_ms: 0
  trust_score: null
  details: "type=session_milestone agent=TestAgent"
- timestamp: 2026-04-11T00:04:05.901901
  session_id: mcp
  event: session_milestone
  agent: TestAgent
  task_id: custom_event
  duration_ms: 0
  trust_score: null
  details: "{\"test\": true}"
- timestamp: 2026-04-11T00:04:05.902630
  session_id: mcp
  event: tool_invoked
  agent: mcp
  task_id: gsane_emit_event
  duration_ms: 0
  trust_score: null
  details: "type=challenge_issued agent=TestAgent"
- timestamp: 2026-04-11T00:04:05.903435
  session_id: mcp
  event: challenge_issued
  agent: TestAgent
  task_id: custom_event
  duration_ms: 0
  trust_score: null
  details: "{\"test\": true}"
- timestamp: 2026-04-11T00:04:05.904179
  session_id: mcp
  event: tool_invoked
  agent: mcp
  task_id: gsane_emit_event
  duration_ms: 0
  trust_score: null
  details: "type=challenge_resolved agent=TestAgent"
- timestamp: 2026-04-11T00:04:05.904964
  session_id: mcp
  event: challenge_resolved
  agent: TestAgent
  task_id: custom_event
  duration_ms: 0
  trust_score: null
  details: "{\"test\": true}"
- timestamp: 2026-04-11T00:04:05.905664
  session_id: mcp
  event: tool_invoked
  agent: mcp
  task_id: gsane_emit_event
  duration_ms: 0
  trust_score: null
  details: "type=challenge_overruled agent=TestAgent"
- timestamp: 2026-04-11T00:04:05.906510
  session_id: mcp
  event: challenge_overruled
  agent: TestAgent
  task_id: custom_event
  duration_ms: 0
  trust_score: null
  details: "{\"test\": true}"
- timestamp: 2026-04-11T00:04:05.907246
  session_id: mcp
  event: tool_invoked
  agent: mcp
  task_id: gsane_emit_event
  duration_ms: 0
  trust_score: null
  details: "type=challenge_accepted agent=TestAgent"
- timestamp: 2026-04-11T00:04:05.908036
  session_id: mcp
  event: challenge_accepted
  agent: TestAgent
  task_id: custom_event
  duration_ms: 0
  trust_score: null
  details: "{\"test\": true}"
- timestamp: 2026-04-11T00:04:05.971852
  session_id: mcp
  event: tool_invoked
  agent: mcp
  task_id: gsane_route
  duration_ms: 0
  trust_score: null
  details: "query=implement a new feature"
- timestamp: 2026-04-11T00:04:06.022758
  session_id: mcp
  event: tool_invoked
  agent: mcp
  task_id: gsane_fetch_compressed_memory
  duration_ms: 0
  trust_score: null
  details: "query=master"
- timestamp: 2026-04-11T00:04:06.040398
  session_id: mcp
  event: tool_invoked
  agent: mcp
  task_id: gsane_read_checkpoint
  duration_ms: 0
  trust_score: null
  details: "warm session read"
- timestamp: 2026-04-11T00:04:43.779859
  session_id: mcp
  event: tool_invoked
  agent: mcp
  task_id: gsane_read_canonical_brief
  duration_ms: 0
  trust_score: null
  details: "canonical human brief"
- timestamp: 2026-04-11T00:04:43.788233
  session_id: mcp
  event: tool_invoked
  agent: mcp
  task_id: gsane_read_active_delivery_contract
  duration_ms: 0
  trust_score: null
  details: "active delivery contract"
- timestamp: 2026-04-11T00:04:43.795862
  session_id: mcp
  event: tool_invoked
  agent: mcp
  task_id: gsane_read_project_snapshot
  duration_ms: 0
  trust_score: null
  details: "canonical project snapshot"
- timestamp: 2026-04-11T00:04:43.824285
  session_id: mcp
  event: tool_invoked
  agent: mcp
  task_id: gsane_fetch_compressed_memory
  duration_ms: 0
  trust_score: null
  details: "query=master"
- timestamp: 2026-04-11T00:04:43.837453
  session_id: mcp
  event: tool_invoked
  agent: mcp
  task_id: gsane_fetch_compressed_memory
  duration_ms: 0
  trust_score: null
  details: "query=xyzzy_query_that_does_not_exist_12345"
- timestamp: 2026-04-11T00:04:43.850907
  session_id: mcp
  event: tool_invoked
  agent: mcp
  task_id: gsane_fetch_compressed_memory
  duration_ms: 0
  trust_score: null
  details: "query=agent"
- timestamp: 2026-04-11T00:04:43.864295
  session_id: mcp
  event: tool_invoked
  agent: mcp
  task_id: gsane_write_session_checkpoint
  duration_ms: 0
  trust_score: null
  details: "exchange=999"
- timestamp: 2026-04-11T00:04:43.867272
  session_id: mcp
  event: tool_invoked
  agent: mcp
  task_id: gsane_write_session_checkpoint
  duration_ms: 0
  trust_score: null
  details: "exchange=998"
- timestamp: 2026-04-11T00:04:43.869312
  session_id: mcp
  event: tool_invoked
  agent: mcp
  task_id: gsane_read_checkpoint
  duration_ms: 0
  trust_score: null
  details: "warm session read"
- timestamp: 2026-04-11T00:04:43.871503
  session_id: mcp
  event: tool_invoked
  agent: mcp
  task_id: gsane_read_checkpoint
  duration_ms: 0
  trust_score: null
  details: "warm session read"
- timestamp: 2026-04-11T00:04:43.873738
  session_id: mcp
  event: tool_invoked
  agent: mcp
  task_id: gsane_route
  duration_ms: 0
  trust_score: null
  details: "query=implement a new feature"
- timestamp: 2026-04-11T00:04:43.894423
  session_id: mcp
  event: tool_invoked
  agent: mcp
  task_id: gsane_route
  duration_ms: 0
  trust_score: null
  details: "query=design a scalable architecture for the API"
- timestamp: 2026-04-11T00:04:43.915223
  session_id: mcp
  event: tool_invoked
  agent: mcp
  task_id: gsane_route
  duration_ms: 0
  trust_score: null
  details: "query=implement this with test-driven development"
- timestamp: 2026-04-11T00:04:43.935752
  session_id: mcp
  event: tool_invoked
  agent: mcp
  task_id: gsane_route
  duration_ms: 0
  trust_score: null
  details: "query=security hardening for auth tokens and filesystem access"
- timestamp: 2026-04-11T00:04:43.944986
  session_id: mcp
  event: tool_invoked
  agent: mcp
  task_id: gsane_route
  duration_ms: 0
  trust_score: null
  details: "query=security review for GSANE MCP sandbox guardrail policy"
- timestamp: 2026-04-11T00:04:43.958137
  session_id: mcp
  event: tool_invoked
  agent: mcp
  task_id: gsane_route
  duration_ms: 0
  trust_score: null
  details: "query=test query"
- timestamp: 2026-04-11T00:04:43.959722
  session_id: mcp
  event: tool_invoked
  agent: mcp
  task_id: gsane_route
  duration_ms: 0
  trust_score: null
  details: "query=test my architecture idea"
- timestamp: 2026-04-11T00:04:43.980388
  session_id: mcp
  event: tool_invoked
  agent: mcp
  task_id: gsane_route
  duration_ms: 0
  trust_score: null
  details: "query=code architecture is broken"
- timestamp: 2026-04-11T00:04:44.001034
  session_id: mcp
  event: tool_invoked
  agent: mcp
  task_id: gsane_route
  duration_ms: 0
  trust_score: null
  details: "query=bonjour, help me"
- timestamp: 2026-04-11T00:04:44.021555
  session_id: mcp
  event: tool_invoked
  agent: mcp
  task_id: gsane_route
  duration_ms: 0
  trust_score: null
  details: "query=implement a new feature"
- timestamp: 2026-04-11T00:04:44.042036
  session_id: mcp
  event: tool_invoked
  agent: mcp
  task_id: gsane_trace_report
  duration_ms: 0
  trust_score: null
  details: ""
- timestamp: 2026-04-11T00:04:44.711816
  session_id: mcp
  event: tool_invoked
  agent: mcp
  task_id: gsane_memory_fetch
  duration_ms: 0
  trust_score: null
  details: "agent=master topic="
- timestamp: 2026-04-11T00:04:44.723202
  session_id: mcp
  event: tool_invoked
  agent: mcp
  task_id: gsane_memory_fetch
  duration_ms: 0
  trust_score: null
  details: "agent=agent_xyz_unknown_12345 topic="
- timestamp: 2026-04-11T00:04:44.732997
  session_id: mcp
  event: tool_invoked
  agent: mcp
  task_id: gsane_memory_fetch
  duration_ms: 0
  trust_score: null
  details: "agent=master topic=leçon"
- timestamp: 2026-04-11T00:04:44.742765
  session_id: mcp
  event: tool_invoked
  agent: mcp
  task_id: gsane_memory_fetch
  duration_ms: 0
  trust_score: null
  details: "agent=..\\master topic="
- timestamp: 2026-04-11T00:04:45.427097
  session_id: mcp
  event: tool_invoked
  agent: mcp
  task_id: gsane_search_memory
  duration_ms: 0
  trust_score: null
  details: "query=agent scope=all"
- timestamp: 2026-04-11T00:04:45.440128
  session_id: mcp
  event: tool_invoked
  agent: mcp
  task_id: gsane_search_memory
  duration_ms: 0
  trust_score: null
  details: "query=xyz_inexistant_99999 scope=all"
- timestamp: 2026-04-11T00:04:45.453051
  session_id: mcp
  event: tool_invoked
  agent: mcp
  task_id: gsane_search_memory
  duration_ms: 0
  trust_score: null
  details: "query=FM- scope=failures"
- timestamp: 2026-04-11T00:04:45.466032
  session_id: mcp
  event: tool_invoked
  agent: mcp
  task_id: gsane_search_memory
  duration_ms: 0
  trust_score: null
  details: "query=DL- scope=decisions"
- timestamp: 2026-04-11T00:04:45.478932
  session_id: mcp
  event: tool_invoked
  agent: mcp
  task_id: gsane_search_memory
  duration_ms: 0
  trust_score: null
  details: "query=Session scope=sessions"
- timestamp: 2026-04-11T00:04:45.491867
  session_id: mcp
  event: tool_invoked
  agent: mcp
  task_id: gsane_search_memory
  duration_ms: 0
  trust_score: null
  details: "query=a scope=all"
- timestamp: 2026-04-11T00:04:45.504788
  session_id: mcp
  event: tool_invoked
  agent: mcp
  task_id: gsane_emit_event
  duration_ms: 0
  trust_score: null
  details: "type=qa_gate_passed agent=Quinn"
- timestamp: 2026-04-11T00:04:45.505608
  session_id: mcp
  event: qa_gate_passed
  agent: Quinn
  task_id: custom_event
  duration_ms: 0
  trust_score: null
  details: "{\"tests\": 155}"
- timestamp: 2026-04-11T00:04:45.507090
  session_id: mcp
  event: tool_invoked
  agent: mcp
  task_id: gsane_emit_event
  duration_ms: 0
  trust_score: null
  details: "type=custom_weird_event agent=TestAgent"
- timestamp: 2026-04-11T00:04:45.508026
  session_id: mcp
  event: custom_weird_event
  agent: TestAgent
  task_id: custom_event
  duration_ms: 0
  trust_score: null
  details: "{\"foo\": \"bar\"}"
- timestamp: 2026-04-11T00:04:45.509504
  session_id: mcp
  event: tool_invoked
  agent: mcp
  task_id: gsane_emit_event
  duration_ms: 0
  trust_score: null
  details: "type=session_milestone agent=Langis"
- timestamp: 2026-04-11T00:04:45.510307
  session_id: mcp
  event: session_milestone
  agent: Langis
  task_id: P5-C-test
  duration_ms: 0
  trust_score: null
  details: "{\"milestone\": \"P5-test\"}"
- timestamp: 2026-04-11T00:04:46.210446
  session_id: mcp
  event: tool_invoked
  agent: mcp
  task_id: gsane_emit_event
  duration_ms: 0
  trust_score: null
  details: "type=delivery_contract_created agent=Langis"
- timestamp: 2026-04-11T00:04:46.211454
  session_id: mcp
  event: delivery_contract_created
  agent: Langis
  task_id: DC-TEST-001
  duration_ms: 0
  trust_score: null
  details: "{}"
- timestamp: 2026-04-11T00:04:46.212888
  session_id: mcp
  event: tool_invoked
  agent: mcp
  task_id: gsane_emit_event
  duration_ms: 0
  trust_score: null
  details: "type=qa_gate_passed agent=Quinn"
- timestamp: 2026-04-11T00:04:46.213859
  session_id: mcp
  event: qa_gate_passed
  agent: Quinn
  task_id: custom_event
  duration_ms: 0
  trust_score: null
  details: "{}"
- timestamp: 2026-04-11T00:04:46.215346
  session_id: mcp
  event: tool_invoked
  agent: mcp
  task_id: gsane_emit_event
  duration_ms: 0
  trust_score: null
  details: "type=delivery_contract_created agent=TestAgent"
- timestamp: 2026-04-11T00:04:46.216167
  session_id: mcp
  event: delivery_contract_created
  agent: TestAgent
  task_id: custom_event
  duration_ms: 0
  trust_score: null
  details: "{\"test\": true}"
- timestamp: 2026-04-11T00:04:46.216874
  session_id: mcp
  event: tool_invoked
  agent: mcp
  task_id: gsane_emit_event
  duration_ms: 0
  trust_score: null
  details: "type=delivery_contract_approved agent=TestAgent"
- timestamp: 2026-04-11T00:04:46.217692
  session_id: mcp
  event: delivery_contract_approved
  agent: TestAgent
  task_id: custom_event
  duration_ms: 0
  trust_score: null
  details: "{\"test\": true}"
- timestamp: 2026-04-11T00:04:46.218623
  session_id: mcp
  event: tool_invoked
  agent: mcp
  task_id: gsane_emit_event
  duration_ms: 0
  trust_score: null
  details: "type=qa_gate_passed agent=TestAgent"
- timestamp: 2026-04-11T00:04:46.219625
  session_id: mcp
  event: qa_gate_passed
  agent: TestAgent
  task_id: custom_event
  duration_ms: 0
  trust_score: null
  details: "{\"test\": true}"
- timestamp: 2026-04-11T00:04:46.220382
  session_id: mcp
  event: tool_invoked
  agent: mcp
  task_id: gsane_emit_event
  duration_ms: 0
  trust_score: null
  details: "type=qa_gate_failed agent=TestAgent"
- timestamp: 2026-04-11T00:04:46.221437
  session_id: mcp
  event: qa_gate_failed
  agent: TestAgent
  task_id: custom_event
  duration_ms: 0
  trust_score: null
  details: "{\"test\": true}"
- timestamp: 2026-04-11T00:04:46.222145
  session_id: mcp
  event: tool_invoked
  agent: mcp
  task_id: gsane_emit_event
  duration_ms: 0
  trust_score: null
  details: "type=handoff_initiated agent=TestAgent"
- timestamp: 2026-04-11T00:04:46.223017
  session_id: mcp
  event: handoff_initiated
  agent: TestAgent
  task_id: custom_event
  duration_ms: 0
  trust_score: null
  details: "{\"test\": true}"
- timestamp: 2026-04-11T00:04:46.223720
  session_id: mcp
  event: tool_invoked
  agent: mcp
  task_id: gsane_emit_event
  duration_ms: 0
  trust_score: null
  details: "type=session_milestone agent=TestAgent"
- timestamp: 2026-04-11T00:04:46.224500
  session_id: mcp
  event: session_milestone
  agent: TestAgent
  task_id: custom_event
  duration_ms: 0
  trust_score: null
  details: "{\"test\": true}"
- timestamp: 2026-04-11T00:04:46.225186
  session_id: mcp
  event: tool_invoked
  agent: mcp
  task_id: gsane_emit_event
  duration_ms: 0
  trust_score: null
  details: "type=challenge_issued agent=TestAgent"
- timestamp: 2026-04-11T00:04:46.226077
  session_id: mcp
  event: challenge_issued
  agent: TestAgent
  task_id: custom_event
  duration_ms: 0
  trust_score: null
  details: "{\"test\": true}"
- timestamp: 2026-04-11T00:04:46.227073
  session_id: mcp
  event: tool_invoked
  agent: mcp
  task_id: gsane_emit_event
  duration_ms: 0
  trust_score: null
  details: "type=challenge_resolved agent=TestAgent"
- timestamp: 2026-04-11T00:04:46.227897
  session_id: mcp
  event: challenge_resolved
  agent: TestAgent
  task_id: custom_event
  duration_ms: 0
  trust_score: null
  details: "{\"test\": true}"
- timestamp: 2026-04-11T00:04:46.228617
  session_id: mcp
  event: tool_invoked
  agent: mcp
  task_id: gsane_emit_event
  duration_ms: 0
  trust_score: null
  details: "type=challenge_overruled agent=TestAgent"
- timestamp: 2026-04-11T00:04:46.229448
  session_id: mcp
  event: challenge_overruled
  agent: TestAgent
  task_id: custom_event
  duration_ms: 0
  trust_score: null
  details: "{\"test\": true}"
- timestamp: 2026-04-11T00:04:46.230169
  session_id: mcp
  event: tool_invoked
  agent: mcp
  task_id: gsane_emit_event
  duration_ms: 0
  trust_score: null
  details: "type=challenge_accepted agent=TestAgent"
- timestamp: 2026-04-11T00:04:46.231021
  session_id: mcp
  event: challenge_accepted
  agent: TestAgent
  task_id: custom_event
  duration_ms: 0
  trust_score: null
  details: "{\"test\": true}"
- timestamp: 2026-04-11T00:04:46.296178
  session_id: mcp
  event: tool_invoked
  agent: mcp
  task_id: gsane_route
  duration_ms: 0
  trust_score: null
  details: "query=implement a new feature"
- timestamp: 2026-04-11T00:04:46.347014
  session_id: mcp
  event: tool_invoked
  agent: mcp
  task_id: gsane_fetch_compressed_memory
  duration_ms: 0
  trust_score: null
  details: "query=master"
- timestamp: 2026-04-11T00:04:46.365424
  session_id: mcp
  event: tool_invoked
  agent: mcp
  task_id: gsane_read_checkpoint
  duration_ms: 0
  trust_score: null
  details: "warm session read"
- timestamp: 2026-04-11T00:05:03.605779
  session_id: mcp
  event: tool_invoked
  agent: mcp
  task_id: gsane_read_canonical_brief
  duration_ms: 0
  trust_score: null
  details: "canonical human brief"
- timestamp: 2026-04-11T00:05:03.615403
  session_id: mcp
  event: tool_invoked
  agent: mcp
  task_id: gsane_read_active_delivery_contract
  duration_ms: 0
  trust_score: null
  details: "active delivery contract"
- timestamp: 2026-04-11T00:05:03.622910
  session_id: mcp
  event: tool_invoked
  agent: mcp
  task_id: gsane_read_project_snapshot
  duration_ms: 0
  trust_score: null
  details: "canonical project snapshot"
- timestamp: 2026-04-11T00:05:03.652449
  session_id: mcp
  event: tool_invoked
  agent: mcp
  task_id: gsane_fetch_compressed_memory
  duration_ms: 0
  trust_score: null
  details: "query=master"
- timestamp: 2026-04-11T00:05:03.666966
  session_id: mcp
  event: tool_invoked
  agent: mcp
  task_id: gsane_fetch_compressed_memory
  duration_ms: 0
  trust_score: null
  details: "query=xyzzy_query_that_does_not_exist_12345"
- timestamp: 2026-04-11T00:05:03.680016
  session_id: mcp
  event: tool_invoked
  agent: mcp
  task_id: gsane_fetch_compressed_memory
  duration_ms: 0
  trust_score: null
  details: "query=agent"
- timestamp: 2026-04-11T00:05:03.693411
  session_id: mcp
  event: tool_invoked
  agent: mcp
  task_id: gsane_write_session_checkpoint
  duration_ms: 0
  trust_score: null
  details: "exchange=999"
- timestamp: 2026-04-11T00:05:03.696124
  session_id: mcp
  event: tool_invoked
  agent: mcp
  task_id: gsane_write_session_checkpoint
  duration_ms: 0
  trust_score: null
  details: "exchange=998"
- timestamp: 2026-04-11T00:05:03.698253
  session_id: mcp
  event: tool_invoked
  agent: mcp
  task_id: gsane_read_checkpoint
  duration_ms: 0
  trust_score: null
  details: "warm session read"
- timestamp: 2026-04-11T00:05:03.700395
  session_id: mcp
  event: tool_invoked
  agent: mcp
  task_id: gsane_read_checkpoint
  duration_ms: 0
  trust_score: null
  details: "warm session read"
- timestamp: 2026-04-11T00:05:03.702770
  session_id: mcp
  event: tool_invoked
  agent: mcp
  task_id: gsane_route
  duration_ms: 0
  trust_score: null
  details: "query=implement a new feature"
- timestamp: 2026-04-11T00:05:03.723827
  session_id: mcp
  event: tool_invoked
  agent: mcp
  task_id: gsane_route
  duration_ms: 0
  trust_score: null
  details: "query=design a scalable architecture for the API"
- timestamp: 2026-04-11T00:05:03.744442
  session_id: mcp
  event: tool_invoked
  agent: mcp
  task_id: gsane_route
  duration_ms: 0
  trust_score: null
  details: "query=implement this with test-driven development"
- timestamp: 2026-04-11T00:05:03.765008
  session_id: mcp
  event: tool_invoked
  agent: mcp
  task_id: gsane_route
  duration_ms: 0
  trust_score: null
  details: "query=security hardening for auth tokens and filesystem access"
- timestamp: 2026-04-11T00:05:03.774585
  session_id: mcp
  event: tool_invoked
  agent: mcp
  task_id: gsane_route
  duration_ms: 0
  trust_score: null
  details: "query=security review for GSANE MCP sandbox guardrail policy"
- timestamp: 2026-04-11T00:05:03.787250
  session_id: mcp
  event: tool_invoked
  agent: mcp
  task_id: gsane_route
  duration_ms: 0
  trust_score: null
  details: "query=test query"
- timestamp: 2026-04-11T00:05:03.788836
  session_id: mcp
  event: tool_invoked
  agent: mcp
  task_id: gsane_route
  duration_ms: 0
  trust_score: null
  details: "query=test my architecture idea"
- timestamp: 2026-04-11T00:05:03.810650
  session_id: mcp
  event: tool_invoked
  agent: mcp
  task_id: gsane_route
  duration_ms: 0
  trust_score: null
  details: "query=code architecture is broken"
- timestamp: 2026-04-11T00:05:03.830958
  session_id: mcp
  event: tool_invoked
  agent: mcp
  task_id: gsane_route
  duration_ms: 0
  trust_score: null
  details: "query=bonjour, help me"
- timestamp: 2026-04-11T00:05:03.852084
  session_id: mcp
  event: tool_invoked
  agent: mcp
  task_id: gsane_route
  duration_ms: 0
  trust_score: null
  details: "query=implement a new feature"
- timestamp: 2026-04-11T00:05:03.872992
  session_id: mcp
  event: tool_invoked
  agent: mcp
  task_id: gsane_trace_report
  duration_ms: 0
  trust_score: null
  details: ""
- timestamp: 2026-04-11T00:05:04.564493
  session_id: mcp
  event: tool_invoked
  agent: mcp
  task_id: gsane_memory_fetch
  duration_ms: 0
  trust_score: null
  details: "agent=master topic="
- timestamp: 2026-04-11T00:05:04.574305
  session_id: mcp
  event: tool_invoked
  agent: mcp
  task_id: gsane_memory_fetch
  duration_ms: 0
  trust_score: null
  details: "agent=agent_xyz_unknown_12345 topic="
- timestamp: 2026-04-11T00:05:04.583348
  session_id: mcp
  event: tool_invoked
  agent: mcp
  task_id: gsane_memory_fetch
  duration_ms: 0
  trust_score: null
  details: "agent=master topic=leçon"
- timestamp: 2026-04-11T00:05:04.593070
  session_id: mcp
  event: tool_invoked
  agent: mcp
  task_id: gsane_memory_fetch
  duration_ms: 0
  trust_score: null
  details: "agent=..\\master topic="
- timestamp: 2026-04-11T00:05:05.300838
  session_id: mcp
  event: tool_invoked
  agent: mcp
  task_id: gsane_search_memory
  duration_ms: 0
  trust_score: null
  details: "query=agent scope=all"
- timestamp: 2026-04-11T00:05:05.314009
  session_id: mcp
  event: tool_invoked
  agent: mcp
  task_id: gsane_search_memory
  duration_ms: 0
  trust_score: null
  details: "query=xyz_inexistant_99999 scope=all"
- timestamp: 2026-04-11T00:05:05.327225
  session_id: mcp
  event: tool_invoked
  agent: mcp
  task_id: gsane_search_memory
  duration_ms: 0
  trust_score: null
  details: "query=FM- scope=failures"
- timestamp: 2026-04-11T00:05:05.340704
  session_id: mcp
  event: tool_invoked
  agent: mcp
  task_id: gsane_search_memory
  duration_ms: 0
  trust_score: null
  details: "query=DL- scope=decisions"
- timestamp: 2026-04-11T00:05:05.353976
  session_id: mcp
  event: tool_invoked
  agent: mcp
  task_id: gsane_search_memory
  duration_ms: 0
  trust_score: null
  details: "query=Session scope=sessions"
- timestamp: 2026-04-11T00:05:05.368288
  session_id: mcp
  event: tool_invoked
  agent: mcp
  task_id: gsane_search_memory
  duration_ms: 0
  trust_score: null
  details: "query=a scope=all"
- timestamp: 2026-04-11T00:05:05.382414
  session_id: mcp
  event: tool_invoked
  agent: mcp
  task_id: gsane_emit_event
  duration_ms: 0
  trust_score: null
  details: "type=qa_gate_passed agent=Quinn"
- timestamp: 2026-04-11T00:05:05.383292
  session_id: mcp
  event: qa_gate_passed
  agent: Quinn
  task_id: custom_event
  duration_ms: 0
  trust_score: null
  details: "{\"tests\": 155}"
- timestamp: 2026-04-11T00:05:05.384846
  session_id: mcp
  event: tool_invoked
  agent: mcp
  task_id: gsane_emit_event
  duration_ms: 0
  trust_score: null
  details: "type=custom_weird_event agent=TestAgent"
- timestamp: 2026-04-11T00:05:05.385710
  session_id: mcp
  event: custom_weird_event
  agent: TestAgent
  task_id: custom_event
  duration_ms: 0
  trust_score: null
  details: "{\"foo\": \"bar\"}"
- timestamp: 2026-04-11T00:05:05.387196
  session_id: mcp
  event: tool_invoked
  agent: mcp
  task_id: gsane_emit_event
  duration_ms: 0
  trust_score: null
  details: "type=session_milestone agent=Langis"
- timestamp: 2026-04-11T00:05:05.388033
  session_id: mcp
  event: session_milestone
  agent: Langis
  task_id: P5-C-test
  duration_ms: 0
  trust_score: null
  details: "{\"milestone\": \"P5-test\"}"
- timestamp: 2026-04-11T00:05:06.094000
  session_id: mcp
  event: tool_invoked
  agent: mcp
  task_id: gsane_emit_event
  duration_ms: 0
  trust_score: null
  details: "type=delivery_contract_created agent=Langis"
- timestamp: 2026-04-11T00:05:06.094840
  session_id: mcp
  event: delivery_contract_created
  agent: Langis
  task_id: DC-TEST-001
  duration_ms: 0
  trust_score: null
  details: "{}"
- timestamp: 2026-04-11T00:05:06.096200
  session_id: mcp
  event: tool_invoked
  agent: mcp
  task_id: gsane_emit_event
  duration_ms: 0
  trust_score: null
  details: "type=qa_gate_passed agent=Quinn"
- timestamp: 2026-04-11T00:05:06.096988
  session_id: mcp
  event: qa_gate_passed
  agent: Quinn
  task_id: custom_event
  duration_ms: 0
  trust_score: null
  details: "{}"
- timestamp: 2026-04-11T00:05:06.098353
  session_id: mcp
  event: tool_invoked
  agent: mcp
  task_id: gsane_emit_event
  duration_ms: 0
  trust_score: null
  details: "type=delivery_contract_created agent=TestAgent"
- timestamp: 2026-04-11T00:05:06.099156
  session_id: mcp
  event: delivery_contract_created
  agent: TestAgent
  task_id: custom_event
  duration_ms: 0
  trust_score: null
  details: "{\"test\": true}"
- timestamp: 2026-04-11T00:05:06.100046
  session_id: mcp
  event: tool_invoked
  agent: mcp
  task_id: gsane_emit_event
  duration_ms: 0
  trust_score: null
  details: "type=delivery_contract_approved agent=TestAgent"
- timestamp: 2026-04-11T00:05:06.100874
  session_id: mcp
  event: delivery_contract_approved
  agent: TestAgent
  task_id: custom_event
  duration_ms: 0
  trust_score: null
  details: "{\"test\": true}"
- timestamp: 2026-04-11T00:05:06.101590
  session_id: mcp
  event: tool_invoked
  agent: mcp
  task_id: gsane_emit_event
  duration_ms: 0
  trust_score: null
  details: "type=qa_gate_passed agent=TestAgent"
- timestamp: 2026-04-11T00:05:06.102568
  session_id: mcp
  event: qa_gate_passed
  agent: TestAgent
  task_id: custom_event
  duration_ms: 0
  trust_score: null
  details: "{\"test\": true}"
- timestamp: 2026-04-11T00:05:06.103286
  session_id: mcp
  event: tool_invoked
  agent: mcp
  task_id: gsane_emit_event
  duration_ms: 0
  trust_score: null
  details: "type=qa_gate_failed agent=TestAgent"
- timestamp: 2026-04-11T00:05:06.104197
  session_id: mcp
  event: qa_gate_failed
  agent: TestAgent
  task_id: custom_event
  duration_ms: 0
  trust_score: null
  details: "{\"test\": true}"
- timestamp: 2026-04-11T00:05:06.104941
  session_id: mcp
  event: tool_invoked
  agent: mcp
  task_id: gsane_emit_event
  duration_ms: 0
  trust_score: null
  details: "type=handoff_initiated agent=TestAgent"
- timestamp: 2026-04-11T00:05:06.105915
  session_id: mcp
  event: handoff_initiated
  agent: TestAgent
  task_id: custom_event
  duration_ms: 0
  trust_score: null
  details: "{\"test\": true}"
- timestamp: 2026-04-11T00:05:06.106622
  session_id: mcp
  event: tool_invoked
  agent: mcp
  task_id: gsane_emit_event
  duration_ms: 0
  trust_score: null
  details: "type=session_milestone agent=TestAgent"
- timestamp: 2026-04-11T00:05:06.107532
  session_id: mcp
  event: session_milestone
  agent: TestAgent
  task_id: custom_event
  duration_ms: 0
  trust_score: null
  details: "{\"test\": true}"
- timestamp: 2026-04-11T00:05:06.108258
  session_id: mcp
  event: tool_invoked
  agent: mcp
  task_id: gsane_emit_event
  duration_ms: 0
  trust_score: null
  details: "type=challenge_issued agent=TestAgent"
- timestamp: 2026-04-11T00:05:06.109194
  session_id: mcp
  event: challenge_issued
  agent: TestAgent
  task_id: custom_event
  duration_ms: 0
  trust_score: null
  details: "{\"test\": true}"
- timestamp: 2026-04-11T00:05:06.109998
  session_id: mcp
  event: tool_invoked
  agent: mcp
  task_id: gsane_emit_event
  duration_ms: 0
  trust_score: null
  details: "type=challenge_resolved agent=TestAgent"
- timestamp: 2026-04-11T00:05:06.110792
  session_id: mcp
  event: challenge_resolved
  agent: TestAgent
  task_id: custom_event
  duration_ms: 0
  trust_score: null
  details: "{\"test\": true}"
- timestamp: 2026-04-11T00:05:06.111482
  session_id: mcp
  event: tool_invoked
  agent: mcp
  task_id: gsane_emit_event
  duration_ms: 0
  trust_score: null
  details: "type=challenge_overruled agent=TestAgent"
- timestamp: 2026-04-11T00:05:06.112278
  session_id: mcp
  event: challenge_overruled
  agent: TestAgent
  task_id: custom_event
  duration_ms: 0
  trust_score: null
  details: "{\"test\": true}"
- timestamp: 2026-04-11T00:05:06.113150
  session_id: mcp
  event: tool_invoked
  agent: mcp
  task_id: gsane_emit_event
  duration_ms: 0
  trust_score: null
  details: "type=challenge_accepted agent=TestAgent"
- timestamp: 2026-04-11T00:05:06.113972
  session_id: mcp
  event: challenge_accepted
  agent: TestAgent
  task_id: custom_event
  duration_ms: 0
  trust_score: null
  details: "{\"test\": true}"
- timestamp: 2026-04-11T00:05:06.176842
  session_id: mcp
  event: tool_invoked
  agent: mcp
  task_id: gsane_route
  duration_ms: 0
  trust_score: null
  details: "query=implement a new feature"
- timestamp: 2026-04-11T00:05:06.228106
  session_id: mcp
  event: tool_invoked
  agent: mcp
  task_id: gsane_fetch_compressed_memory
  duration_ms: 0
  trust_score: null
  details: "query=master"
- timestamp: 2026-04-11T00:05:06.246067
  session_id: mcp
  event: tool_invoked
  agent: mcp
  task_id: gsane_read_checkpoint
  duration_ms: 0
  trust_score: null
  details: "warm session read"
- timestamp: 2026-04-11T00:12:40.420595
  session_id: mcp
  event: tool_invoked
  agent: mcp
  task_id: gsane_read_canonical_brief
  duration_ms: 0
  trust_score: null
  details: "canonical human brief"
- timestamp: 2026-04-11T00:12:40.428263
  session_id: mcp
  event: tool_invoked
  agent: mcp
  task_id: gsane_read_active_delivery_contract
  duration_ms: 0
  trust_score: null
  details: "active delivery contract"
- timestamp: 2026-04-11T00:12:40.435375
  session_id: mcp
  event: tool_invoked
  agent: mcp
  task_id: gsane_read_project_snapshot
  duration_ms: 0
  trust_score: null
  details: "canonical project snapshot"
- timestamp: 2026-04-11T00:12:40.463478
  session_id: mcp
  event: tool_invoked
  agent: mcp
  task_id: gsane_fetch_compressed_memory
  duration_ms: 0
  trust_score: null
  details: "query=master"
- timestamp: 2026-04-11T00:12:40.476818
  session_id: mcp
  event: tool_invoked
  agent: mcp
  task_id: gsane_fetch_compressed_memory
  duration_ms: 0
  trust_score: null
  details: "query=xyzzy_query_that_does_not_exist_12345"
- timestamp: 2026-04-11T00:12:40.489560
  session_id: mcp
  event: tool_invoked
  agent: mcp
  task_id: gsane_fetch_compressed_memory
  duration_ms: 0
  trust_score: null
  details: "query=agent"
- timestamp: 2026-04-11T00:12:40.502599
  session_id: mcp
  event: tool_invoked
  agent: mcp
  task_id: gsane_write_session_checkpoint
  duration_ms: 0
  trust_score: null
  details: "exchange=999"
- timestamp: 2026-04-11T00:12:40.505342
  session_id: mcp
  event: tool_invoked
  agent: mcp
  task_id: gsane_write_session_checkpoint
  duration_ms: 0
  trust_score: null
  details: "exchange=998"
- timestamp: 2026-04-11T00:12:40.507406
  session_id: mcp
  event: tool_invoked
  agent: mcp
  task_id: gsane_read_checkpoint
  duration_ms: 0
  trust_score: null
  details: "warm session read"
- timestamp: 2026-04-11T00:12:40.509692
  session_id: mcp
  event: tool_invoked
  agent: mcp
  task_id: gsane_read_checkpoint
  duration_ms: 0
  trust_score: null
  details: "warm session read"
- timestamp: 2026-04-11T00:12:40.511851
  session_id: mcp
  event: tool_invoked
  agent: mcp
  task_id: gsane_route
  duration_ms: 0
  trust_score: null
  details: "query=implement a new feature"
- timestamp: 2026-04-11T00:12:40.532194
  session_id: mcp
  event: tool_invoked
  agent: mcp
  task_id: gsane_route
  duration_ms: 0
  trust_score: null
  details: "query=design a scalable architecture for the API"
- timestamp: 2026-04-11T00:12:40.552320
  session_id: mcp
  event: tool_invoked
  agent: mcp
  task_id: gsane_route
  duration_ms: 0
  trust_score: null
  details: "query=implement this with test-driven development"
- timestamp: 2026-04-11T00:12:40.572670
  session_id: mcp
  event: tool_invoked
  agent: mcp
  task_id: gsane_route
  duration_ms: 0
  trust_score: null
  details: "query=security hardening for auth tokens and filesystem access"
- timestamp: 2026-04-11T00:12:40.582115
  session_id: mcp
  event: tool_invoked
  agent: mcp
  task_id: gsane_route
  duration_ms: 0
  trust_score: null
  details: "query=security review for GSANE MCP sandbox guardrail policy"
- timestamp: 2026-04-11T00:12:40.594888
  session_id: mcp
  event: tool_invoked
  agent: mcp
  task_id: gsane_route
  duration_ms: 0
  trust_score: null
  details: "query=test query"
- timestamp: 2026-04-11T00:12:40.596514
  session_id: mcp
  event: tool_invoked
  agent: mcp
  task_id: gsane_route
  duration_ms: 0
  trust_score: null
  details: "query=test my architecture idea"
- timestamp: 2026-04-11T00:12:40.616894
  session_id: mcp
  event: tool_invoked
  agent: mcp
  task_id: gsane_route
  duration_ms: 0
  trust_score: null
  details: "query=code architecture is broken"
- timestamp: 2026-04-11T00:12:40.637240
  session_id: mcp
  event: tool_invoked
  agent: mcp
  task_id: gsane_route
  duration_ms: 0
  trust_score: null
  details: "query=bonjour, help me"
- timestamp: 2026-04-11T00:12:40.657605
  session_id: mcp
  event: tool_invoked
  agent: mcp
  task_id: gsane_route
  duration_ms: 0
  trust_score: null
  details: "query=implement a new feature"
- timestamp: 2026-04-11T00:12:40.677995
  session_id: mcp
  event: tool_invoked
  agent: mcp
  task_id: gsane_trace_report
  duration_ms: 0
  trust_score: null
  details: ""
- timestamp: 2026-04-11T00:12:41.394817
  session_id: mcp
  event: tool_invoked
  agent: mcp
  task_id: gsane_memory_fetch
  duration_ms: 0
  trust_score: null
  details: "agent=master topic="
- timestamp: 2026-04-11T00:12:41.404487
  session_id: mcp
  event: tool_invoked
  agent: mcp
  task_id: gsane_memory_fetch
  duration_ms: 0
  trust_score: null
  details: "agent=agent_xyz_unknown_12345 topic="
- timestamp: 2026-04-11T00:12:41.413397
  session_id: mcp
  event: tool_invoked
  agent: mcp
  task_id: gsane_memory_fetch
  duration_ms: 0
  trust_score: null
  details: "agent=master topic=leçon"
- timestamp: 2026-04-11T00:12:41.423325
  session_id: mcp
  event: tool_invoked
  agent: mcp
  task_id: gsane_memory_fetch
  duration_ms: 0
  trust_score: null
  details: "agent=..\\master topic="
- timestamp: 2026-04-11T00:12:42.127265
  session_id: mcp
  event: tool_invoked
  agent: mcp
  task_id: gsane_search_memory
  duration_ms: 0
  trust_score: null
  details: "query=agent scope=all"
- timestamp: 2026-04-11T00:12:42.140311
  session_id: mcp
  event: tool_invoked
  agent: mcp
  task_id: gsane_search_memory
  duration_ms: 0
  trust_score: null
  details: "query=xyz_inexistant_99999 scope=all"
- timestamp: 2026-04-11T00:12:42.153444
  session_id: mcp
  event: tool_invoked
  agent: mcp
  task_id: gsane_search_memory
  duration_ms: 0
  trust_score: null
  details: "query=FM- scope=failures"
- timestamp: 2026-04-11T00:12:42.166571
  session_id: mcp
  event: tool_invoked
  agent: mcp
  task_id: gsane_search_memory
  duration_ms: 0
  trust_score: null
  details: "query=DL- scope=decisions"
- timestamp: 2026-04-11T00:12:42.179990
  session_id: mcp
  event: tool_invoked
  agent: mcp
  task_id: gsane_search_memory
  duration_ms: 0
  trust_score: null
  details: "query=Session scope=sessions"
- timestamp: 2026-04-11T00:12:42.194109
  session_id: mcp
  event: tool_invoked
  agent: mcp
  task_id: gsane_search_memory
  duration_ms: 0
  trust_score: null
  details: "query=a scope=all"
- timestamp: 2026-04-11T00:12:42.207306
  session_id: mcp
  event: tool_invoked
  agent: mcp
  task_id: gsane_emit_event
  duration_ms: 0
  trust_score: null
  details: "type=qa_gate_passed agent=Quinn"
- timestamp: 2026-04-11T00:12:42.208126
  session_id: mcp
  event: qa_gate_passed
  agent: Quinn
  task_id: custom_event
  duration_ms: 0
  trust_score: null
  details: "{\"tests\": 155}"
- timestamp: 2026-04-11T00:12:42.209514
  session_id: mcp
  event: tool_invoked
  agent: mcp
  task_id: gsane_emit_event
  duration_ms: 0
  trust_score: null
  details: "type=custom_weird_event agent=TestAgent"
- timestamp: 2026-04-11T00:12:42.210341
  session_id: mcp
  event: custom_weird_event
  agent: TestAgent
  task_id: custom_event
  duration_ms: 0
  trust_score: null
  details: "{\"foo\": \"bar\"}"
- timestamp: 2026-04-11T00:12:42.211725
  session_id: mcp
  event: tool_invoked
  agent: mcp
  task_id: gsane_emit_event
  duration_ms: 0
  trust_score: null
  details: "type=session_milestone agent=Langis"
- timestamp: 2026-04-11T00:12:42.212520
  session_id: mcp
  event: session_milestone
  agent: Langis
  task_id: P5-C-test
  duration_ms: 0
  trust_score: null
  details: "{\"milestone\": \"P5-test\"}"
- timestamp: 2026-04-11T00:12:42.933265
  session_id: mcp
  event: tool_invoked
  agent: mcp
  task_id: gsane_emit_event
  duration_ms: 0
  trust_score: null
  details: "type=delivery_contract_created agent=Langis"
- timestamp: 2026-04-11T00:12:42.934238
  session_id: mcp
  event: delivery_contract_created
  agent: Langis
  task_id: DC-TEST-001
  duration_ms: 0
  trust_score: null
  details: "{}"
- timestamp: 2026-04-11T00:12:42.935608
  session_id: mcp
  event: tool_invoked
  agent: mcp
  task_id: gsane_emit_event
  duration_ms: 0
  trust_score: null
  details: "type=qa_gate_passed agent=Quinn"
- timestamp: 2026-04-11T00:12:42.936395
  session_id: mcp
  event: qa_gate_passed
  agent: Quinn
  task_id: custom_event
  duration_ms: 0
  trust_score: null
  details: "{}"
- timestamp: 2026-04-11T00:12:42.937787
  session_id: mcp
  event: tool_invoked
  agent: mcp
  task_id: gsane_emit_event
  duration_ms: 0
  trust_score: null
  details: "type=delivery_contract_created agent=TestAgent"
- timestamp: 2026-04-11T00:12:42.938585
  session_id: mcp
  event: delivery_contract_created
  agent: TestAgent
  task_id: custom_event
  duration_ms: 0
  trust_score: null
  details: "{\"test\": true}"
- timestamp: 2026-04-11T00:12:42.939465
  session_id: mcp
  event: tool_invoked
  agent: mcp
  task_id: gsane_emit_event
  duration_ms: 0
  trust_score: null
  details: "type=delivery_contract_approved agent=TestAgent"
- timestamp: 2026-04-11T00:12:42.940248
  session_id: mcp
  event: delivery_contract_approved
  agent: TestAgent
  task_id: custom_event
  duration_ms: 0
  trust_score: null
  details: "{\"test\": true}"
- timestamp: 2026-04-11T00:12:42.941179
  session_id: mcp
  event: tool_invoked
  agent: mcp
  task_id: gsane_emit_event
  duration_ms: 0
  trust_score: null
  details: "type=qa_gate_passed agent=TestAgent"
- timestamp: 2026-04-11T00:12:42.941979
  session_id: mcp
  event: qa_gate_passed
  agent: TestAgent
  task_id: custom_event
  duration_ms: 0
  trust_score: null
  details: "{\"test\": true}"
- timestamp: 2026-04-11T00:12:42.942703
  session_id: mcp
  event: tool_invoked
  agent: mcp
  task_id: gsane_emit_event
  duration_ms: 0
  trust_score: null
  details: "type=qa_gate_failed agent=TestAgent"
- timestamp: 2026-04-11T00:12:42.943500
  session_id: mcp
  event: qa_gate_failed
  agent: TestAgent
  task_id: custom_event
  duration_ms: 0
  trust_score: null
  details: "{\"test\": true}"
- timestamp: 2026-04-11T00:12:42.944198
  session_id: mcp
  event: tool_invoked
  agent: mcp
  task_id: gsane_emit_event
  duration_ms: 0
  trust_score: null
  details: "type=handoff_initiated agent=TestAgent"
- timestamp: 2026-04-11T00:12:42.945014
  session_id: mcp
  event: handoff_initiated
  agent: TestAgent
  task_id: custom_event
  duration_ms: 0
  trust_score: null
  details: "{\"test\": true}"
- timestamp: 2026-04-11T00:12:42.945706
  session_id: mcp
  event: tool_invoked
  agent: mcp
  task_id: gsane_emit_event
  duration_ms: 0
  trust_score: null
  details: "type=session_milestone agent=TestAgent"
- timestamp: 2026-04-11T00:12:42.946492
  session_id: mcp
  event: session_milestone
  agent: TestAgent
  task_id: custom_event
  duration_ms: 0
  trust_score: null
  details: "{\"test\": true}"
- timestamp: 2026-04-11T00:12:42.947187
  session_id: mcp
  event: tool_invoked
  agent: mcp
  task_id: gsane_emit_event
  duration_ms: 0
  trust_score: null
  details: "type=challenge_issued agent=TestAgent"
- timestamp: 2026-04-11T00:12:42.948100
  session_id: mcp
  event: challenge_issued
  agent: TestAgent
  task_id: custom_event
  duration_ms: 0
  trust_score: null
  details: "{\"test\": true}"
- timestamp: 2026-04-11T00:12:42.948802
  session_id: mcp
  event: tool_invoked
  agent: mcp
  task_id: gsane_emit_event
  duration_ms: 0
  trust_score: null
  details: "type=challenge_resolved agent=TestAgent"
- timestamp: 2026-04-11T00:12:42.949622
  session_id: mcp
  event: challenge_resolved
  agent: TestAgent
  task_id: custom_event
  duration_ms: 0
  trust_score: null
  details: "{\"test\": true}"
- timestamp: 2026-04-11T00:12:42.950471
  session_id: mcp
  event: tool_invoked
  agent: mcp
  task_id: gsane_emit_event
  duration_ms: 0
  trust_score: null
  details: "type=challenge_overruled agent=TestAgent"
- timestamp: 2026-04-11T00:12:42.951334
  session_id: mcp
  event: challenge_overruled
  agent: TestAgent
  task_id: custom_event
  duration_ms: 0
  trust_score: null
  details: "{\"test\": true}"
- timestamp: 2026-04-11T00:12:42.952037
  session_id: mcp
  event: tool_invoked
  agent: mcp
  task_id: gsane_emit_event
  duration_ms: 0
  trust_score: null
  details: "type=challenge_accepted agent=TestAgent"
- timestamp: 2026-04-11T00:12:42.952848
  session_id: mcp
  event: challenge_accepted
  agent: TestAgent
  task_id: custom_event
  duration_ms: 0
  trust_score: null
  details: "{\"test\": true}"
- timestamp: 2026-04-11T00:12:43.018340
  session_id: mcp
  event: tool_invoked
  agent: mcp
  task_id: gsane_route
  duration_ms: 0
  trust_score: null
  details: "query=implement a new feature"
- timestamp: 2026-04-11T00:12:43.069343
  session_id: mcp
  event: tool_invoked
  agent: mcp
  task_id: gsane_fetch_compressed_memory
  duration_ms: 0
  trust_score: null
  details: "query=master"
- timestamp: 2026-04-11T00:12:43.087123
  session_id: mcp
  event: tool_invoked
  agent: mcp
  task_id: gsane_read_checkpoint
  duration_ms: 0
  trust_score: null
  details: "warm session read"
- timestamp: 2026-04-11T00:13:01.777830
  session_id: mcp
  event: tool_invoked
  agent: mcp
  task_id: gsane_read_canonical_brief
  duration_ms: 0
  trust_score: null
  details: "canonical human brief"
- timestamp: 2026-04-11T00:13:01.786256
  session_id: mcp
  event: tool_invoked
  agent: mcp
  task_id: gsane_read_active_delivery_contract
  duration_ms: 0
  trust_score: null
  details: "active delivery contract"
- timestamp: 2026-04-11T00:13:01.793673
  session_id: mcp
  event: tool_invoked
  agent: mcp
  task_id: gsane_read_project_snapshot
  duration_ms: 0
  trust_score: null
  details: "canonical project snapshot"
- timestamp: 2026-04-11T00:13:01.822986
  session_id: mcp
  event: tool_invoked
  agent: mcp
  task_id: gsane_fetch_compressed_memory
  duration_ms: 0
  trust_score: null
  details: "query=master"
- timestamp: 2026-04-11T00:13:01.836539
  session_id: mcp
  event: tool_invoked
  agent: mcp
  task_id: gsane_fetch_compressed_memory
  duration_ms: 0
  trust_score: null
  details: "query=xyzzy_query_that_does_not_exist_12345"
- timestamp: 2026-04-11T00:13:01.849710
  session_id: mcp
  event: tool_invoked
  agent: mcp
  task_id: gsane_fetch_compressed_memory
  duration_ms: 0
  trust_score: null
  details: "query=agent"
- timestamp: 2026-04-11T00:13:01.863028
  session_id: mcp
  event: tool_invoked
  agent: mcp
  task_id: gsane_write_session_checkpoint
  duration_ms: 0
  trust_score: null
  details: "exchange=999"
- timestamp: 2026-04-11T00:13:01.866067
  session_id: mcp
  event: tool_invoked
  agent: mcp
  task_id: gsane_write_session_checkpoint
  duration_ms: 0
  trust_score: null
  details: "exchange=998"
- timestamp: 2026-04-11T00:13:01.868364
  session_id: mcp
  event: tool_invoked
  agent: mcp
  task_id: gsane_read_checkpoint
  duration_ms: 0
  trust_score: null
  details: "warm session read"
- timestamp: 2026-04-11T00:13:01.870696
  session_id: mcp
  event: tool_invoked
  agent: mcp
  task_id: gsane_read_checkpoint
  duration_ms: 0
  trust_score: null
  details: "warm session read"
- timestamp: 2026-04-11T00:13:01.872882
  session_id: mcp
  event: tool_invoked
  agent: mcp
  task_id: gsane_route
  duration_ms: 0
  trust_score: null
  details: "query=implement a new feature"
- timestamp: 2026-04-11T00:13:01.893883
  session_id: mcp
  event: tool_invoked
  agent: mcp
  task_id: gsane_route
  duration_ms: 0
  trust_score: null
  details: "query=design a scalable architecture for the API"
- timestamp: 2026-04-11T00:13:01.914926
  session_id: mcp
  event: tool_invoked
  agent: mcp
  task_id: gsane_route
  duration_ms: 0
  trust_score: null
  details: "query=implement this with test-driven development"
- timestamp: 2026-04-11T00:13:01.936088
  session_id: mcp
  event: tool_invoked
  agent: mcp
  task_id: gsane_route
  duration_ms: 0
  trust_score: null
  details: "query=security hardening for auth tokens and filesystem access"
- timestamp: 2026-04-11T00:13:01.945495
  session_id: mcp
  event: tool_invoked
  agent: mcp
  task_id: gsane_route
  duration_ms: 0
  trust_score: null
  details: "query=security review for GSANE MCP sandbox guardrail policy"
- timestamp: 2026-04-11T00:13:01.958171
  session_id: mcp
  event: tool_invoked
  agent: mcp
  task_id: gsane_route
  duration_ms: 0
  trust_score: null
  details: "query=test query"
- timestamp: 2026-04-11T00:13:01.959824
  session_id: mcp
  event: tool_invoked
  agent: mcp
  task_id: gsane_route
  duration_ms: 0
  trust_score: null
  details: "query=test my architecture idea"
- timestamp: 2026-04-11T00:13:01.980630
  session_id: mcp
  event: tool_invoked
  agent: mcp
  task_id: gsane_route
  duration_ms: 0
  trust_score: null
  details: "query=code architecture is broken"
- timestamp: 2026-04-11T00:13:02.011206
  session_id: mcp
  event: tool_invoked
  agent: mcp
  task_id: gsane_route
  duration_ms: 0
  trust_score: null
  details: "query=bonjour, help me"
- timestamp: 2026-04-11T00:13:02.037645
  session_id: mcp
  event: tool_invoked
  agent: mcp
  task_id: gsane_route
  duration_ms: 0
  trust_score: null
  details: "query=implement a new feature"
- timestamp: 2026-04-11T00:13:02.058852
  session_id: mcp
  event: tool_invoked
  agent: mcp
  task_id: gsane_trace_report
  duration_ms: 0
  trust_score: null
  details: ""
- timestamp: 2026-04-11T00:13:02.836629
  session_id: mcp
  event: tool_invoked
  agent: mcp
  task_id: gsane_memory_fetch
  duration_ms: 0
  trust_score: null
  details: "agent=master topic="
- timestamp: 2026-04-11T00:13:02.847105
  session_id: mcp
  event: tool_invoked
  agent: mcp
  task_id: gsane_memory_fetch
  duration_ms: 0
  trust_score: null
  details: "agent=agent_xyz_unknown_12345 topic="
- timestamp: 2026-04-11T00:13:02.857176
  session_id: mcp
  event: tool_invoked
  agent: mcp
  task_id: gsane_memory_fetch
  duration_ms: 0
  trust_score: null
  details: "agent=master topic=leçon"
- timestamp: 2026-04-11T00:13:02.868022
  session_id: mcp
  event: tool_invoked
  agent: mcp
  task_id: gsane_memory_fetch
  duration_ms: 0
  trust_score: null
  details: "agent=..\\master topic="
- timestamp: 2026-04-11T00:13:03.635732
  session_id: mcp
  event: tool_invoked
  agent: mcp
  task_id: gsane_search_memory
  duration_ms: 0
  trust_score: null
  details: "query=agent scope=all"
- timestamp: 2026-04-11T00:13:03.648983
  session_id: mcp
  event: tool_invoked
  agent: mcp
  task_id: gsane_search_memory
  duration_ms: 0
  trust_score: null
  details: "query=xyz_inexistant_99999 scope=all"
- timestamp: 2026-04-11T00:13:03.661929
  session_id: mcp
  event: tool_invoked
  agent: mcp
  task_id: gsane_search_memory
  duration_ms: 0
  trust_score: null
  details: "query=FM- scope=failures"
- timestamp: 2026-04-11T00:13:03.674827
  session_id: mcp
  event: tool_invoked
  agent: mcp
  task_id: gsane_search_memory
  duration_ms: 0
  trust_score: null
  details: "query=DL- scope=decisions"
- timestamp: 2026-04-11T00:13:03.687840
  session_id: mcp
  event: tool_invoked
  agent: mcp
  task_id: gsane_search_memory
  duration_ms: 0
  trust_score: null
  details: "query=Session scope=sessions"
- timestamp: 2026-04-11T00:13:03.701070
  session_id: mcp
  event: tool_invoked
  agent: mcp
  task_id: gsane_search_memory
  duration_ms: 0
  trust_score: null
  details: "query=a scope=all"
- timestamp: 2026-04-11T00:13:03.713943
  session_id: mcp
  event: tool_invoked
  agent: mcp
  task_id: gsane_emit_event
  duration_ms: 0
  trust_score: null
  details: "type=qa_gate_passed agent=Quinn"
- timestamp: 2026-04-11T00:13:03.714849
  session_id: mcp
  event: qa_gate_passed
  agent: Quinn
  task_id: custom_event
  duration_ms: 0
  trust_score: null
  details: "{\"tests\": 155}"
- timestamp: 2026-04-11T00:13:03.716410
  session_id: mcp
  event: tool_invoked
  agent: mcp
  task_id: gsane_emit_event
  duration_ms: 0
  trust_score: null
  details: "type=custom_weird_event agent=TestAgent"
- timestamp: 2026-04-11T00:13:03.717216
  session_id: mcp
  event: custom_weird_event
  agent: TestAgent
  task_id: custom_event
  duration_ms: 0
  trust_score: null
  details: "{\"foo\": \"bar\"}"
- timestamp: 2026-04-11T00:13:03.718695
  session_id: mcp
  event: tool_invoked
  agent: mcp
  task_id: gsane_emit_event
  duration_ms: 0
  trust_score: null
  details: "type=session_milestone agent=Langis"
- timestamp: 2026-04-11T00:13:03.719537
  session_id: mcp
  event: session_milestone
  agent: Langis
  task_id: P5-C-test
  duration_ms: 0
  trust_score: null
  details: "{\"milestone\": \"P5-test\"}"
- timestamp: 2026-04-11T00:13:04.472108
  session_id: mcp
  event: tool_invoked
  agent: mcp
  task_id: gsane_emit_event
  duration_ms: 0
  trust_score: null
  details: "type=delivery_contract_created agent=Langis"
- timestamp: 2026-04-11T00:13:04.472955
  session_id: mcp
  event: delivery_contract_created
  agent: Langis
  task_id: DC-TEST-001
  duration_ms: 0
  trust_score: null
  details: "{}"
- timestamp: 2026-04-11T00:13:04.474337
  session_id: mcp
  event: tool_invoked
  agent: mcp
  task_id: gsane_emit_event
  duration_ms: 0
  trust_score: null
  details: "type=qa_gate_passed agent=Quinn"
- timestamp: 2026-04-11T00:13:04.475114
  session_id: mcp
  event: qa_gate_passed
  agent: Quinn
  task_id: custom_event
  duration_ms: 0
  trust_score: null
  details: "{}"
- timestamp: 2026-04-11T00:13:04.476474
  session_id: mcp
  event: tool_invoked
  agent: mcp
  task_id: gsane_emit_event
  duration_ms: 0
  trust_score: null
  details: "type=delivery_contract_created agent=TestAgent"
- timestamp: 2026-04-11T00:13:04.477269
  session_id: mcp
  event: delivery_contract_created
  agent: TestAgent
  task_id: custom_event
  duration_ms: 0
  trust_score: null
  details: "{\"test\": true}"
- timestamp: 2026-04-11T00:13:04.478028
  session_id: mcp
  event: tool_invoked
  agent: mcp
  task_id: gsane_emit_event
  duration_ms: 0
  trust_score: null
  details: "type=delivery_contract_approved agent=TestAgent"
- timestamp: 2026-04-11T00:13:04.478815
  session_id: mcp
  event: delivery_contract_approved
  agent: TestAgent
  task_id: custom_event
  duration_ms: 0
  trust_score: null
  details: "{\"test\": true}"
- timestamp: 2026-04-11T00:13:04.479502
  session_id: mcp
  event: tool_invoked
  agent: mcp
  task_id: gsane_emit_event
  duration_ms: 0
  trust_score: null
  details: "type=qa_gate_passed agent=TestAgent"
- timestamp: 2026-04-11T00:13:04.480274
  session_id: mcp
  event: qa_gate_passed
  agent: TestAgent
  task_id: custom_event
  duration_ms: 0
  trust_score: null
  details: "{\"test\": true}"
- timestamp: 2026-04-11T00:13:04.480965
  session_id: mcp
  event: tool_invoked
  agent: mcp
  task_id: gsane_emit_event
  duration_ms: 0
  trust_score: null
  details: "type=qa_gate_failed agent=TestAgent"
- timestamp: 2026-04-11T00:13:04.481750
  session_id: mcp
  event: qa_gate_failed
  agent: TestAgent
  task_id: custom_event
  duration_ms: 0
  trust_score: null
  details: "{\"test\": true}"
- timestamp: 2026-04-11T00:13:04.482437
  session_id: mcp
  event: tool_invoked
  agent: mcp
  task_id: gsane_emit_event
  duration_ms: 0
  trust_score: null
  details: "type=handoff_initiated agent=TestAgent"
- timestamp: 2026-04-11T00:13:04.483235
  session_id: mcp
  event: handoff_initiated
  agent: TestAgent
  task_id: custom_event
  duration_ms: 0
  trust_score: null
  details: "{\"test\": true}"
- timestamp: 2026-04-11T00:13:04.483971
  session_id: mcp
  event: tool_invoked
  agent: mcp
  task_id: gsane_emit_event
  duration_ms: 0
  trust_score: null
  details: "type=session_milestone agent=TestAgent"
- timestamp: 2026-04-11T00:13:04.484819
  session_id: mcp
  event: session_milestone
  agent: TestAgent
  task_id: custom_event
  duration_ms: 0
  trust_score: null
  details: "{\"test\": true}"
- timestamp: 2026-04-11T00:13:04.485553
  session_id: mcp
  event: tool_invoked
  agent: mcp
  task_id: gsane_emit_event
  duration_ms: 0
  trust_score: null
  details: "type=challenge_issued agent=TestAgent"
- timestamp: 2026-04-11T00:13:04.486365
  session_id: mcp
  event: challenge_issued
  agent: TestAgent
  task_id: custom_event
  duration_ms: 0
  trust_score: null
  details: "{\"test\": true}"
- timestamp: 2026-04-11T00:13:04.487067
  session_id: mcp
  event: tool_invoked
  agent: mcp
  task_id: gsane_emit_event
  duration_ms: 0
  trust_score: null
  details: "type=challenge_resolved agent=TestAgent"
- timestamp: 2026-04-11T00:13:04.487915
  session_id: mcp
  event: challenge_resolved
  agent: TestAgent
  task_id: custom_event
  duration_ms: 0
  trust_score: null
  details: "{\"test\": true}"
- timestamp: 2026-04-11T00:13:04.488620
  session_id: mcp
  event: tool_invoked
  agent: mcp
  task_id: gsane_emit_event
  duration_ms: 0
  trust_score: null
  details: "type=challenge_overruled agent=TestAgent"
- timestamp: 2026-04-11T00:13:04.489408
  session_id: mcp
  event: challenge_overruled
  agent: TestAgent
  task_id: custom_event
  duration_ms: 0
  trust_score: null
  details: "{\"test\": true}"
- timestamp: 2026-04-11T00:13:04.490093
  session_id: mcp
  event: tool_invoked
  agent: mcp
  task_id: gsane_emit_event
  duration_ms: 0
  trust_score: null
  details: "type=challenge_accepted agent=TestAgent"
- timestamp: 2026-04-11T00:13:04.490949
  session_id: mcp
  event: challenge_accepted
  agent: TestAgent
  task_id: custom_event
  duration_ms: 0
  trust_score: null
  details: "{\"test\": true}"
- timestamp: 2026-04-11T00:13:17.840351
  session_id: mcp
  event: tool_invoked
  agent: mcp
  task_id: gsane_read_canonical_brief
  duration_ms: 0
  trust_score: null
  details: "canonical human brief"
- timestamp: 2026-04-11T00:13:17.848715
  session_id: mcp
  event: tool_invoked
  agent: mcp
  task_id: gsane_read_active_delivery_contract
  duration_ms: 0
  trust_score: null
  details: "active delivery contract"
- timestamp: 2026-04-11T00:13:17.856485
  session_id: mcp
  event: tool_invoked
  agent: mcp
  task_id: gsane_read_project_snapshot
  duration_ms: 0
  trust_score: null
  details: "canonical project snapshot"
- timestamp: 2026-04-11T00:13:17.886187
  session_id: mcp
  event: tool_invoked
  agent: mcp
  task_id: gsane_fetch_compressed_memory
  duration_ms: 0
  trust_score: null
  details: "query=master"
- timestamp: 2026-04-11T00:13:17.900137
  session_id: mcp
  event: tool_invoked
  agent: mcp
  task_id: gsane_fetch_compressed_memory
  duration_ms: 0
  trust_score: null
  details: "query=xyzzy_query_that_does_not_exist_12345"
- timestamp: 2026-04-11T00:13:17.913916
  session_id: mcp
  event: tool_invoked
  agent: mcp
  task_id: gsane_fetch_compressed_memory
  duration_ms: 0
  trust_score: null
  details: "query=agent"
- timestamp: 2026-04-11T00:13:17.927846
  session_id: mcp
  event: tool_invoked
  agent: mcp
  task_id: gsane_write_session_checkpoint
  duration_ms: 0
  trust_score: null
  details: "exchange=999"
- timestamp: 2026-04-11T00:13:17.930999
  session_id: mcp
  event: tool_invoked
  agent: mcp
  task_id: gsane_write_session_checkpoint
  duration_ms: 0
  trust_score: null
  details: "exchange=998"
- timestamp: 2026-04-11T00:13:17.933122
  session_id: mcp
  event: tool_invoked
  agent: mcp
  task_id: gsane_read_checkpoint
  duration_ms: 0
  trust_score: null
  details: "warm session read"
- timestamp: 2026-04-11T00:13:17.936002
  session_id: mcp
  event: tool_invoked
  agent: mcp
  task_id: gsane_read_checkpoint
  duration_ms: 0
  trust_score: null
  details: "warm session read"
- timestamp: 2026-04-11T00:13:17.938751
  session_id: mcp
  event: tool_invoked
  agent: mcp
  task_id: gsane_route
  duration_ms: 0
  trust_score: null
  details: "query=implement a new feature"
- timestamp: 2026-04-11T00:13:17.960605
  session_id: mcp
  event: tool_invoked
  agent: mcp
  task_id: gsane_route
  duration_ms: 0
  trust_score: null
  details: "query=design a scalable architecture for the API"
- timestamp: 2026-04-11T00:13:17.981495
  session_id: mcp
  event: tool_invoked
  agent: mcp
  task_id: gsane_route
  duration_ms: 0
  trust_score: null
  details: "query=implement this with test-driven development"
- timestamp: 2026-04-11T00:13:18.002472
  session_id: mcp
  event: tool_invoked
  agent: mcp
  task_id: gsane_route
  duration_ms: 0
  trust_score: null
  details: "query=security hardening for auth tokens and filesystem access"
- timestamp: 2026-04-11T00:13:18.011984
  session_id: mcp
  event: tool_invoked
  agent: mcp
  task_id: gsane_route
  duration_ms: 0
  trust_score: null
  details: "query=security review for GSANE MCP sandbox guardrail policy"
- timestamp: 2026-04-11T00:13:18.025426
  session_id: mcp
  event: tool_invoked
  agent: mcp
  task_id: gsane_route
  duration_ms: 0
  trust_score: null
  details: "query=test query"
- timestamp: 2026-04-11T00:13:18.027203
  session_id: mcp
  event: tool_invoked
  agent: mcp
  task_id: gsane_route
  duration_ms: 0
  trust_score: null
  details: "query=test my architecture idea"
- timestamp: 2026-04-11T00:13:18.048019
  session_id: mcp
  event: tool_invoked
  agent: mcp
  task_id: gsane_route
  duration_ms: 0
  trust_score: null
  details: "query=code architecture is broken"
- timestamp: 2026-04-11T00:13:18.069234
  session_id: mcp
  event: tool_invoked
  agent: mcp
  task_id: gsane_route
  duration_ms: 0
  trust_score: null
  details: "query=bonjour, help me"
- timestamp: 2026-04-11T00:13:18.090360
  session_id: mcp
  event: tool_invoked
  agent: mcp
  task_id: gsane_route
  duration_ms: 0
  trust_score: null
  details: "query=implement a new feature"
- timestamp: 2026-04-11T00:13:18.111285
  session_id: mcp
  event: tool_invoked
  agent: mcp
  task_id: gsane_trace_report
  duration_ms: 0
  trust_score: null
  details: ""
- timestamp: 2026-04-11T00:13:18.889280
  session_id: mcp
  event: tool_invoked
  agent: mcp
  task_id: gsane_memory_fetch
  duration_ms: 0
  trust_score: null
  details: "agent=master topic="
- timestamp: 2026-04-11T00:13:18.899450
  session_id: mcp
  event: tool_invoked
  agent: mcp
  task_id: gsane_memory_fetch
  duration_ms: 0
  trust_score: null
  details: "agent=agent_xyz_unknown_12345 topic="
- timestamp: 2026-04-11T00:13:18.908775
  session_id: mcp
  event: tool_invoked
  agent: mcp
  task_id: gsane_memory_fetch
  duration_ms: 0
  trust_score: null
  details: "agent=master topic=leçon"
- timestamp: 2026-04-11T00:13:18.919040
  session_id: mcp
  event: tool_invoked
  agent: mcp
  task_id: gsane_memory_fetch
  duration_ms: 0
  trust_score: null
  details: "agent=..\\master topic="
- timestamp: 2026-04-11T00:13:19.719700
  session_id: mcp
  event: tool_invoked
  agent: mcp
  task_id: gsane_search_memory
  duration_ms: 0
  trust_score: null
  details: "query=agent scope=all"
- timestamp: 2026-04-11T00:13:19.733098
  session_id: mcp
  event: tool_invoked
  agent: mcp
  task_id: gsane_search_memory
  duration_ms: 0
  trust_score: null
  details: "query=xyz_inexistant_99999 scope=all"
- timestamp: 2026-04-11T00:13:19.747075
  session_id: mcp
  event: tool_invoked
  agent: mcp
  task_id: gsane_search_memory
  duration_ms: 0
  trust_score: null
  details: "query=FM- scope=failures"
- timestamp: 2026-04-11T00:13:19.760739
  session_id: mcp
  event: tool_invoked
  agent: mcp
  task_id: gsane_search_memory
  duration_ms: 0
  trust_score: null
  details: "query=DL- scope=decisions"
- timestamp: 2026-04-11T00:13:19.778871
  session_id: mcp
  event: tool_invoked
  agent: mcp
  task_id: gsane_search_memory
  duration_ms: 0
  trust_score: null
  details: "query=Session scope=sessions"
- timestamp: 2026-04-11T00:13:19.792218
  session_id: mcp
  event: tool_invoked
  agent: mcp
  task_id: gsane_search_memory
  duration_ms: 0
  trust_score: null
  details: "query=a scope=all"
- timestamp: 2026-04-11T00:13:19.805605
  session_id: mcp
  event: tool_invoked
  agent: mcp
  task_id: gsane_emit_event
  duration_ms: 0
  trust_score: null
  details: "type=qa_gate_passed agent=Quinn"
- timestamp: 2026-04-11T00:13:19.806578
  session_id: mcp
  event: qa_gate_passed
  agent: Quinn
  task_id: custom_event
  duration_ms: 0
  trust_score: null
  details: "{\"tests\": 155}"
- timestamp: 2026-04-11T00:13:19.808376
  session_id: mcp
  event: tool_invoked
  agent: mcp
  task_id: gsane_emit_event
  duration_ms: 0
  trust_score: null
  details: "type=custom_weird_event agent=TestAgent"
- timestamp: 2026-04-11T00:13:19.809369
  session_id: mcp
  event: custom_weird_event
  agent: TestAgent
  task_id: custom_event
  duration_ms: 0
  trust_score: null
  details: "{\"foo\": \"bar\"}"
- timestamp: 2026-04-11T00:13:19.811024
  session_id: mcp
  event: tool_invoked
  agent: mcp
  task_id: gsane_emit_event
  duration_ms: 0
  trust_score: null
  details: "type=session_milestone agent=Langis"
- timestamp: 2026-04-11T00:13:19.811872
  session_id: mcp
  event: session_milestone
  agent: Langis
  task_id: P5-C-test
  duration_ms: 0
  trust_score: null
  details: "{\"milestone\": \"P5-test\"}"
- timestamp: 2026-04-11T00:13:20.584725
  session_id: mcp
  event: tool_invoked
  agent: mcp
  task_id: gsane_emit_event
  duration_ms: 0
  trust_score: null
  details: "type=delivery_contract_created agent=Langis"
- timestamp: 2026-04-11T00:13:20.585834
  session_id: mcp
  event: delivery_contract_created
  agent: Langis
  task_id: DC-TEST-001
  duration_ms: 0
  trust_score: null
  details: "{}"
- timestamp: 2026-04-11T00:13:20.587445
  session_id: mcp
  event: tool_invoked
  agent: mcp
  task_id: gsane_emit_event
  duration_ms: 0
  trust_score: null
  details: "type=qa_gate_passed agent=Quinn"
- timestamp: 2026-04-11T00:13:20.588327
  session_id: mcp
  event: qa_gate_passed
  agent: Quinn
  task_id: custom_event
  duration_ms: 0
  trust_score: null
  details: "{}"
- timestamp: 2026-04-11T00:13:20.589873
  session_id: mcp
  event: tool_invoked
  agent: mcp
  task_id: gsane_emit_event
  duration_ms: 0
  trust_score: null
  details: "type=delivery_contract_created agent=TestAgent"
- timestamp: 2026-04-11T00:13:20.590730
  session_id: mcp
  event: delivery_contract_created
  agent: TestAgent
  task_id: custom_event
  duration_ms: 0
  trust_score: null
  details: "{\"test\": true}"
- timestamp: 2026-04-11T00:13:20.591452
  session_id: mcp
  event: tool_invoked
  agent: mcp
  task_id: gsane_emit_event
  duration_ms: 0
  trust_score: null
  details: "type=delivery_contract_approved agent=TestAgent"
- timestamp: 2026-04-11T00:13:20.592261
  session_id: mcp
  event: delivery_contract_approved
  agent: TestAgent
  task_id: custom_event
  duration_ms: 0
  trust_score: null
  details: "{\"test\": true}"
- timestamp: 2026-04-11T00:13:20.592989
  session_id: mcp
  event: tool_invoked
  agent: mcp
  task_id: gsane_emit_event
  duration_ms: 0
  trust_score: null
  details: "type=qa_gate_passed agent=TestAgent"
- timestamp: 2026-04-11T00:13:20.593813
  session_id: mcp
  event: qa_gate_passed
  agent: TestAgent
  task_id: custom_event
  duration_ms: 0
  trust_score: null
  details: "{\"test\": true}"
- timestamp: 2026-04-11T00:13:20.594558
  session_id: mcp
  event: tool_invoked
  agent: mcp
  task_id: gsane_emit_event
  duration_ms: 0
  trust_score: null
  details: "type=qa_gate_failed agent=TestAgent"
- timestamp: 2026-04-11T00:13:20.595373
  session_id: mcp
  event: qa_gate_failed
  agent: TestAgent
  task_id: custom_event
  duration_ms: 0
  trust_score: null
  details: "{\"test\": true}"
- timestamp: 2026-04-11T00:13:20.596132
  session_id: mcp
  event: tool_invoked
  agent: mcp
  task_id: gsane_emit_event
  duration_ms: 0
  trust_score: null
  details: "type=handoff_initiated agent=TestAgent"
- timestamp: 2026-04-11T00:13:20.596947
  session_id: mcp
  event: handoff_initiated
  agent: TestAgent
  task_id: custom_event
  duration_ms: 0
  trust_score: null
  details: "{\"test\": true}"
- timestamp: 2026-04-11T00:13:20.597658
  session_id: mcp
  event: tool_invoked
  agent: mcp
  task_id: gsane_emit_event
  duration_ms: 0
  trust_score: null
  details: "type=session_milestone agent=TestAgent"
- timestamp: 2026-04-11T00:13:20.598497
  session_id: mcp
  event: session_milestone
  agent: TestAgent
  task_id: custom_event
  duration_ms: 0
  trust_score: null
  details: "{\"test\": true}"
- timestamp: 2026-04-11T00:13:20.599210
  session_id: mcp
  event: tool_invoked
  agent: mcp
  task_id: gsane_emit_event
  duration_ms: 0
  trust_score: null
  details: "type=challenge_issued agent=TestAgent"
- timestamp: 2026-04-11T00:13:20.600017
  session_id: mcp
  event: challenge_issued
  agent: TestAgent
  task_id: custom_event
  duration_ms: 0
  trust_score: null
  details: "{\"test\": true}"
- timestamp: 2026-04-11T00:13:20.600720
  session_id: mcp
  event: tool_invoked
  agent: mcp
  task_id: gsane_emit_event
  duration_ms: 0
  trust_score: null
  details: "type=challenge_resolved agent=TestAgent"
- timestamp: 2026-04-11T00:13:20.601585
  session_id: mcp
  event: challenge_resolved
  agent: TestAgent
  task_id: custom_event
  duration_ms: 0
  trust_score: null
  details: "{\"test\": true}"
- timestamp: 2026-04-11T00:13:20.602335
  session_id: mcp
  event: tool_invoked
  agent: mcp
  task_id: gsane_emit_event
  duration_ms: 0
  trust_score: null
  details: "type=challenge_overruled agent=TestAgent"
- timestamp: 2026-04-11T00:13:20.603158
  session_id: mcp
  event: challenge_overruled
  agent: TestAgent
  task_id: custom_event
  duration_ms: 0
  trust_score: null
  details: "{\"test\": true}"
- timestamp: 2026-04-11T00:13:20.603885
  session_id: mcp
  event: tool_invoked
  agent: mcp
  task_id: gsane_emit_event
  duration_ms: 0
  trust_score: null
  details: "type=challenge_accepted agent=TestAgent"
- timestamp: 2026-04-11T00:13:20.604694
  session_id: mcp
  event: challenge_accepted
  agent: TestAgent
  task_id: custom_event
  duration_ms: 0
  trust_score: null
  details: "{\"test\": true}"
- timestamp: 2026-04-11T00:18:41.506266
  session_id: mcp
  event: tool_invoked
  agent: mcp
  task_id: gsane_read_canonical_brief
  duration_ms: 0
  trust_score: null
  details: "canonical human brief"
- timestamp: 2026-04-11T00:18:41.514720
  session_id: mcp
  event: tool_invoked
  agent: mcp
  task_id: gsane_read_active_delivery_contract
  duration_ms: 0
  trust_score: null
  details: "active delivery contract"
- timestamp: 2026-04-11T00:18:41.522224
  session_id: mcp
  event: tool_invoked
  agent: mcp
  task_id: gsane_read_project_snapshot
  duration_ms: 0
  trust_score: null
  details: "canonical project snapshot"
- timestamp: 2026-04-11T00:18:41.551219
  session_id: mcp
  event: tool_invoked
  agent: mcp
  task_id: gsane_fetch_compressed_memory
  duration_ms: 0
  trust_score: null
  details: "query=master"
- timestamp: 2026-04-11T00:18:41.565175
  session_id: mcp
  event: tool_invoked
  agent: mcp
  task_id: gsane_fetch_compressed_memory
  duration_ms: 0
  trust_score: null
  details: "query=xyzzy_query_that_does_not_exist_12345"
- timestamp: 2026-04-11T00:18:41.579197
  session_id: mcp
  event: tool_invoked
  agent: mcp
  task_id: gsane_fetch_compressed_memory
  duration_ms: 0
  trust_score: null
  details: "query=agent"
- timestamp: 2026-04-11T00:18:41.594502
  session_id: mcp
  event: tool_invoked
  agent: mcp
  task_id: gsane_write_session_checkpoint
  duration_ms: 0
  trust_score: null
  details: "exchange=999"
- timestamp: 2026-04-11T00:18:41.597420
  session_id: mcp
  event: tool_invoked
  agent: mcp
  task_id: gsane_write_session_checkpoint
  duration_ms: 0
  trust_score: null
  details: "exchange=998"
- timestamp: 2026-04-11T00:18:41.599600
  session_id: mcp
  event: tool_invoked
  agent: mcp
  task_id: gsane_read_checkpoint
  duration_ms: 0
  trust_score: null
  details: "warm session read"
- timestamp: 2026-04-11T00:18:41.601906
  session_id: mcp
  event: tool_invoked
  agent: mcp
  task_id: gsane_read_checkpoint
  duration_ms: 0
  trust_score: null
  details: "warm session read"
- timestamp: 2026-04-11T00:18:41.604440
  session_id: mcp
  event: tool_invoked
  agent: mcp
  task_id: gsane_route
  duration_ms: 0
  trust_score: null
  details: "query=implement a new feature"
- timestamp: 2026-04-11T00:18:41.625875
  session_id: mcp
  event: tool_invoked
  agent: mcp
  task_id: gsane_route
  duration_ms: 0
  trust_score: null
  details: "query=design a scalable architecture for the API"
- timestamp: 2026-04-11T00:18:41.651573
  session_id: mcp
  event: tool_invoked
  agent: mcp
  task_id: gsane_route
  duration_ms: 0
  trust_score: null
  details: "query=implement this with test-driven development"
- timestamp: 2026-04-11T00:18:41.673680
  session_id: mcp
  event: tool_invoked
  agent: mcp
  task_id: gsane_route
  duration_ms: 0
  trust_score: null
  details: "query=security hardening for auth tokens and filesystem access"
- timestamp: 2026-04-11T00:18:41.683345
  session_id: mcp
  event: tool_invoked
  agent: mcp
  task_id: gsane_route
  duration_ms: 0
  trust_score: null
  details: "query=security review for GSANE MCP sandbox guardrail policy"
- timestamp: 2026-04-11T00:18:41.696344
  session_id: mcp
  event: tool_invoked
  agent: mcp
  task_id: gsane_route
  duration_ms: 0
  trust_score: null
  details: "query=test query"
- timestamp: 2026-04-11T00:18:41.698261
  session_id: mcp
  event: tool_invoked
  agent: mcp
  task_id: gsane_route
  duration_ms: 0
  trust_score: null
  details: "query=test my architecture idea"
- timestamp: 2026-04-11T00:18:41.719458
  session_id: mcp
  event: tool_invoked
  agent: mcp
  task_id: gsane_route
  duration_ms: 0
  trust_score: null
  details: "query=code architecture is broken"
- timestamp: 2026-04-11T00:18:41.740456
  session_id: mcp
  event: tool_invoked
  agent: mcp
  task_id: gsane_route
  duration_ms: 0
  trust_score: null
  details: "query=bonjour, help me"
- timestamp: 2026-04-11T00:18:41.761346
  session_id: mcp
  event: tool_invoked
  agent: mcp
  task_id: gsane_route
  duration_ms: 0
  trust_score: null
  details: "query=implement a new feature"
- timestamp: 2026-04-11T00:18:41.782222
  session_id: mcp
  event: tool_invoked
  agent: mcp
  task_id: gsane_trace_report
  duration_ms: 0
  trust_score: null
  details: ""
- timestamp: 2026-04-11T00:18:42.596603
  session_id: mcp
  event: tool_invoked
  agent: mcp
  task_id: gsane_memory_fetch
  duration_ms: 0
  trust_score: null
  details: "agent=master topic="
- timestamp: 2026-04-11T00:18:42.606736
  session_id: mcp
  event: tool_invoked
  agent: mcp
  task_id: gsane_memory_fetch
  duration_ms: 0
  trust_score: null
  details: "agent=agent_xyz_unknown_12345 topic="
- timestamp: 2026-04-11T00:18:42.615900
  session_id: mcp
  event: tool_invoked
  agent: mcp
  task_id: gsane_memory_fetch
  duration_ms: 0
  trust_score: null
  details: "agent=master topic=leçon"
- timestamp: 2026-04-11T00:18:42.625964
  session_id: mcp
  event: tool_invoked
  agent: mcp
  task_id: gsane_memory_fetch
  duration_ms: 0
  trust_score: null
  details: "agent=..\\master topic="
- timestamp: 2026-04-11T00:18:43.422637
  session_id: mcp
  event: tool_invoked
  agent: mcp
  task_id: gsane_search_memory
  duration_ms: 0
  trust_score: null
  details: "query=agent scope=all"
- timestamp: 2026-04-11T00:18:43.436029
  session_id: mcp
  event: tool_invoked
  agent: mcp
  task_id: gsane_search_memory
  duration_ms: 0
  trust_score: null
  details: "query=xyz_inexistant_99999 scope=all"
- timestamp: 2026-04-11T00:18:43.449451
  session_id: mcp
  event: tool_invoked
  agent: mcp
  task_id: gsane_search_memory
  duration_ms: 0
  trust_score: null
  details: "query=FM- scope=failures"
- timestamp: 2026-04-11T00:18:43.462269
  session_id: mcp
  event: tool_invoked
  agent: mcp
  task_id: gsane_search_memory
  duration_ms: 0
  trust_score: null
  details: "query=DL- scope=decisions"
- timestamp: 2026-04-11T00:18:43.475055
  session_id: mcp
  event: tool_invoked
  agent: mcp
  task_id: gsane_search_memory
  duration_ms: 0
  trust_score: null
  details: "query=Session scope=sessions"
- timestamp: 2026-04-11T00:18:43.487972
  session_id: mcp
  event: tool_invoked
  agent: mcp
  task_id: gsane_search_memory
  duration_ms: 0
  trust_score: null
  details: "query=a scope=all"
- timestamp: 2026-04-11T00:18:43.501218
  session_id: mcp
  event: tool_invoked
  agent: mcp
  task_id: gsane_emit_event
  duration_ms: 0
  trust_score: null
  details: "type=qa_gate_passed agent=Quinn"
- timestamp: 2026-04-11T00:18:43.502182
  session_id: mcp
  event: qa_gate_passed
  agent: Quinn
  task_id: custom_event
  duration_ms: 0
  trust_score: null
  details: "{\"tests\": 155}"
- timestamp: 2026-04-11T00:18:43.503605
  session_id: mcp
  event: tool_invoked
  agent: mcp
  task_id: gsane_emit_event
  duration_ms: 0
  trust_score: null
  details: "type=custom_weird_event agent=TestAgent"
- timestamp: 2026-04-11T00:18:43.504413
  session_id: mcp
  event: custom_weird_event
  agent: TestAgent
  task_id: custom_event
  duration_ms: 0
  trust_score: null
  details: "{\"foo\": \"bar\"}"
- timestamp: 2026-04-11T00:18:43.505824
  session_id: mcp
  event: tool_invoked
  agent: mcp
  task_id: gsane_emit_event
  duration_ms: 0
  trust_score: null
  details: "type=session_milestone agent=Langis"
- timestamp: 2026-04-11T00:18:43.506626
  session_id: mcp
  event: session_milestone
  agent: Langis
  task_id: P5-C-test
  duration_ms: 0
  trust_score: null
  details: "{\"milestone\": \"P5-test\"}"
- timestamp: 2026-04-11T00:18:44.311801
  session_id: mcp
  event: tool_invoked
  agent: mcp
  task_id: gsane_emit_event
  duration_ms: 0
  trust_score: null
  details: "type=delivery_contract_created agent=Langis"
- timestamp: 2026-04-11T00:18:44.312707
  session_id: mcp
  event: delivery_contract_created
  agent: Langis
  task_id: DC-TEST-001
  duration_ms: 0
  trust_score: null
  details: "{}"
- timestamp: 2026-04-11T00:18:44.314125
  session_id: mcp
  event: tool_invoked
  agent: mcp
  task_id: gsane_emit_event
  duration_ms: 0
  trust_score: null
  details: "type=qa_gate_passed agent=Quinn"
- timestamp: 2026-04-11T00:18:44.315039
  session_id: mcp
  event: qa_gate_passed
  agent: Quinn
  task_id: custom_event
  duration_ms: 0
  trust_score: null
  details: "{}"
- timestamp: 2026-04-11T00:18:44.316464
  session_id: mcp
  event: tool_invoked
  agent: mcp
  task_id: gsane_emit_event
  duration_ms: 0
  trust_score: null
  details: "type=delivery_contract_created agent=TestAgent"
- timestamp: 2026-04-11T00:18:44.317284
  session_id: mcp
  event: delivery_contract_created
  agent: TestAgent
  task_id: custom_event
  duration_ms: 0
  trust_score: null
  details: "{\"test\": true}"
- timestamp: 2026-04-11T00:18:44.318108
  session_id: mcp
  event: tool_invoked
  agent: mcp
  task_id: gsane_emit_event
  duration_ms: 0
  trust_score: null
  details: "type=delivery_contract_approved agent=TestAgent"
- timestamp: 2026-04-11T00:18:44.318890
  session_id: mcp
  event: delivery_contract_approved
  agent: TestAgent
  task_id: custom_event
  duration_ms: 0
  trust_score: null
  details: "{\"test\": true}"
- timestamp: 2026-04-11T00:18:44.319647
  session_id: mcp
  event: tool_invoked
  agent: mcp
  task_id: gsane_emit_event
  duration_ms: 0
  trust_score: null
  details: "type=qa_gate_passed agent=TestAgent"
- timestamp: 2026-04-11T00:18:44.320462
  session_id: mcp
  event: qa_gate_passed
  agent: TestAgent
  task_id: custom_event
  duration_ms: 0
  trust_score: null
  details: "{\"test\": true}"
- timestamp: 2026-04-11T00:18:44.321220
  session_id: mcp
  event: tool_invoked
  agent: mcp
  task_id: gsane_emit_event
  duration_ms: 0
  trust_score: null
  details: "type=qa_gate_failed agent=TestAgent"
- timestamp: 2026-04-11T00:18:44.322095
  session_id: mcp
  event: qa_gate_failed
  agent: TestAgent
  task_id: custom_event
  duration_ms: 0
  trust_score: null
  details: "{\"test\": true}"
- timestamp: 2026-04-11T00:18:44.323009
  session_id: mcp
  event: tool_invoked
  agent: mcp
  task_id: gsane_emit_event
  duration_ms: 0
  trust_score: null
  details: "type=handoff_initiated agent=TestAgent"
- timestamp: 2026-04-11T00:18:44.323876
  session_id: mcp
  event: handoff_initiated
  agent: TestAgent
  task_id: custom_event
  duration_ms: 0
  trust_score: null
  details: "{\"test\": true}"
- timestamp: 2026-04-11T00:18:44.324621
  session_id: mcp
  event: tool_invoked
  agent: mcp
  task_id: gsane_emit_event
  duration_ms: 0
  trust_score: null
  details: "type=session_milestone agent=TestAgent"
- timestamp: 2026-04-11T00:18:44.325435
  session_id: mcp
  event: session_milestone
  agent: TestAgent
  task_id: custom_event
  duration_ms: 0
  trust_score: null
  details: "{\"test\": true}"
- timestamp: 2026-04-11T00:18:44.326148
  session_id: mcp
  event: tool_invoked
  agent: mcp
  task_id: gsane_emit_event
  duration_ms: 0
  trust_score: null
  details: "type=challenge_issued agent=TestAgent"
- timestamp: 2026-04-11T00:18:44.326963
  session_id: mcp
  event: challenge_issued
  agent: TestAgent
  task_id: custom_event
  duration_ms: 0
  trust_score: null
  details: "{\"test\": true}"
- timestamp: 2026-04-11T00:18:44.327679
  session_id: mcp
  event: tool_invoked
  agent: mcp
  task_id: gsane_emit_event
  duration_ms: 0
  trust_score: null
  details: "type=challenge_resolved agent=TestAgent"
- timestamp: 2026-04-11T00:18:44.328495
  session_id: mcp
  event: challenge_resolved
  agent: TestAgent
  task_id: custom_event
  duration_ms: 0
  trust_score: null
  details: "{\"test\": true}"
- timestamp: 2026-04-11T00:18:44.329216
  session_id: mcp
  event: tool_invoked
  agent: mcp
  task_id: gsane_emit_event
  duration_ms: 0
  trust_score: null
  details: "type=challenge_overruled agent=TestAgent"
- timestamp: 2026-04-11T00:18:44.330079
  session_id: mcp
  event: challenge_overruled
  agent: TestAgent
  task_id: custom_event
  duration_ms: 0
  trust_score: null
  details: "{\"test\": true}"
- timestamp: 2026-04-11T00:18:44.330811
  session_id: mcp
  event: tool_invoked
  agent: mcp
  task_id: gsane_emit_event
  duration_ms: 0
  trust_score: null
  details: "type=challenge_accepted agent=TestAgent"
- timestamp: 2026-04-11T00:18:44.331623
  session_id: mcp
  event: challenge_accepted
  agent: TestAgent
  task_id: custom_event
  duration_ms: 0
  trust_score: null
  details: "{\"test\": true}"
- timestamp: 2026-04-11T00:18:44.396184
  session_id: mcp
  event: tool_invoked
  agent: mcp
  task_id: gsane_route
  duration_ms: 0
  trust_score: null
  details: "query=implement a new feature"
- timestamp: 2026-04-11T00:18:44.447743
  session_id: mcp
  event: tool_invoked
  agent: mcp
  task_id: gsane_fetch_compressed_memory
  duration_ms: 0
  trust_score: null
  details: "query=master"
- timestamp: 2026-04-11T00:18:44.464768
  session_id: mcp
  event: tool_invoked
  agent: mcp
  task_id: gsane_read_checkpoint
  duration_ms: 0
  trust_score: null
  details: "warm session read"
- timestamp: 2026-04-11T00:19:02.418497
  session_id: mcp
  event: tool_invoked
  agent: mcp
  task_id: gsane_read_canonical_brief
  duration_ms: 0
  trust_score: null
  details: "canonical human brief"
- timestamp: 2026-04-11T00:19:02.426362
  session_id: mcp
  event: tool_invoked
  agent: mcp
  task_id: gsane_read_active_delivery_contract
  duration_ms: 0
  trust_score: null
  details: "active delivery contract"
- timestamp: 2026-04-11T00:19:02.433648
  session_id: mcp
  event: tool_invoked
  agent: mcp
  task_id: gsane_read_project_snapshot
  duration_ms: 0
  trust_score: null
  details: "canonical project snapshot"
- timestamp: 2026-04-11T00:19:02.461440
  session_id: mcp
  event: tool_invoked
  agent: mcp
  task_id: gsane_fetch_compressed_memory
  duration_ms: 0
  trust_score: null
  details: "query=master"
- timestamp: 2026-04-11T00:19:02.474484
  session_id: mcp
  event: tool_invoked
  agent: mcp
  task_id: gsane_fetch_compressed_memory
  duration_ms: 0
  trust_score: null
  details: "query=xyzzy_query_that_does_not_exist_12345"
- timestamp: 2026-04-11T00:19:02.487485
  session_id: mcp
  event: tool_invoked
  agent: mcp
  task_id: gsane_fetch_compressed_memory
  duration_ms: 0
  trust_score: null
  details: "query=agent"
- timestamp: 2026-04-11T00:19:02.501207
  session_id: mcp
  event: tool_invoked
  agent: mcp
  task_id: gsane_write_session_checkpoint
  duration_ms: 0
  trust_score: null
  details: "exchange=999"
- timestamp: 2026-04-11T00:19:02.504130
  session_id: mcp
  event: tool_invoked
  agent: mcp
  task_id: gsane_write_session_checkpoint
  duration_ms: 0
  trust_score: null
  details: "exchange=998"
- timestamp: 2026-04-11T00:19:02.506393
  session_id: mcp
  event: tool_invoked
  agent: mcp
  task_id: gsane_read_checkpoint
  duration_ms: 0
  trust_score: null
  details: "warm session read"
- timestamp: 2026-04-11T00:19:02.508641
  session_id: mcp
  event: tool_invoked
  agent: mcp
  task_id: gsane_read_checkpoint
  duration_ms: 0
  trust_score: null
  details: "warm session read"
- timestamp: 2026-04-11T00:19:02.511009
  session_id: mcp
  event: tool_invoked
  agent: mcp
  task_id: gsane_route
  duration_ms: 0
  trust_score: null
  details: "query=implement a new feature"
- timestamp: 2026-04-11T00:19:02.531443
  session_id: mcp
  event: tool_invoked
  agent: mcp
  task_id: gsane_route
  duration_ms: 0
  trust_score: null
  details: "query=design a scalable architecture for the API"
- timestamp: 2026-04-11T00:19:02.551869
  session_id: mcp
  event: tool_invoked
  agent: mcp
  task_id: gsane_route
  duration_ms: 0
  trust_score: null
  details: "query=implement this with test-driven development"
- timestamp: 2026-04-11T00:19:02.572585
  session_id: mcp
  event: tool_invoked
  agent: mcp
  task_id: gsane_route
  duration_ms: 0
  trust_score: null
  details: "query=security hardening for auth tokens and filesystem access"
- timestamp: 2026-04-11T00:19:02.582148
  session_id: mcp
  event: tool_invoked
  agent: mcp
  task_id: gsane_route
  duration_ms: 0
  trust_score: null
  details: "query=security review for GSANE MCP sandbox guardrail policy"
- timestamp: 2026-04-11T00:19:02.595226
  session_id: mcp
  event: tool_invoked
  agent: mcp
  task_id: gsane_route
  duration_ms: 0
  trust_score: null
  details: "query=test query"
- timestamp: 2026-04-11T00:19:02.596837
  session_id: mcp
  event: tool_invoked
  agent: mcp
  task_id: gsane_route
  duration_ms: 0
  trust_score: null
  details: "query=test my architecture idea"
- timestamp: 2026-04-11T00:19:02.618084
  session_id: mcp
  event: tool_invoked
  agent: mcp
  task_id: gsane_route
  duration_ms: 0
  trust_score: null
  details: "query=code architecture is broken"
- timestamp: 2026-04-11T00:19:02.638494
  session_id: mcp
  event: tool_invoked
  agent: mcp
  task_id: gsane_route
  duration_ms: 0
  trust_score: null
  details: "query=bonjour, help me"
- timestamp: 2026-04-11T00:19:02.659482
  session_id: mcp
  event: tool_invoked
  agent: mcp
  task_id: gsane_route
  duration_ms: 0
  trust_score: null
  details: "query=implement a new feature"
- timestamp: 2026-04-11T00:19:02.680454
  session_id: mcp
  event: tool_invoked
  agent: mcp
  task_id: gsane_trace_report
  duration_ms: 0
  trust_score: null
  details: ""
- timestamp: 2026-04-11T00:19:03.484712
  session_id: mcp
  event: tool_invoked
  agent: mcp
  task_id: gsane_memory_fetch
  duration_ms: 0
  trust_score: null
  details: "agent=master topic="
- timestamp: 2026-04-11T00:19:03.494713
  session_id: mcp
  event: tool_invoked
  agent: mcp
  task_id: gsane_memory_fetch
  duration_ms: 0
  trust_score: null
  details: "agent=agent_xyz_unknown_12345 topic="
- timestamp: 2026-04-11T00:19:03.505331
  session_id: mcp
  event: tool_invoked
  agent: mcp
  task_id: gsane_memory_fetch
  duration_ms: 0
  trust_score: null
  details: "agent=master topic=leçon"
- timestamp: 2026-04-11T00:19:03.515362
  session_id: mcp
  event: tool_invoked
  agent: mcp
  task_id: gsane_memory_fetch
  duration_ms: 0
  trust_score: null
  details: "agent=..\\master topic="
- timestamp: 2026-04-11T00:19:04.350890
  session_id: mcp
  event: tool_invoked
  agent: mcp
  task_id: gsane_search_memory
  duration_ms: 0
  trust_score: null
  details: "query=agent scope=all"
- timestamp: 2026-04-11T00:19:04.364405
  session_id: mcp
  event: tool_invoked
  agent: mcp
  task_id: gsane_search_memory
  duration_ms: 0
  trust_score: null
  details: "query=xyz_inexistant_99999 scope=all"
- timestamp: 2026-04-11T00:19:04.377882
  session_id: mcp
  event: tool_invoked
  agent: mcp
  task_id: gsane_search_memory
  duration_ms: 0
  trust_score: null
  details: "query=FM- scope=failures"
- timestamp: 2026-04-11T00:19:04.391182
  session_id: mcp
  event: tool_invoked
  agent: mcp
  task_id: gsane_search_memory
  duration_ms: 0
  trust_score: null
  details: "query=DL- scope=decisions"
- timestamp: 2026-04-11T00:19:04.404873
  session_id: mcp
  event: tool_invoked
  agent: mcp
  task_id: gsane_search_memory
  duration_ms: 0
  trust_score: null
  details: "query=Session scope=sessions"
- timestamp: 2026-04-11T00:19:04.417924
  session_id: mcp
  event: tool_invoked
  agent: mcp
  task_id: gsane_search_memory
  duration_ms: 0
  trust_score: null
  details: "query=a scope=all"
- timestamp: 2026-04-11T00:19:04.430924
  session_id: mcp
  event: tool_invoked
  agent: mcp
  task_id: gsane_emit_event
  duration_ms: 0
  trust_score: null
  details: "type=qa_gate_passed agent=Quinn"
- timestamp: 2026-04-11T00:19:04.431742
  session_id: mcp
  event: qa_gate_passed
  agent: Quinn
  task_id: custom_event
  duration_ms: 0
  trust_score: null
  details: "{\"tests\": 155}"
- timestamp: 2026-04-11T00:19:04.433144
  session_id: mcp
  event: tool_invoked
  agent: mcp
  task_id: gsane_emit_event
  duration_ms: 0
  trust_score: null
  details: "type=custom_weird_event agent=TestAgent"
- timestamp: 2026-04-11T00:19:04.434181
  session_id: mcp
  event: custom_weird_event
  agent: TestAgent
  task_id: custom_event
  duration_ms: 0
  trust_score: null
  details: "{\"foo\": \"bar\"}"
- timestamp: 2026-04-11T00:19:04.435709
  session_id: mcp
  event: tool_invoked
  agent: mcp
  task_id: gsane_emit_event
  duration_ms: 0
  trust_score: null
  details: "type=session_milestone agent=Langis"
- timestamp: 2026-04-11T00:19:04.436529
  session_id: mcp
  event: session_milestone
  agent: Langis
  task_id: P5-C-test
  duration_ms: 0
  trust_score: null
  details: "{\"milestone\": \"P5-test\"}"
- timestamp: 2026-04-11T00:19:05.238302
  session_id: mcp
  event: tool_invoked
  agent: mcp
  task_id: gsane_emit_event
  duration_ms: 0
  trust_score: null
  details: "type=delivery_contract_created agent=Langis"
- timestamp: 2026-04-11T00:19:05.239247
  session_id: mcp
  event: delivery_contract_created
  agent: Langis
  task_id: DC-TEST-001
  duration_ms: 0
  trust_score: null
  details: "{}"
- timestamp: 2026-04-11T00:19:05.240647
  session_id: mcp
  event: tool_invoked
  agent: mcp
  task_id: gsane_emit_event
  duration_ms: 0
  trust_score: null
  details: "type=qa_gate_passed agent=Quinn"
- timestamp: 2026-04-11T00:19:05.241461
  session_id: mcp
  event: qa_gate_passed
  agent: Quinn
  task_id: custom_event
  duration_ms: 0
  trust_score: null
  details: "{}"
- timestamp: 2026-04-11T00:19:05.242890
  session_id: mcp
  event: tool_invoked
  agent: mcp
  task_id: gsane_emit_event
  duration_ms: 0
  trust_score: null
  details: "type=delivery_contract_created agent=TestAgent"
- timestamp: 2026-04-11T00:19:05.243725
  session_id: mcp
  event: delivery_contract_created
  agent: TestAgent
  task_id: custom_event
  duration_ms: 0
  trust_score: null
  details: "{\"test\": true}"
- timestamp: 2026-04-11T00:19:05.244435
  session_id: mcp
  event: tool_invoked
  agent: mcp
  task_id: gsane_emit_event
  duration_ms: 0
  trust_score: null
  details: "type=delivery_contract_approved agent=TestAgent"
- timestamp: 2026-04-11T00:19:05.245227
  session_id: mcp
  event: delivery_contract_approved
  agent: TestAgent
  task_id: custom_event
  duration_ms: 0
  trust_score: null
  details: "{\"test\": true}"
- timestamp: 2026-04-11T00:19:05.245977
  session_id: mcp
  event: tool_invoked
  agent: mcp
  task_id: gsane_emit_event
  duration_ms: 0
  trust_score: null
  details: "type=qa_gate_passed agent=TestAgent"
- timestamp: 2026-04-11T00:19:05.246797
  session_id: mcp
  event: qa_gate_passed
  agent: TestAgent
  task_id: custom_event
  duration_ms: 0
  trust_score: null
  details: "{\"test\": true}"
- timestamp: 2026-04-11T00:19:05.247502
  session_id: mcp
  event: tool_invoked
  agent: mcp
  task_id: gsane_emit_event
  duration_ms: 0
  trust_score: null
  details: "type=qa_gate_failed agent=TestAgent"
- timestamp: 2026-04-11T00:19:05.248300
  session_id: mcp
  event: qa_gate_failed
  agent: TestAgent
  task_id: custom_event
  duration_ms: 0
  trust_score: null
  details: "{\"test\": true}"
- timestamp: 2026-04-11T00:19:05.249007
  session_id: mcp
  event: tool_invoked
  agent: mcp
  task_id: gsane_emit_event
  duration_ms: 0
  trust_score: null
  details: "type=handoff_initiated agent=TestAgent"
- timestamp: 2026-04-11T00:19:05.249832
  session_id: mcp
  event: handoff_initiated
  agent: TestAgent
  task_id: custom_event
  duration_ms: 0
  trust_score: null
  details: "{\"test\": true}"
- timestamp: 2026-04-11T00:19:05.250556
  session_id: mcp
  event: tool_invoked
  agent: mcp
  task_id: gsane_emit_event
  duration_ms: 0
  trust_score: null
  details: "type=session_milestone agent=TestAgent"
- timestamp: 2026-04-11T00:19:05.251415
  session_id: mcp
  event: session_milestone
  agent: TestAgent
  task_id: custom_event
  duration_ms: 0
  trust_score: null
  details: "{\"test\": true}"
- timestamp: 2026-04-11T00:19:05.252133
  session_id: mcp
  event: tool_invoked
  agent: mcp
  task_id: gsane_emit_event
  duration_ms: 0
  trust_score: null
  details: "type=challenge_issued agent=TestAgent"
- timestamp: 2026-04-11T00:19:05.252923
  session_id: mcp
  event: challenge_issued
  agent: TestAgent
  task_id: custom_event
  duration_ms: 0
  trust_score: null
  details: "{\"test\": true}"
- timestamp: 2026-04-11T00:19:05.253611
  session_id: mcp
  event: tool_invoked
  agent: mcp
  task_id: gsane_emit_event
  duration_ms: 0
  trust_score: null
  details: "type=challenge_resolved agent=TestAgent"
- timestamp: 2026-04-11T00:19:05.254485
  session_id: mcp
  event: challenge_resolved
  agent: TestAgent
  task_id: custom_event
  duration_ms: 0
  trust_score: null
  details: "{\"test\": true}"
- timestamp: 2026-04-11T00:19:05.255222
  session_id: mcp
  event: tool_invoked
  agent: mcp
  task_id: gsane_emit_event
  duration_ms: 0
  trust_score: null
  details: "type=challenge_overruled agent=TestAgent"
- timestamp: 2026-04-11T00:19:05.256033
  session_id: mcp
  event: challenge_overruled
  agent: TestAgent
  task_id: custom_event
  duration_ms: 0
  trust_score: null
  details: "{\"test\": true}"
- timestamp: 2026-04-11T00:19:05.256733
  session_id: mcp
  event: tool_invoked
  agent: mcp
  task_id: gsane_emit_event
  duration_ms: 0
  trust_score: null
  details: "type=challenge_accepted agent=TestAgent"
- timestamp: 2026-04-11T00:19:05.257547
  session_id: mcp
  event: challenge_accepted
  agent: TestAgent
  task_id: custom_event
  duration_ms: 0
  trust_score: null
  details: "{\"test\": true}"
- timestamp: 2026-04-11T00:19:05.321781
  session_id: mcp
  event: tool_invoked
  agent: mcp
  task_id: gsane_route
  duration_ms: 0
  trust_score: null
  details: "query=implement a new feature"
- timestamp: 2026-04-11T00:19:05.372794
  session_id: mcp
  event: tool_invoked
  agent: mcp
  task_id: gsane_fetch_compressed_memory
  duration_ms: 0
  trust_score: null
  details: "query=master"
- timestamp: 2026-04-11T00:19:05.390576
  session_id: mcp
  event: tool_invoked
  agent: mcp
  task_id: gsane_read_checkpoint
  duration_ms: 0
  trust_score: null
  details: "warm session read"
